Site,Latitude,Longitude,Date,Air Temperature (C°),Air Temperature Uncertainty (C°),Wind Direction at 3m (°N),Wind Direction at 3m Uncertainty (°N),Wind Speed at 3m (m/s),Wind Speed at 3m Uncertainty (m/s),Wind Speed at 3m (std dev) (m/s),Wind Speed at 3m (std dev) Uncertainty (m/s),DHI (Wh/m2),DHI Uncertainty (Wh/m2),Standard Deviation DHI (Wh/m2),DNI (Wh/m2),DNI Uncertainty (Wh/m2),Standard Deviation DNI (Wh/m2),GHI (Wh/m2),GHI Uncertainty (Wh/m2),Standard Deviation GHI (Wh/m2),Peak Wind Speed at 3m (m/s),Peak Wind Speed at 3m Uncertainty (m/s),Relative Humidity (%),Relative Humidity Uncertainty (%),Barometric Pressure (mB (hPa equiv)),Barometric Pressure Uncertainty (mB (hPa equiv))
Al Dhahran - KFUPM,26.30355,50.14412,1/1/2017 0:00,17.2,0.5,276,4,1.8,0,1.2,,1555.3,422.8,460.4,3773,1022,1786.3,3555.2,784.6,587,10.9,0.1,67.5,3,1010.7,5.1
Al Dhahran - KFUPM,26.30355,50.14412,1/2/2017 0:00,15.8,0.5,292,4,2,0,1.2,,1718,484.2,516.8,3219.2,1301.1,2512.6,3690.5,1058.7,1510.8,12,0.1,65,3,1011.7,5.1
Al Dhahran - KFUPM,26.30355,50.14412,1/3/2017 0:00,21.4,0.5,36,4,1.6,0,1.2,,2312.3,667,793.9,2650.6,1264.6,2288.5,4160.6,1143.3,1623.4,13.9,0.1,63.5,3,1006.1,5
Al Dhahran - KFUPM,26.30355,50.14412,1/4/2017 0:00,28.5,0.5,346,4,2.2,0,1,,2751.2,697.3,828,4626,1678.7,2200.5,6185.7,1404.2,773.6,12.8,0.1,42.2,3,1003.5,5
Al Dhahran - KFUPM,26.30355,50.14412,1/5/2017 0:00,34.1,0.5,332,4,2.2,0,1,,2953.9,224.8,666.3,4460.6,389.9,1542.5,6441.2,402.6,611.2,13.9,0.1,32.7,3,999.1,5
Al Dhahran - KFUPM,26.30355,50.14412,1/6/2017 0:00,36.5,0.5,311,4,2.3,0,1,,1893,620.6,544.3,7104.6,1691.5,1158.1,7197.4,1449.5,215.5,12.8,0.1,25.8,3,993.4,5
Al Dhahran - KFUPM,26.30355,50.14412,1/9/2017 0:00,34.4,0.5,50,4,1.4,0,1,,2000.7,159.9,377,5471.4,457.1,974.8,5932.9,442.7,376.4,7.2,0,58.9,3,997.7,5
Al Dhahran - KFUPM,26.30355,50.14412,1/10/2017 0:00,30.7,0.5,321,4,1.4,0,1,,1640.5,129.3,359.8,5360.6,368.4,808.9,5098.4,320.5,298.6,8.8,0,57.9,3,1003.4,5
Al Dhahran - KFUPM,26.30355,50.14412,1/11/2017 0:00,24.8,0.5,285,4,1.4,0,1,,1532.9,141.5,493.9,4097.3,357.2,1873.8,3809,277.9,830.9,8.3,0,60.8,3,1008.5,5.1
Al Dhahran - KFUPM,26.30355,50.14412,1/12/2017 0:00,18.4,0.5,273,4,1.9,0,1.3,,1158.9,119.6,379.2,5336.6,536.1,1412.5,3810.2,365.7,317.3,10.1,0.1,56.7,3,1012.5,5.1
Al Dhahran - KFUPM,26.30355,50.14412,1/3/2018 0:00,25.1,0.5,348,4,1.8,0,1,,2337.3,208.3,785.7,5403.5,440.7,1936.1,6090.6,395.7,662.7,10.7,0.1,42,3,1005.6,5
Al Dhahran - KFUPM,26.30355,50.14412,1/4/2018 0:00,27.4,0.5,15,4,2.1,0,1.1,,3215.2,239.5,783.8,2999,457.4,2330.6,5518.1,433.6,1416.3,12.8,0.1,44.8,3,1002.6,5
Al Dhahran - KFUPM,26.30355,50.14412,1/5/2018 0:00,32.7,0.5,25,4,1.8,0,1.2,,3459.5,271.4,844.6,4251.6,452,2108.3,6756.9,447.2,883.4,13.6,0.1,34.6,3,999.6,5
Al Dhahran - KFUPM,26.30355,50.14412,1/6/2018 0:00,37.6,0.5,309,4,2.3,0,1,,2660,201.4,516.6,6458.8,481.8,1076.8,7695.9,489.2,241.1,13.1,0.1,26.5,3,992.6,5
Al Dhahran - KFUPM,26.30355,50.14412,1/7/2018 0:00,38.1,0.5,312,4,2.1,0,1.1,,2822,222.4,656.3,5758.1,444.7,1348.1,7303.7,513.6,320.3,10.9,0.1,30.4,3,989.4,5
Al Dhahran - KFUPM,26.30355,50.14412,1/8/2018 0:00,37.4,0.5,316,4,2,0,1.1,,2336.5,188.3,540.3,6207.6,471.4,1326.8,7003.3,440.2,405.7,12,0.1,33,3,991.5,5
Al Dhahran - KFUPM,26.30355,50.14412,1/9/2018 0:00,35.3,0.5,55,4,1.4,0,1,,2182,150.6,348.8,5226.8,414.3,929.5,5998.5,387.5,403.3,7.5,0,57.1,3,997.6,5
Al Dhahran - KFUPM,26.30355,50.14412,1/10/2018 0:00,30.7,0.5,30,3.7,1.5,0,1,,2069.9,161.6,311.1,4035.2,334.5,1279.9,4738.8,334.1,700.2,13.1,0,60.6,3,1005.2,5
Al Dhahran - KFUPM,26.30355,50.14412,1/11/2018 0:00,24.3,0.5,344,3.7,1.7,0,1.2,,1717.6,138.4,496.3,3235.4,382.3,1934,3505.6,259.6,990.3,10.4,0.1,69.9,3,1009,5
Al Dhahran - KFUPM,26.30355,50.14412,1/12/2018 0:00,20.7,0.5,0,0,0,0,0,,1605,119.8,373.8,4011.3,349.9,1439.9,3640.3,236.3,364.3,0,0,70.3,3,1011.4,5
Al Dhahran - KFUPM,26.30355,50.14412,1/1/2019 0:00,19.2,0.5,0,0,0,0,0,,1869.8,167.2,585.6,3402.5,371.3,1817,3714.1,249.1,509.1,0,0,63,3,1011.3,5.1
Al Dhahran - KFUPM,26.30355,50.14412,1/2/2019 0:00,18.9,0.5,0,0,0,0,0,,1766.8,154.2,616.5,3934.5,427.3,2642,4141.7,312.5,1157.7,0,0,65.3,3,1010,5.1
Al Dhahran - KFUPM,26.30355,50.14412,1/3/2019 0:00,21.3,0.5,0,0,0,0,0,,2258.4,203.4,918.7,4705.8,460.4,2661.3,5494.2,378.5,1095,0,0,55.3,3,1006.7,5.1
Al Dhahran - KFUPM,26.30355,50.14412,1/4/2019 0:00,26.6,0.5,252,0,0,0,0,,2842.8,613.1,694.9,3948.8,1154,2394.7,5799,1216,1357.5,0.5,0,46.2,3,1003.7,5
Al Dhahran - KFUPM,26.30355,50.14412,1/5/2019 0:00,33.7,0.5,0,0,0,0,0,,2927.1,755.6,762.4,4609.5,1355.8,2053.2,6486.3,1394.9,841.1,0,0,32.9,3,999.9,5
Al Dhahran - KFUPM,26.30355,50.14412,1/6/2019 0:00,38.4,0.5,0,0,0,0,0,,2113.4,507.1,364.4,6634.7,1576.2,748.9,7163,1447.5,174.4,0,0,26.6,3,993.7,5
Al Dhahran - KFUPM,26.30355,50.14412,1/7/2019 0:00,37.8,0.5,0,0,0,0,0,,2237.7,265.2,507.2,6634.9,740.8,1146.5,7331.7,792.3,336.6,0,0,32.7,3,990.1,5
Al Dhahran - KFUPM,26.30355,50.14412,1/8/2019 0:00,37.5,0.5,0,0,0,0,0,,2277.7,186.2,579.4,6200.9,440.9,1175.5,6917.7,432,318.9,0,0,39.2,3,991.8,5
Al Dhahran - KFUPM,26.30355,50.14412,1/10/2019 0:00,32.3,0.5,0,0,0,0,0,,1885.6,138.5,285.6,4587.5,316.6,714.7,4902,340.1,344.1,0,0,61.1,3,1003.2,5
Al Dhahran - KFUPM,26.30355,50.14412,1/11/2019 0:00,24.6,0.5,0,0,0,0,0,,1557.1,129.4,355.3,4038.6,366.4,1676.1,3802.9,268.5,774.6,0,0,57.4,3.1,1008.7,5.2
Al Dhahran - KFUPM,26.30355,50.14412,1/12/2019 0:00,20.3,0.5,267,0,0,0,0.1,,1309.2,105,309.8,4063.3,368,2044.6,3380.7,244.5,874.3,0.5,0,69.5,3,1010.4,5.1
Al Dhahran - KFUPM,26.30355,50.14412,1/1/2020 0:00,17.3,0.5,285,4,0.4,0,1,,1189.9,371.1,423.9,4731.9,1324.7,2168.8,3705,862,1020.1,10.9,0,65.3,3,1010.9,5.1
Al Dhahran - KFUPM,26.30355,50.14412,1/2/2020 0:00,19.2,0.5,326,4,2.1,0,1,,1774.6,548.9,652.2,4549.5,1397.4,1982.9,4564.7,1035.5,612.6,10.4,0.1,59,3,1010.6,5
Al Dhahran - KFUPM,26.30355,50.14412,1/3/2020 0:00,22.7,0.5,64,4,2.2,0,1.1,,2344.4,634.2,810.2,4205.4,1402.3,2191.9,5272.8,1182.9,952.2,12.5,0.1,57.5,3,1005.4,5
Al Dhahran - KFUPM,26.30355,50.14412,1/4/2020 0:00,27.5,0.6,93,4.7,2.2,0.1,1,,2802.5,873.7,643.6,3393.9,1735.7,2317.5,5364.5,1650.2,1472.3,12.3,0.1,51.5,3.5,1003.1,5.9
Al Dhahran - KFUPM,26.30355,50.14412,1/5/2020 0:00,32.6,0.5,345,4,2,0,1,,2665.9,227.7,936.1,5732,477.2,2328.6,7000.4,439.7,836.9,10.7,0.1,35.9,3,999.9,5
Al Dhahran - KFUPM,26.30355,50.14412,1/9/2020 0:00,35.3,0.5,52,3.7,1.5,0,1,,1785,163.3,234.1,5939.9,694.5,640.3,6075.9,1761.2,296.4,8.8,0,51.7,3,997.2,5
Al Dhahran - KFUPM,26.30355,50.14412,1/10/2020 0:00,29.8,0.5,335,3.7,1.5,0,0.9,,1278.3,138.1,268.8,6355.5,530.8,732.1,5253.3,410.7,334.1,8,0,59.2,3,1004.2,5
Al Dhahran - KFUPM,26.30355,50.14412,1/11/2020 0:00,25.6,0.5,201,4,1.6,0,1,,1406.7,403.5,359.6,4882.3,1298.7,1773.3,4139.8,888.9,842.7,9.9,0,65.5,3,1008.5,5
Al Dhahran - KFUPM,26.30355,50.14412,1/12/2020 0:00,19.9,0.5,292,4,2,0,1,,1470.4,387.9,363.9,4221.3,1148.5,1632.5,3623.2,781.7,530.1,9.3,0.1,68.3,3,1011.4,5.1
Al Dhahran - KFUPM,26.30355,50.14412,1/1/2021 0:00,18.5,0.5,298,4,1.9,0,1,,1536.3,417.8,469.1,4773.8,1333.3,1664.1,4101.8,881.7,502.3,10.1,0.1,62.8,3,1011.3,5.1
Al Dhahran - KFUPM,26.30355,50.14412,1/2/2021 0:00,19.7,0.5,317,4,2.1,0,0.8,,1666.3,529.1,573.8,4831.7,1460.5,2468.9,4581.9,1114.6,1021.4,9.3,0.1,65,3,1009.2,5.1
Al Dhahran - KFUPM,26.30355,50.14412,1/3/2021 0:00,,,,,,,,,,,,,,,,,,,,,,,
Al Dhahran - KFUPM,26.30355,50.14412,1/10/2021 0:00,31.1,0.5,336,4,1.7,0,1,,1623.6,175.1,332.6,5570.4,427.8,979.1,5254.1,379.6,384.7,10.7,0,59.5,3.3,1002.8,5.4
Al Dhahran - KFUPM,26.30355,50.14412,1/11/2021 0:00,25.5,0.5,291,4,1.7,0,1,,1414.9,115.5,336.2,5161.5,385.5,1198.2,4294,282.6,425,8.5,0,60.6,3,1007,5
Al Dhahran - KFUPM,26.30355,50.14412,1/12/2021 0:00,20.4,0.5,267,4,1.9,0,1.1,,1507.2,123.2,443.1,3965.8,358.3,1874,3558.8,241.5,731.6,8.8,0.1,66.6,3,1010.5,5.1
Jeddah - KAU,21.49604,39.24492,1/1/2017 0:00,25.6,0.5,329,4,3.4,0.1,1.8,,1566.2,404.5,325.6,4609.3,1027.2,1145.1,4179.9,832.1,326,15.2,0.1,80,3,1007.6,5
Jeddah - KAU,21.49604,39.24492,1/2/2017 0:00,24.8,0.5,337,4,4.4,0.1,2.3,,2134.6,535.3,522.7,2999.4,1272.9,2106.7,4052.3,1043.5,1106.4,19.7,0.1,63.8,3,1007.1,5
Jeddah - KAU,21.49604,39.24492,1/3/2017 0:00,26.8,0.5,323,4,4.1,0.1,2.2,,2542.8,705.5,716.2,3507.3,1099,1893.9,5072.3,1122.5,736.4,15.7,0.1,72.5,3,1003.5,5
Jeddah - KAU,21.49604,39.24492,1/4/2017 0:00,30.9,0.5,322,4,4.2,0.1,2.3,,2830.8,711.2,557,3692.8,1095.2,1113.2,5700.8,1208.2,475,17.6,0.1,60.5,3,1002.2,5
Jeddah - KAU,21.49604,39.24492,1/5/2017 0:00,33.5,0.5,320,4,4.2,0.1,2.4,,2791.6,650.6,405.7,4368,1101.9,1053.2,6236,1298.3,467.1,18.4,0.1,55.1,3,1000.6,5
Jeddah - KAU,21.49604,39.24492,1/6/2017 0:00,33.7,0.5,318,4,3.9,0.1,2,,2515.2,684.7,557.3,5244.5,1482.8,1385.5,6628,1433.3,337,17.6,0.1,65,3,996.9,5
Jeddah - KAU,21.49604,39.24492,1/9/2017 0:00,33.9,0.5,317,3.7,3.6,0.1,1.8,,2723.3,214.7,411,4310,340.1,942.6,5981.7,424.6,332.7,14.4,0.1,77.9,3,998.8,5
Jeddah - KAU,21.49604,39.24492,1/10/2017 0:00,31.4,0.5,325,3.7,3.6,0.1,1.9,,1835.5,128.6,203.7,5582.8,392.3,663.4,5562,355,355.6,15.5,0.1,85.1,3,1002.5,5
Jeddah - KAU,21.49604,39.24492,1/11/2017 0:00,29.2,0.5,328,4,3.3,0.1,1.7,,1802.6,137.4,347.8,4521,358.9,1174.9,4469.3,283.2,532.6,12.5,0.1,83,3,1005,5
Jeddah - KAU,21.49604,39.24492,1/3/2018 0:00,28.5,0.5,319,4,3.3,0.1,2.1,,2259.9,201.3,702.2,5876,462.8,1563.1,6348.6,413.4,417.4,16.5,0.1,50.1,3,1003.6,5
Jeddah - KAU,21.49604,39.24492,1/4/2018 0:00,29.7,0.5,319,4,3.7,0.1,2.2,,2655.6,222.3,624.1,5662.2,505.9,1493.5,6918,445.2,473.6,15.7,0.1,46.4,3,1001.4,5
Jeddah - KAU,21.49604,39.24492,1/5/2018 0:00,33.4,0.5,318,4,4,0.1,2.4,,3077,249.3,768.3,5216.1,461.8,1575.5,7145.1,480.7,337.5,17.1,0.1,40.2,3,999.3,5
Jeddah - KAU,21.49604,39.24492,1/6/2018 0:00,33.9,0.5,317,4,4.2,0.1,2.3,,3198.7,286,880.6,4900.1,467.1,1842.8,7049.4,486.3,457.5,20.3,0.1,46.2,3,997.1,5
Jeddah - KAU,21.49604,39.24492,1/7/2018 0:00,34.7,0.5,311,4,3.8,0.1,2.1,,3023.7,223.1,621,4886.1,434.3,1258.1,6883,457.3,299.5,17.3,0.1,44.2,3,997.2,5
Jeddah - KAU,21.49604,39.24492,1/8/2018 0:00,34.5,0.5,313,4,4.1,0.1,2.2,,2592.3,202.7,495.6,5172.4,413,1136.2,6584.6,452.5,396.4,16.5,0.1,50,3,997.4,5
Jeddah - KAU,21.49604,39.24492,1/9/2018 0:00,33.4,0.5,299,4,3,0.1,1.7,,3065.4,234.6,463.1,3435,271.1,942.6,5723,361.5,318.9,17.9,0.1,64.1,3,998.9,5
Jeddah - KAU,21.49604,39.24492,1/10/2018 0:00,31.3,0.5,315,3.7,2.8,0.1,1.8,,2094.4,146.2,310.1,4373.8,317.3,1476.7,5027.9,330.5,1035.3,13.9,0.1,61.2,3,1003.1,5
Jeddah - KAU,21.49604,39.24492,1/11/2018 0:00,27.7,0.5,342,4,2.9,0.1,1.7,,1792.8,139.6,455.3,3701.1,350.9,1826.3,3939.4,279.9,992.4,15.7,0.1,58.3,3,1005.1,5
Jeddah - KAU,21.49604,39.24492,1/12/2018 0:00,25.7,0.5,333,4,3.7,0.1,2,,1753.3,141.2,505.8,3762.9,392.1,2184.6,3797.9,262.5,767.7,13.9,0.1,62.6,3,1007.5,5.1
Jeddah - KAU,21.49604,39.24492,1/1/2019 0:00,25.1,0.5,327,3.7,3.4,0.1,2.1,,2042.4,161.5,469,3345.4,344.5,1808.9,3970.1,292.2,761.6,16,0.1,65.3,3,1007.5,5
Jeddah - KAU,21.49604,39.24492,1/2/2019 0:00,25,0.5,329,3.8,4.1,0.1,2.5,,2151.7,193.9,615.1,3871.2,465.4,2458.5,4629.8,348.2,1079,18.1,0.1,56,3,1006.5,5.1
Jeddah - KAU,21.49604,39.24492,1/3/2019 0:00,25.1,0.5,328,4,4.4,0.1,2.6,,2348.2,212.5,798.9,5361.8,550.5,2262.7,6041.3,442,893.6,17.3,0.1,51.9,3,1005.3,5
Jeddah - KAU,21.49604,39.24492,1/4/2019 0:00,28.6,0.5,321,4,3.8,0.1,2.7,,2576.9,642.1,925.4,5463.5,1180,2153.4,6618.6,1147,517.9,19.7,0.1,49.1,3,1002.5,5
Jeddah - KAU,21.49604,39.24492,1/5/2019 0:00,33.6,0.5,307,4,2.6,0.1,2,,2746.2,675.9,422.6,4804.7,1118.6,823,6524.3,1309.7,236.1,13.9,0.1,43.8,3,1000.3,5
Jeddah - KAU,21.49604,39.24492,1/6/2019 0:00,34.9,0.5,322,4,4.5,0.1,2.4,,3057.6,767.5,473.4,4456.4,1168.4,1183.1,6589.8,1370.3,473.9,21.9,0.1,43.8,3,997.4,5
Jeddah - KAU,21.49604,39.24492,1/7/2019 0:00,34.9,0.5,319,4,4.2,0.1,2.3,,2642.1,239.2,698.6,5472.3,494.1,1508.7,6880.8,445.2,401.7,21.3,0.1,43.7,3,996.2,5
Jeddah - KAU,21.49604,39.24492,1/8/2019 0:00,34.1,0.5,306,3.7,3.7,0.1,2.4,,2437.3,180.6,471.7,5252.1,367.7,1136.7,6475.4,394,441.8,18.9,0.1,54.8,3,998,5
Jeddah - KAU,21.49604,39.24492,1/9/2019 0:00,32.9,0.5,316,4,3.7,0.1,2.3,,2502,217.5,475.2,4294.4,343.2,1054.4,5790.5,387.6,442.7,20,0.1,61.3,3,998.2,5
Jeddah - KAU,21.49604,39.24492,1/10/2019 0:00,31.6,0.5,310,4,2.7,0.1,1.8,,2204.6,189.3,581.2,4315.5,346.7,1221.7,5083.3,339.9,268.2,16.3,0.1,62.8,3,1002.5,5
Jeddah - KAU,21.49604,39.24492,1/11/2019 0:00,29.2,0.5,332,3.8,2.8,0.1,1.7,,1605,122.3,319.5,4497.7,409.6,1428.9,4252.7,299.2,674.4,14.1,0.1,59.6,3.1,1003.8,5.2
Jeddah - KAU,21.49604,39.24492,1/12/2019 0:00,25.7,0.5,338,3.7,4,0.1,2,,1565.7,123.1,483,4614.5,387.7,1717.1,4059.6,262,487.5,15.7,0.1,57.4,3,1006.5,5
Jeddah - KAU,21.49604,39.24492,1/1/2020 0:00,22.6,0.5,335,3.9,4.4,0.1,2.2,,1415.2,403.2,516,5733.1,1491.1,1818.3,4583.7,998.8,528.3,16.8,0.1,52.3,3,1009.2,5
Jeddah - KAU,21.49604,39.24492,1/2/2020 0:00,23.9,0.5,326,4,3.9,0.1,2.6,,2208.5,604.9,667.4,4053.1,1438.3,2086.1,4780,1117.5,824.6,18.4,0.1,58.5,3,1007.7,5.1
Jeddah - KAU,21.49604,39.24492,1/3/2020 0:00,25.7,0.5,320,4,4,0.1,2.5,,2378.5,611.8,672.5,4998.4,1492.7,1815.2,5935.3,1299.2,1055.5,16.8,0.1,57.1,3,1003.9,5
Jeddah - KAU,21.49604,39.24492,1/4/2020 0:00,28.2,0.6,316,4.7,3.3,0.1,2.5,,2184.2,813.7,782,5974,2103.5,2043.3,6537,1683.6,640.9,17.9,0.1,54.4,3.5,1002.7,5.9
Jeddah - KAU,21.49604,39.24492,1/5/2020 0:00,31.9,0.5,320,4,3.8,0.1,2.4,,2462.4,398.1,711.3,5198.2,872.5,2006.5,6427.6,1052.4,1019.6,17.6,0.1,48.8,3,1000.7,5
Jeddah - KAU,21.49604,39.24492,1/9/2020 0:00,34.2,0.5,304,4,2.7,0.1,1.8,,2430.1,577,311.5,4579.5,1079.5,806.8,5847.3,1209.5,290.1,13.9,0.1,60.5,3,997.6,5
Jeddah - KAU,21.49604,39.24492,1/10/2020 0:00,32.3,0.5,317,4,2.3,0,1.5,,1707.8,480.2,561.8,5708.9,1469.6,1451.5,5407.9,1148.4,389,17.3,0.1,52.5,3,1002.1,5
Jeddah - KAU,21.49604,39.24492,1/11/2020 0:00,28.5,0.5,329,3.7,3.4,0.1,2,,1550.9,390.2,333,4592,1280.5,1435.1,4208.8,915.7,652.9,13.1,0.1,64,3,1005.1,5
Jeddah - KAU,21.49604,39.24492,1/12/2020 0:00,26.5,0.5,332,4,3.1,0.1,1.9,,1687.9,445.6,526.2,4103,1425.4,2038.5,3885.5,886.9,583.9,14.4,0.1,60.3,3,1006.3,5
Jeddah - KAU,21.49604,39.24492,1/1/2021 0:00,25.4,0.5,336,4,3.3,0.1,2,,1719.6,498.9,579.1,4525.4,1307.2,1638.6,4281.3,954,457.3,15.5,0.1,61.7,3,1006.7,5
Jeddah - KAU,21.49604,39.24492,1/2/2021 0:00,24.7,0.5,327,4,3.7,0.1,2.5,,1769.2,503.3,514.7,4875.9,1518.2,1894,4820.6,1136.4,962.1,20,0.1,60.2,3,1006.5,5
Jeddah - KAU,21.49604,39.24492,1/3/2021 0:00,,,,,,,,,,,,,,,,,,,,,,,
Jeddah - KAU,21.49604,39.24492,1/9/2021 0:00,32.6,0.5,309,3.7,4,0.1,2.1,,2585.6,597.4,347.1,3944.4,955.2,818.9,5596.1,1158.6,302.1,20,0.1,66.2,3,998.3,5
Jeddah - KAU,21.49604,39.24492,1/10/2021 0:00,30.9,0.5,311,4,0.7,0,1.7,,1797.1,144.4,252.9,5048.1,358.1,604.7,5173.6,332.4,282.9,13.6,0.1,69.1,3,1002.3,5
Jeddah - KAU,21.49604,39.24492,1/11/2021 0:00,28.4,0.5,0,0,0,0,0,,1386.1,108.7,222.7,4797.1,341.7,1312.1,4184.6,277.2,850.8,0,0,67.6,3,1004.8,5
Jeddah - KAU,21.49604,39.24492,1/12/2021 0:00,26.1,0.5,0,0,0,0,0,,1689.8,129.9,411.5,3558.4,325.8,1732.2,3625.7,248.8,617,0,0,66.8,3,1007,5
Sharurah - TVTC,17.47586,47.08618,1/1/2017 0:00,,,,,,,,,,,,,,,,,,,,,,,
Sharurah - TVTC,17.47586,47.08618,5/1/2017 0:00,34.5,0.5,50,3.7,3.8,0.1,1.9,,2866,821.7,876.4,5908.4,1613.6,1774.2,7400.9,1520,472.4,15.5,0.1,19.9,3,926.6,4.6
Sharurah - TVTC,17.47586,47.08618,6/1/2017 0:00,36.3,0.5,38,4,3.3,0.1,1.7,,3404.4,1039.4,1084.5,5124.4,1553,2088.1,7412.5,1527,478.6,17.6,0.1,10.1,3,923.4,4.6
Sharurah - TVTC,17.47586,47.08618,9/1/2017 0:00,33.9,0.5,49,4,3.3,0.1,1.7,,2007.4,509,439.7,6131.6,1539.6,1130.9,6528.3,1342.6,336.5,16.3,0.1,14.3,3,925.6,4.6
Sharurah - TVTC,17.47586,47.08618,10/1/2017 0:00,29.2,0.5,42,4,3.3,0.1,1.6,,1451.7,372.9,404.2,6975.2,1521.3,869.9,6073.3,1238.6,253.9,13.6,0.1,17.7,3,930.1,4.7
Sharurah - TVTC,17.47586,47.08618,11/1/2017 0:00,24.8,0.5,54,4,3.5,0.1,1.4,,1092,269,233.9,7020.8,1492,660.1,5262.7,1090.7,257,11.7,0.1,28.9,3,932.6,4.7
Sharurah - TVTC,17.47586,47.08618,3/1/2018 0:00,27.4,0.5,63,4,3.9,0.1,1.7,,1905.3,528.5,530.2,7405.5,1683.9,1355.7,7122.5,1439.6,394.7,17.1,0.1,18,3,930.4,4.7
Sharurah - TVTC,17.47586,47.08618,4/1/2018 0:00,31.4,0.5,49,4,4,0.1,1.9,,3578.9,931.9,946.5,4034.8,1477.3,1854.9,6758,1415.4,423.5,17.3,0.1,24.4,3,927.5,4.6
Sharurah - TVTC,17.47586,47.08618,5/1/2018 0:00,33.1,0.5,58,4,3.9,0.1,1.9,,2861,818.8,874.3,5660,1582.8,1621.4,7276.2,1469.8,354.7,18.9,0.1,21.8,3,926.2,4.6
Sharurah - TVTC,17.47586,47.08618,6/1/2018 0:00,36.2,0.5,27,4,3.6,0.1,2.1,,3875.3,993.9,980.1,3752.6,1318.5,1830.7,6892.3,1415.1,426.3,19.2,0.1,14.7,3,922.9,4.6
Sharurah - TVTC,17.47586,47.08618,7/1/2018 0:00,36.8,0.5,335,4,3.8,0.1,2.2,,3845.5,897.9,771.3,3268.7,1033.1,1767.6,6505,1377.7,853.8,18.9,0.1,11.9,3,920.8,4.6
Sharurah - TVTC,17.47586,47.08618,8/1/2018 0:00,36.6,0.5,355,4,3.7,0.1,2.2,,3350.5,919.1,845.5,4163.6,1190.3,1641.1,6688.9,1361.1,439.3,20,0.1,15.4,3,921.7,4.6
Sharurah - TVTC,17.47586,47.08618,9/1/2018 0:00,34.1,0.5,72,4,3.7,0.1,1.7,,1989.3,513.5,386.4,6609,1526,786,6771.1,1341.7,164.6,15.2,0.1,16.3,3,925.9,4.6
Sharurah - TVTC,17.47586,47.08618,4/1/2019 0:00,30.9,0.5,77,4,4,0.1,1.8,,3090.8,623.9,889.8,4821.7,1407.1,2195.7,6784.3,1385.2,850.6,20.3,0.1,23.7,3,928.2,4.7
Sharurah - TVTC,17.47586,47.08618,5/1/2019 0:00,33.2,0.5,77,4,3.5,0.1,1.6,,2921.6,828.8,862.6,5517.5,1438.8,2060.6,7180.5,1499.1,833.8,20.5,0.1,23.2,3,927.4,4.6
Sharurah - TVTC,17.47586,47.08618,6/1/2019 0:00,36.5,0.5,41,4,3.4,0.1,1.8,,3053.4,833.1,829.6,5649.9,1620.3,1718,7425.5,1535.9,492.3,16.8,0.1,13.7,3,923.2,4.6
Sharurah - TVTC,17.47586,47.08618,7/1/2019 0:00,37.3,0.5,21,4,3.6,0.1,1.9,,3780.9,312.2,777.9,4164.7,409.6,1542.4,7131.2,457.6,448.2,19.7,0.1,15.3,3,920.5,4.6
Sharurah - TVTC,17.47586,47.08618,8/1/2019 0:00,36.3,0.5,358,4,3.9,0.1,2.3,,3195.1,260,875.7,4911.8,439.6,2128.2,6987.6,448.5,901.6,18.7,0.1,15.6,3,922.3,4.6
Sharurah - TVTC,17.47586,47.08618,9/1/2019 0:00,34.7,0.5,42,3.7,3.8,0.1,1.8,,2555.1,194.6,568.2,5726.3,479.1,1394,6840.7,443.4,453.4,17.9,0.1,19.3,3,924.7,4.6
Sharurah - TVTC,17.47586,47.08618,10/1/2019 0:00,30.5,0.5,62,4,3.7,0.1,1.5,,1531.1,138.2,430.5,7635.1,486.8,1027.5,6614.2,417.6,256.8,13.9,0.1,20.7,3,929.3,4.7
Sharurah - TVTC,17.47586,47.08618,11/1/2019 0:00,24.5,0.5,56,4,3.8,0.1,1.5,,1426.3,138.4,385.4,6870.4,500.4,2037.3,5571.5,361.2,1031.7,13.6,0.1,36.2,3,932.1,4.7
Sharurah - TVTC,17.47586,47.08618,12/1/2019 0:00,22,0.5,62,4,3.5,0.1,1.4,,1168.4,111.8,392.8,7408.1,519.2,1799.6,5309.2,333.1,642.9,13.6,0.1,37.8,3,933.1,4.7
Sharurah - TVTC,17.47586,47.08618,1/1/2020 0:00,19.9,0.5,52,4,3.4,0.1,1.6,,1640.6,556.6,753.5,6715.3,1763.6,2138.8,5578.3,1180,516.1,14.9,0.1,34.4,3,933.8,4.7
Sharurah - TVTC,17.47586,47.08618,2/1/2020 0:00,23.6,0.5,62,4,3.9,0.1,1.6,,2103.2,810.1,1053.7,6297.3,1793.2,2533.2,6153.8,1349.4,660.2,16.3,0.1,23.6,3,932.7,4.7
Sharurah - TVTC,17.47586,47.08618,3/1/2020 0:00,26.9,0.5,61,4,4.2,0.1,1.9,,3186.7,926.5,903.4,4887.2,1385.9,1830.6,6779.9,1432,500.3,32.5,0.1,26.1,3,929.2,4.7
Sharurah - TVTC,17.47586,47.08618,4/1/2020 0:00,31.1,0.5,137,4,3.8,0.1,2,,2729.7,773.5,833.4,5737.1,1579.1,2071.7,7098.2,1535.9,944.3,20.3,0.1,34.4,3,927.9,4.7
Sharurah - TVTC,17.47586,47.08618,5/1/2020 0:00,34.6,0.5,56,4,3.7,0.1,1.8,,2767.2,750.7,816.9,6153.8,1667.9,1580.5,7522.2,1510.2,297.8,21.9,0.1,19.4,3,927,4.6
Sharurah - TVTC,17.47586,47.08618,9/1/2020 0:00,33.4,0.5,42,4,3.3,0.1,1.7,,1963.5,538.9,635.8,7390.4,1694.3,1272.4,7309.1,1464.5,222.9,14.7,0.1,15.2,3,925.1,4.6
Sharurah - TVTC,17.47586,47.08618,10/1/2020 0:00,27.6,0.5,35,4,2.8,0.1,1.7,,1365,361.4,313.7,8286.2,1775.4,824,6800.6,1376.5,255.1,18.4,0.1,17.3,3,930.4,4.7
Sharurah - TVTC,17.47586,47.08618,11/1/2020 0:00,25.1,0.5,56,4,3.2,0.1,1.5,,1054.2,232.8,161.8,8351,1790.3,596,5977.3,1266.3,334.3,11.5,0.1,26.4,3,932.6,4.7
Sharurah - TVTC,17.47586,47.08618,12/1/2020 0:00,21.2,0.5,58,4,3.3,0.1,1.6,,1098.5,272.8,325.4,7951,1717.4,839.1,5510.5,1089.6,129.5,13.9,0.1,35.8,3,934.1,4.7
Sharurah - TVTC,17.47586,47.08618,1/1/2021 0:00,19.8,0.5,54,4,3.2,0.1,1.4,,1163.1,274.2,530.5,8247.4,1832.5,1315.5,5912.8,1217.1,318.8,14.1,0.1,26.6,3,934.3,4.7
Sharurah - TVTC,17.47586,47.08618,2/1/2021 0:00,22.9,0.5,52,4,3.8,0.1,1.6,,1854.5,651.1,819.1,6918.3,1790.5,2282.7,6299.1,1299.1,707.1,14.7,0.1,25.7,3,932.3,4.7
Sharurah - TVTC,17.47586,47.08618,3/1/2021 0:00,27.7,0.5,99,4,3.6,0.1,1.4,,1970.8,691.2,844.8,7876.3,1856.1,1674.8,7471.9,1497.6,321.5,16.5,0.1,16.1,3,930.2,4.7
Sharurah - TVTC,17.47586,47.08618,4/1/2021 0:00,30.1,0.5,75,3.7,3.7,0.1,1.6,,2565.5,718,742.1,6611.2,1719,1550.4,7598.6,1559.2,499.9,17.9,0.1,19.5,3,929,4.6
Sharurah - TVTC,17.47586,47.08618,5/1/2021 0:00,34.4,0.5,86,3.7,3.6,0.1,1.7,,2769.7,747.3,753.6,6458.4,1594,1785.8,7702.5,1558.6,548.2,16.3,0.1,13.7,3,925.9,4.6
Sharurah - TVTC,17.47586,47.08618,7/1/2021 0:00,34.9,0.5,210,4,4.1,0.1,2.6,,3336.1,917.5,803.4,4290,1462.8,2453.2,6678.1,1529.8,1404.5,26.4,0.1,27.5,3,920.1,4.6
Sharurah - TVTC,17.47586,47.08618,8/1/2021 0:00,36.7,0.5,40,4,4.1,0.1,2,,3060.8,270.1,909.8,5235.1,411,1800.2,7125.3,443.5,444,19.5,0.1,17.9,3,922,4.6
Sharurah - TVTC,17.47586,47.08618,9/1/2021 0:00,34,0.5,29,4,3.4,0.1,1.6,,2545.6,730.5,623.3,6044.4,1630.1,1347.5,7019.1,1422.1,319.7,13.9,0.1,15.1,3,924.5,4.6
Sharurah - TVTC,17.47586,47.08618,10/1/2021 0:00,29.9,0.5,46,4,3.3,0.1,1.9,,1702.3,154.5,599.8,7160,569.3,1584.4,6476.5,431.9,432.1,16.3,0.1,21.6,3,929.7,4.7
Sharurah - TVTC,17.47586,47.08618,11/1/2021 0:00,25.1,0.5,56,4,3.1,0.1,1.5,,1249.5,85.1,148.3,7711.1,488.9,433.5,5876.1,359.9,250.4,12,0.1,24.9,3,932.5,4.7
Sharurah - TVTC,17.47586,47.08618,12/1/2021 0:00,21,0.5,53,4,2.5,0.1,1.5,,1039.4,88.9,498.9,8066.4,535.6,1637.1,5491.3,332.5,377,10.4,0.1,32.6,3,933.9,4.7
Majmaah - University,25.85891,45.41889,1/1/2017 0:00,14,0.5,81,4,3.1,0.1,1.7,,1611.9,493.5,541.1,4846.9,1203.2,1870.5,4179.1,942.8,474.5,13.6,0.1,40.7,3,936.6,4.7
Majmaah - University,25.85891,45.41889,1/2/2017 0:00,12.6,0.5,90,4,3.3,0.1,1.9,,1949.1,561.9,615.5,4732.1,1663.3,2537.3,4783.2,1152.2,1048,14.4,0.1,39.6,3,937,4.7
Majmaah - University,25.85891,45.41889,1/3/2017 0:00,20.4,0.5,130,4,4.2,0.1,2.2,,2868.3,729.9,683.9,3001.6,1052.2,2010.6,4958.5,1207.5,1208.5,19.2,0.1,40.8,3,932.1,4.7
Majmaah - University,25.85891,45.41889,1/4/2017 0:00,27.1,0.5,111,4,3.7,0.1,2,,3386.2,876.1,815.8,3876.1,1503,2205.5,6331.3,1450.8,998.7,26.4,0.1,25.8,3,932.5,4.7
Majmaah - University,25.85891,45.41889,1/5/2017 0:00,32.4,0.5,149,4,3.3,0.1,1.8,,3634.7,925.3,715.6,4113.2,1200.7,1649.1,6955.8,1492.7,774.9,23.5,0.1,19.4,3,929.8,4.7
Majmaah - University,25.85891,45.41889,1/6/2017 0:00,34.9,0.5,20,4,3,0.1,2,,2535.3,905.3,769.9,7085.1,1694.7,1719.8,7907.4,1611.5,645.5,15.2,0.1,10,3,926.7,4.6
Majmaah - University,25.85891,45.41889,1/9/2017 0:00,32.7,0.5,36,4,2.5,0.1,1.8,,2161.9,252.8,522.8,6542.7,605,1205.7,6766.3,596.4,364.1,15.2,0.1,10.3,3,929.3,4.7
Majmaah - University,25.85891,45.41889,1/10/2017 0:00,28.1,0.5,173,3.7,2.7,0.1,1.8,,1768.2,124.1,333.5,6498.1,429.2,748.8,5844.2,360.7,254.6,13.1,0.1,15.7,3,932.9,4.6
Majmaah - University,25.85891,45.41889,1/11/2017 0:00,20.3,0.5,130,4,2.8,0.1,1.7,,1633.2,151.8,534.6,4861.8,446.5,2274.9,4333.5,329.6,1102.2,12.5,0.1,34.6,3,935.5,4.7
Majmaah - University,25.85891,45.41889,1/3/2018 0:00,23.7,0.5,140,4,3.4,0.1,2,,2598,209.1,701.7,5142.9,427.9,2252.8,6130.1,422,1006.4,15.7,0.1,26.2,3,933.4,4.7
Majmaah - University,25.85891,45.41889,1/4/2018 0:00,24.4,0.5,150,4,3.7,0.1,2.2,,3363.6,286.1,669,3562.8,369.8,2213.8,6129.9,468.3,1434.8,26.1,0.1,39.6,3,930.6,4.7
Majmaah - University,25.85891,45.41889,1/5/2018 0:00,30.8,0.5,122,4,3.7,0.1,2.1,,3902.2,294.7,640.7,3921.6,346.2,1534.2,7065.5,454.3,796.7,19.2,0.1,21.9,3,929.4,4.7
Majmaah - University,25.85891,45.41889,1/6/2018 0:00,35.1,0.5,336,4,3.3,0.1,2.1,,2888.6,208.7,571.5,6422.5,524.6,1263,7908.9,486.4,421.4,14.7,0.1,13.7,3,926,4.6
Majmaah - University,25.85891,45.41889,1/7/2018 0:00,35.6,0.5,338,3.7,3.4,0.1,2.1,,2710.9,209.2,587.9,6677,512.1,1217.6,7835.9,544.3,378.4,18.7,0.1,12.5,3,923.8,4.6
Majmaah - University,25.85891,45.41889,1/8/2018 0:00,34.7,0.5,352,4,3,0.1,2,,2030.7,154.7,505.3,7539.3,519.1,1216.9,7566.4,467.7,328.2,17.1,0.1,13.9,3,925.3,4.6
Majmaah - University,25.85891,45.41889,1/9/2018 0:00,34.3,0.5,60,4,2.5,0.1,1.7,,2471.2,191.5,472.3,5573.8,462.3,1243.3,6466.1,410.1,444.2,13.9,0.1,13.8,3,929.3,4.7
Majmaah - University,25.85891,45.41889,1/10/2018 0:00,26.7,0.5,119,3.7,2.5,0.1,1.7,,2007.8,167.4,543.1,5048,428.2,2355.6,5257.5,358.9,1032.3,17.9,0.1,30.6,3,934.6,4.7
Majmaah - University,25.85891,45.41889,1/11/2018 0:00,18.2,0.5,107,3.7,3,0.1,1.6,,1777.1,162.4,537.8,3202.3,381.8,2224.7,3507.4,277.7,1184.5,13.3,0.1,73.9,3,936.1,4.6
Majmaah - University,25.85891,45.41889,1/12/2018 0:00,16,0.5,132,4,2.8,0.1,1.5,,1580.7,123.6,428.2,4396.7,380.3,1703.4,3834.7,262.4,655.8,11.7,0.1,63.4,3,937.4,4.7
Majmaah - University,25.85891,45.41889,1/1/2019 0:00,15.9,0.5,167,3.7,3.4,0.1,2,,2300.2,180.9,558,2693.9,336,1691.2,3751.2,265.2,704.2,16.8,0.1,45.9,3,936.6,4.6
Majmaah - University,25.85891,45.41889,1/2/2019 0:00,15.1,0.5,113,4,3.1,0.1,1.9,,1931.1,191.7,818.6,4659.4,529.6,2890.4,4669.5,349.1,1392.5,18.4,0.1,50.2,3,935.6,4.7
Majmaah - University,25.85891,45.41889,1/3/2019 0:00,18.6,0.5,187,3.7,3.7,0.1,2.3,,2521.7,228.2,1045.2,5628.1,544.4,2857.9,6289.7,414.7,920.7,20.8,0.1,34,3,933,4.6
Majmaah - University,25.85891,45.41889,1/4/2019 0:00,22.9,0.5,139,4,3.5,0.1,2.1,,2687.9,640.7,855.5,5345.6,1194,2587.1,6665.8,1206.4,1189,26.1,0.1,37.5,3,931.8,4.7
Majmaah - University,25.85891,45.41889,1/5/2019 0:00,31.1,0.5,183,4,3.2,0.1,2.1,,3170.8,820.1,703,4996.2,1478.3,2048,7049.7,1532.9,959.5,21.3,0.1,23.5,3,930,4.7
Majmaah - University,25.85891,45.41889,1/6/2019 0:00,35.7,0.5,3,3,2.7,0.1,2,,2665.1,800.9,691.7,6546.3,1576.4,1491.4,7681.9,1545.5,419.9,15.7,0.1,12.5,3,926.9,4.6
Majmaah - University,25.85891,45.41889,1/7/2019 0:00,35.7,0.5,346,4,3,0.1,1.9,,2278.9,222.3,688.9,7614,540.8,1491,7979.4,482.3,336.8,15.5,0.1,12.5,3,924.1,4.6
Majmaah - University,25.85891,45.41889,1/8/2019 0:00,35.2,0.5,332,4,3.3,0.1,2.1,,2120.6,157.4,381.2,7502.3,519.4,785.6,7647.6,477.6,253,16,0.1,12.7,3,925.4,4.6
Majmaah - University,25.85891,45.41889,1/9/2019 0:00,33.4,0.5,90,3.7,2.3,0.1,1.5,,2047.6,193.3,552.2,6776.3,496.8,1303.1,6796.3,429.9,345.7,15.2,0.1,15,3,928.7,4.6
Majmaah - University,25.85891,45.41889,1/10/2019 0:00,29,0.5,135,4,2.5,0.1,1.6,,1924.1,153.2,504.4,5750.9,465.6,1396.2,5595,370,408.4,20.3,0.1,26,3,932.5,4.7
Majmaah - University,25.85891,45.41889,1/11/2019 0:00,20,0.5,132,4,2.6,0.1,1.5,,1744.2,150.8,571.9,4032.4,446.4,2439.7,3986.5,293.3,1163.6,12,0.1,49.9,3,935.5,4.7
Majmaah - University,25.85891,45.41889,1/12/2019 0:00,16.1,0.5,165,4,2.8,0.1,1.9,,1230.7,120.1,491.1,6304,539.5,1858.8,4336.2,282.1,365.6,13.9,0.1,45.6,3,936,4.7
Majmaah - University,25.85891,45.41889,1/1/2020 0:00,12.9,0.5,270,4,2.7,0.1,2.3,,1206,342.2,514.4,6848.5,1713.2,1896.6,4748.2,1036.6,499.6,14.9,0.1,40.3,3,936.7,4.7
Majmaah - University,25.85891,45.41889,1/2/2020 0:00,17,0.5,193,4,2.7,0.1,2.3,,2049.9,631.7,820.5,5507.8,1766.8,2526.2,5303,1232.3,746.8,17.1,0.1,31.2,3,936,4.7
Majmaah - University,25.85891,45.41889,1/3/2020 0:00,20.6,0.5,275,4,2.9,0.1,2.2,,2846.5,767.9,917.9,5154.7,1708.2,2372.8,6373.3,1379.8,725.7,15.5,0.1,26.9,3,932.4,4.7
Majmaah - University,25.85891,45.41889,1/4/2020 0:00,25.8,0.5,144,4,3.6,0.1,2.2,,3119.7,845.7,821.6,5160.7,1644.3,2143.5,7018.7,1520.2,885.4,19.2,0.1,31.5,3,930.7,4.7
Majmaah - University,25.85891,45.41889,1/5/2020 0:00,30.8,0.5,44,4,2.6,0.1,2.1,,3267.9,904.9,898.4,4921.1,1605.3,2494.5,7073.8,1537.2,1063.3,17.9,0.1,17.8,3,930.6,4.7
Majmaah - University,25.85891,45.41889,1/9/2020 0:00,32.8,0.5,21,4,1.8,0.1,1.9,,2086.8,643.3,590.4,6745.1,1612.1,1408.4,6787.4,1399.5,332.5,16,0.1,13.6,3,928.9,4.7
Majmaah - University,25.85891,45.41889,1/10/2020 0:00,25.4,0.5,19,4,1.5,0,1.6,,1186.7,319.6,264.1,8279.5,1752.2,695.2,6164,1257.5,276.1,11.2,0.1,16.4,3,934.1,4.7
Majmaah - University,25.85891,45.41889,1/11/2020 0:00,21.3,0.5,164,4,2.4,0.1,2.2,,1622.1,493.8,543.9,5097,1652.5,2521.1,4415.4,1071,1142.7,14.7,0.1,39.5,3,935.3,4.7
Majmaah - University,25.85891,45.41889,1/12/2020 0:00,15,0.5,116,4,2.1,0,1.6,,1507.5,411.8,445.3,4625.1,1435.6,2287.2,3855.8,869.7,748.8,14.4,0.1,58.6,3,937.6,4.7
Majmaah - University,25.85891,45.41889,1/1/2021 0:00,14.5,0.5,129,4,2,0.1,1.8,,1537.6,407.9,451,5340.9,1516,2253.1,4355.3,976.7,888.8,13.9,0.1,46.1,3,937.7,4.7
Majmaah - University,25.85891,45.41889,1/2/2021 0:00,16.1,0.5,115,4,2.5,0.1,2.1,,1963.9,625.1,752.5,5057.5,1751,2758.1,4928.3,1205.8,991.8,16,0.1,44,3,936.1,4.7
Majmaah - University,25.85891,45.41889,1/3/2021 0:00,22.7,0.5,140,4,2.9,0.1,2.2,,2965.9,845,811,4796.5,1285.2,1880.3,6328.4,1388.2,694.7,21.1,0.1,23.9,3,933.2,4.7
Majmaah - University,25.85891,45.41889,1/4/2021 0:00,26.8,0.5,26,3.7,2.2,0.1,2.1,,3155.4,814.4,650.3,4764.8,1575.3,2339,6740.4,1553.8,1406.9,19.5,0.1,19.4,3,932.5,4.6
Majmaah - University,25.85891,45.41889,1/5/2021 0:00,32.7,0.5,51,3.7,2.1,0,1.9,,2866.7,728.8,783.3,6559.5,1755.6,1695.2,7892.9,1612.9,428.9,16.8,0.1,12.9,3,928.5,4.6
Majmaah - University,25.85891,45.41889,1/7/2021 0:00,37.4,0.5,27,4,2.2,0.1,2,,2531.9,692.4,573.6,7053.2,1602.3,1372.5,7874.2,1593.1,449.6,13.9,0.1,13.9,3,922.9,4.6
Majmaah - University,25.85891,45.41889,1/8/2021 0:00,35.9,0.5,8,4,2,0.1,1.9,,2223.4,163.4,496.8,7254.2,545.8,1297.8,7591.7,461.6,368.1,16.5,0.1,12.5,3,925.6,4.6
Majmaah - University,25.85891,45.41889,1/9/2021 0:00,31.9,0.5,26,3.7,1.8,0,1.8,,1863,534.9,450.1,7363.6,1719.9,1053.9,6960.1,1420.3,279.1,13.1,0.1,15.6,3,928.5,4.6
Majmaah - University,25.85891,45.41889,1/10/2021 0:00,28.6,0.5,123,4,1.8,0,1.6,,1752.6,150.9,296.3,6505,437.8,946.9,5851.7,378.3,409.4,13.3,0.1,18.9,3,933.2,4.7
Majmaah - University,25.85891,45.41889,1/11/2021 0:00,21.1,0.5,123,4,1.4,0,1.7,,1544.8,137.6,410.2,5806.2,474,1440.2,4731.8,322.3,412.8,13.9,0.1,31.7,3,935.6,4.7
Majmaah - University,25.85891,45.41889,1/12/2021 0:00,16,0.5,162,4,1.7,0.1,1.9,,1762.6,150.3,563.5,3957.5,460.3,2507.2,3769.1,285.1,934.5,11.5,0.1,39.9,3,937,4.7
Layla - TVTC,22.27948,46.73319,1/1/2017 0:00,18.6,0.5,75,4,2.3,0,1.3,,1507.6,425,511.1,6091.5,1251.5,1386,4876.1,999.2,218.7,10.1,0.1,32.7,3,954.8,4.8
Layla - TVTC,22.27948,46.73319,2/1/2017 0:00,16.9,0.5,56,4,2.5,0.1,1.5,,2531.8,668,600.3,3249.8,1191.5,2091.5,4616.1,1082.7,1159.6,14.1,0.1,44.6,3,955.1,4.8
Layla - TVTC,22.27948,46.73319,3/1/2017 0:00,24.2,0.5,61,4,2.9,0.1,1.5,,2994.1,804.8,740.4,3519.2,1147,1876.9,5561.4,1235.8,923.8,22.9,0.1,42.2,3,949.9,4.8
Layla - TVTC,22.27948,46.73319,4/1/2017 0:00,30.7,0.5,76,4,2.5,0.1,1.4,,2940.1,781.7,688.2,5645.8,1551.2,1839.6,7234.4,1533.2,708.7,12.8,0.1,18.9,3,949.4,4.8
Layla - TVTC,22.27948,46.73319,5/1/2017 0:00,35.5,0.5,60,4,2.4,0,1.3,,3519,900.1,884,4607.1,1456,1935.9,7183.5,1498.9,684.8,18.9,0.1,17.6,3,946.3,4.7
Layla - TVTC,22.27948,46.73319,6/1/2017 0:00,37.8,0.5,22,4,2.7,0.1,1.3,,3129.9,994.7,1013.7,5882.6,1680.2,1973,7708.1,1574.6,419,14.7,0.1,9.8,3,942.4,4.7
Layla - TVTC,22.27948,46.73319,9/1/2017 0:00,35.2,0.5,31,4,2.3,0,1.1,,2113.6,204.3,335.5,6908.4,527.1,960.7,7081.8,597.2,342.4,12.5,0.1,12,3,945.2,4.7
Layla - TVTC,22.27948,46.73319,10/1/2017 0:00,30.2,0.5,51,3.7,2.1,0,1,,1599.1,124.4,327.1,7406.4,490.3,716,6346.5,413.4,255,10.4,0.1,17.5,3,950.2,4.7
Layla - TVTC,22.27948,46.73319,11/1/2017 0:00,23.5,0.5,85,4,2,0,1.1,,1532.9,177.1,493.5,6449.1,457.4,1488.6,5221.3,337,458.7,10.4,0.1,33,3,953.4,4.8
Layla - TVTC,22.27948,46.73319,3/1/2018 0:00,25.9,0.5,93,4,2.6,0.1,1.3,,2424.9,238.5,811.4,6159.7,679,2336.8,6698.7,526.2,976.7,14.1,0.1,22.2,3,950.9,4.8
Layla - TVTC,22.27948,46.73319,4/1/2018 0:00,28.6,0.5,84,4,3.1,0.1,1.5,,3720.5,294.7,823.2,3832.4,445,1472,6787.2,482.2,627.6,16,0.1,30.9,3,948,4.8
Layla - TVTC,22.27948,46.73319,5/1/2018 0:00,33.3,0.5,70,4,2.8,0.1,1.4,,3444.5,302.4,882.8,5047,496.7,1877.1,7406.8,515.3,874.5,13.1,0.1,17.9,3,946.1,4.7
Layla - TVTC,22.27948,46.73319,6/1/2018 0:00,37.8,0.5,13,4,2.6,0.1,1.4,,3746.8,302.7,913.9,4811.7,506.8,1799.8,7584.6,520.5,446.4,13.3,0.1,12.2,3,941.7,4.7
Layla - TVTC,22.27948,46.73319,7/1/2018 0:00,38.9,0.5,350,3.7,2.7,0.1,1.2,,3551.7,275.9,701.9,4934.3,478,1442.4,7466,549,417.5,13.9,0.1,10.9,3,939,4.7
Layla - TVTC,22.27948,46.73319,8/1/2018 0:00,38,0.5,19,4,2.8,0.1,1.2,,3072.9,253.6,894.4,5420.4,506.2,1587.4,7273.2,496,315.9,12.3,0.1,13.1,3,940.5,4.7
Layla - TVTC,22.27948,46.73319,9/1/2018 0:00,36,0.5,39,4,2.4,0,1.3,,2311.1,179.4,351.3,6303.5,522.7,839.8,6883.2,474.7,277.1,13.3,0.1,14.7,3,945.1,4.7
Layla - TVTC,22.27948,46.73319,10/1/2018 0:00,29.4,0.5,59,4,2.3,0,1.2,,1934.9,164.3,531.1,6075.4,553.3,1690.9,5925,449.7,610.6,13.3,0.1,29.1,3,951.2,4.8
Layla - TVTC,22.27948,46.73319,11/1/2018 0:00,23.6,0.5,82,3.9,2.7,0.1,1.3,,1932,182.4,575.5,4908.4,509.3,1698.9,4780.8,393.7,523.3,14.1,0.1,41.1,3,953.2,4.7
Layla - TVTC,22.27948,46.73319,12/1/2018 0:00,19,0.5,73,3.7,2.2,0,1.1,,1472.6,138.6,390.9,6052,536.7,1288.7,4692,344.4,262,11.2,0.1,45.1,3,955.5,4.7
Layla - TVTC,22.27948,46.73319,1/1/2019 0:00,18.4,0.5,101,4,2.5,0.1,1.4,,2151.3,199.7,697.1,4667.5,511.5,1952.5,4759.5,335.7,490,14.9,0.1,34.2,3,955.3,4.8
Layla - TVTC,22.27948,46.73319,2/1/2019 0:00,19.4,0.5,60,4,2.8,0.1,1.5,,2465.4,216.9,695.6,4623.9,443.2,1938.2,5422.8,361.2,674.7,14.4,0.1,32.3,3,953.5,4.8
Layla - TVTC,22.27948,46.73319,3/1/2019 0:00,22.9,0.5,63,4,2.7,0,1.2,,3166.7,254.1,837,4375.8,418.5,2171.9,6304.4,408.8,894.8,14.1,0.1,24.4,3,950.8,4.8
Layla - TVTC,22.27948,46.73319,4/1/2019 0:00,27.4,0.5,57,4,2.4,0.1,1.8,,3325.2,644.6,934.1,4240.9,932.4,2226.2,6610.5,1227.1,913.4,22.9,0.1,33.1,3,949,4.8
Layla - TVTC,22.27948,46.73319,5/1/2019 0:00,33.6,0.5,45,4,2.4,0,1.3,,3436.5,880.5,773.5,4137.9,1442.9,2201.3,6704.8,1500.1,1007.8,15.7,0.1,20.8,3,947,4.7
Layla - TVTC,22.27948,46.73319,6/1/2019 0:00,38.1,0.5,25,4,2.4,0.1,1.3,,2893.3,774.2,747.8,5815.2,1601.5,1818.1,7413.6,1533.2,641.3,14.7,0.1,11.8,3,942.6,4.7
Layla - TVTC,22.27948,46.73319,7/1/2019 0:00,38.7,0.5,14,4,2.7,0.1,1.5,,3026.4,313.4,740.5,5803,499.7,1641.3,7562.4,504.1,521.4,17.1,0.1,11.6,3,939.5,4.7
Layla - TVTC,22.27948,46.73319,8/1/2019 0:00,38,0.5,355,4,2.3,0,1.2,,2532.8,218.2,658.2,6574.1,475.3,1364.7,7529.1,529.5,356.5,13.6,0.1,12.1,3,941,4.7
Layla - TVTC,22.27948,46.73319,9/1/2019 0:00,35.5,0.5,41,4,2.4,0,1.3,,2127.3,172.4,459.1,6621.3,467.8,999.9,6903.7,438.1,329.4,13.3,0.1,16.9,3,944.7,4.7
Layla - TVTC,22.27948,46.73319,10/1/2019 0:00,30.9,0.5,82,4,2,0,1.1,,1746.7,131.2,386.1,6659.7,445.5,945.7,6062.9,377.7,224.7,10.7,0.1,21.8,3,949.6,4.8
Layla - TVTC,22.27948,46.73319,11/1/2019 0:00,22.7,0.5,95,4.1,2,0,1.1,,1723.7,161.2,528.3,5485,428.7,1813,4899.4,334,613.4,11.5,0.1,41.9,3.1,953.3,4.9
Layla - TVTC,22.27948,46.73319,12/1/2019 0:00,18.8,0.5,59,4,2.3,0,1.2,,1374.2,138.5,591.1,5895.9,525.9,2638.5,4472.2,303.1,822.1,10.1,0.1,43.1,3,954.4,4.8
Layla - TVTC,22.27948,46.73319,1/1/2020 0:00,16.3,0.5,43,4,2.4,0,1.3,,1473.9,543,626.9,6498.5,1688.9,1898.1,5040.7,1094.2,488,12.3,0.1,35.5,3,955.1,4.8
Layla - TVTC,22.27948,46.73319,2/1/2020 0:00,19.8,0.5,75,4,2.6,0,1.4,,2383.7,687.3,796.2,5143.7,1550.4,1970.4,5617.1,1225.7,540.6,12.8,0.1,25.9,3,954.4,4.8
Layla - TVTC,22.27948,46.73319,3/1/2020 0:00,24.3,0.5,84,4,2.6,0.1,1.4,,3107.7,830.2,769.3,4811.8,1363.1,1897.9,6578.6,1382.9,755.1,13.6,0.1,23.7,3,949.9,4.8
Layla - TVTC,22.27948,46.73319,4/1/2020 0:00,29.2,0.5,97,4,2.7,0.1,1.6,,3371.3,876.1,630.3,4290.1,1271.4,1827.6,6680.1,1455.5,1010.4,14.7,0.1,34.9,3,948,4.8
Layla - TVTC,22.27948,46.73319,5/1/2020 0:00,34.1,0.5,44,4,2.6,0.1,1.4,,3319.9,846.5,723.2,5199.9,1424.9,1819.7,7397.1,1541.2,748.8,14.1,0.1,16.1,3,946.8,4.7
Layla - TVTC,22.27948,46.73319,9/1/2020 0:00,35,0.5,34,4,2.2,0,1.1,,2071.4,584.7,555.9,6883.4,1593.6,1138.1,7018.5,1433.6,254.4,13.6,0.1,14.4,3,944.7,4.7
Layla - TVTC,22.27948,46.73319,10/1/2020 0:00,28,0.5,16,4,2.2,0,0.9,,1289.4,321.7,242.6,8065.7,1662.5,538.7,6364.6,1296.1,281.2,11.5,0.1,17,3,950.6,4.8
Layla - TVTC,22.27948,46.73319,11/1/2020 0:00,23.2,0.5,105,4,2,0,1.1,,1265,448.3,430.6,6865.6,1603.6,1960.5,5140.4,1115,791.2,9.3,0.1,34.8,3,953.5,4.8
Layla - TVTC,22.27948,46.73319,12/1/2020 0:00,18,0.5,71,4,2.3,0,1.1,,1407.7,444.1,540.2,6100.6,1528.9,1769.2,4621.5,960.4,400.2,10.1,0.1,44,3,955.6,4.8
Layla - TVTC,22.27948,46.73319,1/1/2021 0:00,17.1,0.5,65,4,2.1,0,1.3,,1504.9,428.6,515,6045.3,1540.1,1964.9,4847.6,1052,697.1,11.7,0.1,36.7,3,955.8,4.8
Layla - TVTC,22.27948,46.73319,2/1/2021 0:00,19.6,0.5,52,4,2.6,0.1,1.4,,1881.4,682,803.6,6161,1668.8,2185.3,5678.9,1207.9,506.1,11.5,0.1,31.9,3,953.9,4.8
Layla - TVTC,22.27948,46.73319,3/1/2021 0:00,25.6,0.5,73,3.7,2.7,0.1,1.6,,2776.8,802.5,843.6,5583.3,1517.9,2005.7,6715.8,1420.6,693.1,12.8,0.1,18.4,3,950.8,4.7
Layla - TVTC,22.27948,46.73319,4/1/2021 0:00,29.8,0.5,59,4,2.3,0.1,1.6,,2991,834.4,715,5516,1581.5,2243.2,7200,1559.4,1080.9,15.7,0.1,15.4,3,949.1,4.8
Layla - TVTC,22.27948,46.73319,5/1/2021 0:00,35.3,0.5,80,3.7,2.1,0,1.3,,2868.5,672.7,488.6,6453.2,1498.1,946.5,7908.5,1570,194.9,15.7,0.1,11.3,3,944.8,4.7
Layla - TVTC,22.27948,46.73319,7/1/2021 0:00,37.9,0.5,28,3.7,2.4,0,1.4,,3041.2,762.6,701,5476.1,1490.4,1974.6,7298.5,1555.9,1029.8,14.4,0.1,22,3,938.4,4.7
Layla - TVTC,22.27948,46.73319,8/1/2021 0:00,38.3,0.5,40,4,2.5,0.1,1.4,,2865.8,234.5,607.4,5796.8,414.1,1189,7328.8,445.6,325.1,16,0.1,14.4,3,941.1,4.7
Layla - TVTC,22.27948,46.73319,9/1/2021 0:00,34.3,0.5,15,4,2.5,0.1,1.4,,2223,549.3,540.2,6629.5,1582.8,1139,7008.4,1415.4,270,14.1,0.1,14.4,3,944.2,4.7
Layla - TVTC,22.27948,46.73319,10/1/2021 0:00,30.4,0.5,44,4,2.3,0,1.2,,1722.3,154.8,352.3,6798.2,446.5,792.6,6124.2,394.3,325.2,10.9,0.1,20.8,3,950,4.8
Layla - TVTC,22.27948,46.73319,11/1/2021 0:00,24,0.5,69,4,1.9,0,1.2,,1438.3,102.7,222.3,6557.9,448.8,737,5205.4,330.7,311.4,9.9,0.1,28.4,3,953.1,4.8
Layla - TVTC,22.27948,46.73319,12/1/2021 0:00,18.4,0.5,62,4,1.7,0,1.4,,1425.4,117.8,431,6196,459.6,1464.5,4724.3,293.8,315,10.7,0.1,37.4,3,955.3,4.8
Qassim - University,26.34668,43.76645,1/1/2017 0:00,14.5,0.5,50,4,2.5,0,1,,1606,423.1,526.5,4731.7,1234.2,1634.2,4094.5,865.5,378.6,13.9,0.1,34.1,3,941.4,4.7
Qassim - University,26.34668,43.76645,1/2/2017 0:00,14,0.5,63,4,2.6,0,1.1,,2049.5,580,641.7,4933.4,1451.6,1809.6,4995.2,1058.9,478.7,11.2,0.1,27.6,3,941.7,4.7
Qassim - University,26.34668,43.76645,1/3/2017 0:00,21.2,0.5,84,4,3.1,0.1,1.7,,2961.8,706.8,673.1,3190.8,1206.9,1916.4,5192.9,1187.9,1109.5,19.7,0.1,32.5,3,936.5,4.7
Qassim - University,26.34668,43.76645,1/4/2017 0:00,27.5,0.5,70,4,3.1,0.1,1.4,,3327.2,834.9,759.9,3092.3,1286.8,2067.6,5662.7,1390.8,1202.6,15.7,0.1,20.9,3,937.2,4.7
Qassim - University,26.34668,43.76645,1/5/2017 0:00,32.8,0.5,57,4,2.7,0,1.3,,3562.9,846.1,657,3668.1,1073.6,1414.9,6486.8,1453.5,676.7,14.9,0.1,15.7,3,934.5,4.7
Qassim - University,26.34668,43.76645,1/6/2017 0:00,,,,,,,,,,,,,,,,,,,,,,,
Qassim - University,26.34668,43.76645,1/9/2017 0:00,34.3,0.5,,,,,,,2292.2,182.1,404.4,6320.1,463.7,1015.8,6762.1,465.2,365.2,,,10.9,3,934.4,4.6
Qassim - University,26.34668,43.76645,1/10/2017 0:00,28.9,0.5,,,,,,,1928.7,140.9,475.3,6183.4,404.9,1248.9,5795.1,351.3,391.7,,,16.9,3,937.5,4.7
Qassim - University,26.34668,43.76645,1/11/2017 0:00,21.4,0.5,,,,,,,1906.5,160.3,519,4441.6,423.8,2055.8,4357.5,309.9,785.9,,,34.5,3,940.3,4.7
Qassim - University,26.34668,43.76645,1/3/2018 0:00,24.4,0.5,113,4,2.8,0,1.3,,2705,89.9,661.5,4762.2,190.1,2221.4,5981,184.6,1128.2,15.5,0.1,22.2,3,937.8,4.7
Qassim - University,26.34668,43.76645,1/4/2018 0:00,24.8,0.5,97,4,2.7,0,1.4,,3219.9,112.2,729.5,4156.5,232.8,2140.3,6390.6,244.2,1519.5,23.2,0.1,34.9,3,934.9,4.7
Qassim - University,26.34668,43.76645,1/5/2018 0:00,31.2,0.5,66,3.7,2.9,0.1,1.4,,3810.8,119.3,847.1,4120.8,202.9,1864.5,7093.2,246.9,954.6,21.3,0.1,19.3,3,934,4.6
Qassim - University,26.34668,43.76645,1/6/2018 0:00,35.5,0.5,351,4,2.5,0,1.1,,2636.8,95.2,662.6,7287,253.1,1487.4,8205.7,259.1,354.4,12.3,0.1,10.3,3,931,4.7
Qassim - University,26.34668,43.76645,1/7/2018 0:00,36.2,0.5,343,3.7,2.7,0,1.1,,2564.7,84,547.3,7195.6,223.4,1096.5,8062.4,210.8,221,12.5,0.1,9.9,3,929,4.6
Qassim - University,26.34668,43.76645,1/8/2018 0:00,35.6,0.5,350,4,2.5,0,1,,1802.8,62.4,378.8,8263.2,321.8,984.4,7805.5,292.3,302,14.7,0.1,11.1,3,930.4,4.7
Qassim - University,26.34668,43.76645,1/9/2018 0:00,35.5,0.5,,,,,,,2619.5,180,474.4,5344.1,432.6,1152.2,6456.9,398.6,391,,,13.6,3,934.2,4.7
Qassim - University,26.34668,43.76645,1/10/2018 0:00,27.6,0.5,134,3.7,2.4,0,1.2,,2059.4,65.7,516.1,5194.3,180.4,2217.5,5360.2,147.2,975.6,14.4,0.1,22.3,3,939.1,4.7
Qassim - University,26.34668,43.76645,1/11/2018 0:00,17.8,0.5,,,,,,,1756.4,141.3,570.2,2741.7,416.4,2198.3,3234.1,275.5,1235.2,,,74,3,940.9,4.7
Qassim - University,26.34668,43.76645,1/12/2018 0:00,16.3,0.5,,,,,,,1563.7,128.2,432.8,4302.4,395.5,2055.2,3730.9,253.4,729.4,,,59.6,3,942.3,4.7
Qassim - University,26.34668,43.76645,1/1/2019 0:00,16,0.5,0,0,0,0,0,,2114.2,103,539.5,2718.9,193.7,2035.7,3588.1,162.9,957.3,0,0,39.8,3,940.9,4.7
Qassim - University,26.34668,43.76645,1/2/2019 0:00,15.6,0.5,0,0,0,0,0,,1905.6,68.2,615.1,4665.4,217.8,2888,4661.1,163.9,1404.1,0,0,40.4,3,940.3,4.6
Qassim - University,26.34668,43.76645,1/3/2019 0:00,18.9,0.5,0,0,0,0,0,,2307.4,117.3,999.1,6017.3,352.1,3010.7,6246.9,294.6,1038.4,0,0,25.5,3,937.5,4.7
Qassim - University,26.34668,43.76645,1/4/2019 0:00,23.4,0.5,,,,,,,2586.3,654.6,841.2,5647.1,1243.1,2595.5,6714.5,1191.5,1179.3,,,31.4,3,936.8,4.7
Qassim - University,26.34668,43.76645,1/5/2019 0:00,31.6,0.5,0,0,0,0,0,,2966.5,721.3,524,4900,1349.4,1418.1,6794.2,1465.4,721.8,0,0,17.5,3,934.6,4.7
Qassim - University,26.34668,43.76645,1/6/2019 0:00,36.5,0.5,,,,,,,2440.8,614.1,521.6,7175.5,1655.1,1096.9,7884.2,1569.2,210.6,,,12.4,3,932,4.7
Qassim - University,26.34668,43.76645,1/7/2019 0:00,36.6,0.5,0,0,0,0,0,,2145.4,111.8,617.1,7665.6,349.9,1431.8,7872.2,371.5,339.3,0,0,8.5,3,929.1,4.7
Qassim - University,26.34668,43.76645,1/8/2019 0:00,35.8,0.5,0,0,0,0,0,,2134.7,79.9,568.8,7291.1,267.1,1503.6,7468.5,243.2,498.8,0,0,8.9,3,930.5,4.7
Qassim - University,26.34668,43.76645,1/9/2019 0:00,34.9,0.5,,,,,,,2103.7,224.3,605.2,6459.2,474.1,1302.5,6638.5,412.1,333.4,,,14.6,3,933.4,4.7
Qassim - University,26.34668,43.76645,1/10/2019 0:00,29.7,0.5,,,,,,,2095.3,163.9,447.7,5015.7,387.8,1348.7,5303.2,362.4,551,,,27,3,937.3,4.7
Qassim - University,26.34668,43.76645,1/11/2019 0:00,20.4,0.5,,,,,,,1633.5,150.9,496.2,4247.1,467.6,2473.9,3935.3,291,1062.4,,,48.9,3,940.2,4.7
Qassim - University,26.34668,43.76645,1/12/2019 0:00,16.5,0.5,,,,,,,1116.5,99.3,387.5,6431.9,479.5,1430,4256.8,263,252,,,42.6,3,940.9,4.7
Qassim - University,26.34668,43.76645,1/1/2020 0:00,13.1,0.5,,,,,,,1150.9,347.1,493.7,6824.1,1641.4,1858.2,4603.5,996.4,472.5,,,37.3,3,941.9,4.7
Qassim - University,26.34668,43.76645,1/2/2020 0:00,17.2,0.5,,,,,,,1827.2,589.1,785.1,5811.4,1740.3,2674.2,5205.5,1184.3,832.1,,,32.5,3,940.9,4.7
Qassim - University,26.34668,43.76645,1/3/2020 0:00,21.1,0.5,,,,,,,2640.2,729.6,890.7,5124.5,1708.5,2455.6,6086.5,1354.6,766.5,,,27.6,3,937.3,4.7
Qassim - University,26.34668,43.76645,1/4/2020 0:00,25.9,0.5,,,,,,,2952.8,816.7,773.9,5214.9,1602.1,2001.8,6862,1497.2,780.6,,,29.5,3,935.4,4.7
Qassim - University,26.34668,43.76645,1/5/2020 0:00,31.6,0.5,,,,,,,3364.9,907.3,908.7,4652.3,1405.2,2217.1,6955,1495.9,831,,,17.3,3,935.5,4.7
Qassim - University,26.34668,43.76645,1/9/2020 0:00,34.2,0.5,,,,,,,1974.5,562.5,472.3,6899.5,1596,1071,6766.1,1393.3,245.2,,,13.2,3,933.9,4.7
Qassim - University,26.34668,43.76645,1/10/2020 0:00,27.1,0.5,,,,,,,1229.2,301.2,270.1,7890.1,1747.3,777.7,5966,1229.4,297.7,,,15.9,3,939.2,4.7
Qassim - University,26.34668,43.76645,1/11/2020 0:00,21.4,0.5,115,3.7,2.7,0.1,1.2,,1775.9,498.8,507.4,4415.8,1453.1,2276,4189.1,996.1,888.4,16.8,0.1,37.3,3,939.7,4.7
Qassim - University,26.34668,43.76645,1/12/2020 0:00,16.3,0.5,,,,,,,1602,431,429.6,3877.2,1318.8,2303.4,3542.3,843.8,878.3,,,56.9,3,942.3,4.7
Qassim - University,26.34668,43.76645,1/1/2021 0:00,15.4,0.5,77,4,2.2,0,1,,1565.2,393.3,484.9,5232.9,1534.8,2116,4324.1,930.6,766.7,12.8,0.1,39.6,3,942.1,4.7
Qassim - University,26.34668,43.76645,1/2/2021 0:00,17.3,0.5,,,,,,,1995.1,585.1,679.8,5010.9,1645,2356,4934.7,1151.1,873,,,43.8,3,940.8,4.7
Qassim - University,26.34668,43.76645,1/3/2021 0:00,23.3,0.5,,,,,,,2887.1,809,907.7,4835.4,1468.6,2006.8,6224.9,1308.4,629.9,,,24.5,3,938,4.7
Qassim - University,26.34668,43.76645,1/4/2021 0:00,27.6,0.5,52,3.7,2.6,0,1.2,,3047.9,748.9,628.2,5259.9,1501,1713.3,7034.1,1701.5,739.3,12.3,0.1,13.2,2.9,937.3,4.6
Qassim - University,26.34668,43.76645,1/5/2021 0:00,33.9,0.5,,,,,,,2852.1,760.8,830.9,6368.6,1763.5,1964.8,7720.9,1613.3,599.4,,,13.2,3,933.4,4.6
Qassim - University,26.34668,43.76645,1/7/2021 0:00,38.3,0.5,17,4,2.7,0,1.1,,2438.2,596.6,499,7311.4,1672,1189.6,7965.1,1569.8,355.7,13.1,0.1,8.1,3,927.8,4.6
Qassim - University,26.34668,43.76645,1/8/2021 0:00,37.1,0.5,,,,,,,2058.5,147.6,461.6,7484.7,526.8,1152.3,7559.1,468.6,283.3,,,12.3,3,930.6,4.7
Qassim - University,26.34668,43.76645,1/9/2021 0:00,33.6,0.5,,,,,,,1967.4,565.4,490.9,6843.5,1585.7,1147.9,6726.1,1384,307.7,,,15.2,3,933.3,4.7
Qassim - University,26.34668,43.76645,1/10/2021 0:00,29.9,0.5,123,4,2.3,0,1,,1790.8,108.3,382.1,6262.6,320.8,1070.8,5703.1,3782.1,439,12,0.1,13.2,3,937.6,4.7
Qassim - University,26.34668,43.76645,1/11/2021 0:00,21.7,0.5,,,,,,,1515.6,135.2,408.1,5676.8,432.5,1345.3,4597.6,299.1,392.3,,,30.7,3,940.4,4.7
Qassim - University,26.34668,43.76645,1/12/2021 0:00,16.4,0.5,,,,,,,1784.2,136.1,513.1,3645.1,402.7,2181.4,3613.5,253.2,792.4,,,42.1,3,941.8,4.7
Osfan - KAU,21.89252,39.2539,1/1/2017 0:00,24.4,0.5,8,4,2.9,0.1,1.6,,1567.1,390.4,333.4,4919.9,1124.3,1277.4,4327,884.2,437.2,13.1,0.1,71.7,3,1001.7,5
Osfan - KAU,21.89252,39.2539,2/1/2017 0:00,23.8,0.5,21,4,3.9,0.1,1.9,,2375.4,571.5,622,3136,1436.5,2355.8,4364.7,1110.3,1156.5,16.8,0.1,54.7,3,1001.3,5
Osfan - KAU,21.89252,39.2539,3/1/2017 0:00,25.9,0.5,357,4,3.6,0.1,1.8,,2671.2,761.4,802,4086.5,1285.7,2153.9,5568.6,1247.8,838.2,12.5,0.1,64,3,997.8,5
Osfan - KAU,21.89252,39.2539,4/1/2017 0:00,30.2,0.5,344,4,3.8,0.1,2.1,,2994.4,690.9,507.6,4025.6,1243.3,1233,6123.2,1277.3,477.3,18.4,0.1,53.4,3,996.6,5
Osfan - KAU,21.89252,39.2539,5/1/2017 0:00,32.7,0.5,354,4,3.6,0.1,1.8,,2983.5,716.5,527.6,4517.1,1189.6,1411.3,6547.2,1369.3,646.8,16.5,0.1,49.6,3,995.2,5
Osfan - KAU,21.89252,39.2539,6/1/2017 0:00,,,,,,,,,,,,,,,,,,,,,,,
Osfan - KAU,21.89252,39.2539,10/1/2017 0:00,30.6,0.5,352,4,2.7,0.1,1.4,,1764.7,117.5,209.3,5868.9,393.1,659.1,5653.9,349.7,337.8,11.5,0.1,72.4,3,996.7,5
Osfan - KAU,21.89252,39.2539,11/1/2017 0:00,28.1,0.5,5,4,3,0.1,1.5,,1781.3,132.6,346.1,4614.5,357.4,1320.3,4491.7,290,510.9,15.2,0.1,69.8,3,999.3,5
Osfan - KAU,21.89252,39.2539,3/1/2018 0:00,28.2,0.5,341,4,3.2,0.1,1.9,,2231.4,213.3,725.3,6115,483.7,1728.9,6460.5,415.4,463.5,17.3,0.1,49.9,3,997.8,5
Osfan - KAU,21.89252,39.2539,4/1/2018 0:00,29.4,0.5,358,4,3.2,0.1,1.7,,2679.4,225.5,694.3,5946.1,540.2,1599.6,7129.6,476,483.7,14.4,0.1,46.2,3,995.7,5
Osfan - KAU,21.89252,39.2539,5/1/2018 0:00,33.3,0.5,340,4,3.7,0.1,2.1,,3148.5,255.3,789.9,5293.3,495.4,1617.9,7282,466.3,372.4,18.9,0.1,39.5,3,993.8,5
Osfan - KAU,21.89252,39.2539,6/1/2018 0:00,33.9,0.5,342,4,3.3,0.1,1.8,,3114.1,245.7,857.3,5273.3,532,1919.5,7254,468.8,521,17.1,0.1,46.5,3,991.6,5
Osfan - KAU,21.89252,39.2539,7/1/2018 0:00,34.7,0.5,337,4,3,0.1,1.4,,2931.9,224.3,649,5391.5,504.9,1381.4,7178.2,520.5,302.7,12.5,0.1,44.5,3,991.7,5
Osfan - KAU,21.89252,39.2539,8/1/2018 0:00,34.5,0.5,340,4,3.2,0.1,1.6,,2527.4,203.6,563.8,5710.6,463.8,1272.5,6917.8,440.1,350.4,14.4,0.1,51,3,992,5
Osfan - KAU,21.89252,39.2539,9/1/2018 0:00,33.7,0.5,290,4,2.9,0.1,1.9,,3098.6,231.9,455.2,3795.7,295.6,903.1,6019.8,378.8,262.2,19.2,0.1,64.1,3,993.4,5
Osfan - KAU,21.89252,39.2539,10/1/2018 0:00,31.5,0.5,342,3.7,2.7,0.1,1.9,,2130.2,158.9,432.3,4637.2,384.7,1737.3,5231,359.1,1082.6,20,0.1,59.5,3,997.4,5
Osfan - KAU,21.89252,39.2539,11/1/2018 0:00,27.7,0.5,36,3.7,3.1,0.1,1.8,,1787.2,143.2,454.7,4049,469.3,2004.3,4096.6,314.3,998.4,17.6,0.1,56,3,999.3,5
Osfan - KAU,21.89252,39.2539,12/1/2018 0:00,25.3,0.5,17,3.7,3,0.1,1.8,,1781.4,158.6,520,4062.4,518.9,2282.4,3975.6,294.3,746.2,14.7,0.1,62.7,3,1001.6,5
Osfan - KAU,21.89252,39.2539,1/1/2019 0:00,24.7,0.5,13,3.7,3.2,0.1,2,,2080.9,151.5,494.6,3446.8,375.3,2009.5,4045.3,300.7,887.5,18.1,0.1,64.3,3,1001.7,5
Osfan - KAU,21.89252,39.2539,2/1/2019 0:00,24.5,0.5,16,4,3.7,0.1,2.2,,2226.6,184.8,669.8,4016,502.2,2586.3,4778,369.8,1147.2,16.3,0.1,54.3,3,1000.8,5
Osfan - KAU,21.89252,39.2539,3/1/2019 0:00,24.9,0.5,14,4,4,0.1,2,,2396.7,199.9,763.6,5632.6,513.3,2326.1,6251.3,412.3,969.8,16.8,0.1,51.1,3,999.6,5
Osfan - KAU,21.89252,39.2539,4/1/2019 0:00,28.4,0.5,358,4,3.6,0.1,1.9,,2699.6,725.7,1103.4,5723.3,1289.2,2554.2,6915.2,1204.2,646.6,16,0.1,48.7,3,996.9,5
Osfan - KAU,21.89252,39.2539,5/1/2019 0:00,33.6,0.5,337,4,3.1,0.1,1.6,,2870.1,695.4,493.7,5217.8,1202.9,1003.5,6965.7,1404,270.2,14.4,0.1,41.3,3,994.8,4.9
Osfan - KAU,21.89252,39.2539,6/1/2019 0:00,35,0.5,358,4,3.7,0.1,1.9,,3122,787.9,494.4,4851,1270.4,1333.7,7003.8,1464.5,576.5,23.2,0.1,43,3,992.2,5
Osfan - KAU,21.89252,39.2539,7/1/2019 0:00,34.6,0.5,353,4,3.2,0.1,1.7,,2705,254.7,721.8,5875.9,497.2,1516.3,7240.6,450.1,363.3,14.1,0.1,45.7,3,990.9,5
Osfan - KAU,21.89252,39.2539,8/1/2019 0:00,34.4,0.5,319,4,3.3,0.1,1.8,,2505.4,189.3,494.2,5849.7,400.1,1112.1,6971,435.1,374.6,14.9,0.1,51.7,3,992.6,5
Osfan - KAU,21.89252,39.2539,9/1/2019 0:00,32.9,0.5,340,4,3,0.1,1.8,,2592.7,191.4,467.2,4759.2,359.1,1085.8,6188.8,390.2,391.3,15.2,0.1,61.5,3,992.8,4.9
Osfan - KAU,21.89252,39.2539,10/1/2019 0:00,31.6,0.5,340,3.8,2.9,0.1,1.9,,2163.3,197,549.1,4866.9,398.9,1355.7,5377.9,391.4,355,19.2,0.1,59.4,3.1,996.8,5.1
Osfan - KAU,21.89252,39.2539,11/1/2019 0:00,28.9,0.5,17,3.8,2.7,0,1.4,,1693.7,134,384,5039.4,443.1,1481.2,4634.7,325,573.9,14.9,0.1,57.3,3,998.2,5.1
Osfan - KAU,21.89252,39.2539,12/1/2019 0:00,25.2,0.5,34,4,3.7,0.1,1.7,,1560.3,128.2,511.5,5176.9,445.4,1877.8,4307.9,290,495.7,17.3,0.1,55,3,1000.8,5
Osfan - KAU,21.89252,39.2539,1/1/2020 0:00,21.9,0.5,29,4,4,0.1,1.8,,1405.7,472.5,545.8,6219.5,1588.3,2113.1,4818.4,1048.8,648.1,15.5,0.1,49.7,3,1003.4,5
Osfan - KAU,21.89252,39.2539,2/1/2020 0:00,23.4,0.5,12,4,3.5,0.1,1.8,,2221.3,624.9,720.2,4385.6,1562.5,2517.8,4959.4,1216.1,1023.9,14.4,0.1,56.3,3,1002,5
Osfan - KAU,21.89252,39.2539,3/1/2020 0:00,25.6,0.5,3,3,3.6,0.1,2.1,,2436.8,639.3,750.1,5455.8,1647.6,1988.3,6308.6,1371.2,1092.3,21.3,0.1,54.4,3,998.1,5
Osfan - KAU,21.89252,39.2539,4/1/2020 0:00,,,,,,,,,,,,,,,,,,,,,,,
Osfan - KAU,21.89252,39.2539,9/1/2020 0:00,34.7,0.5,302,3.7,2.8,0.1,1.8,,2468.7,569,337.5,5044.1,1140.7,772.5,6212.3,1271.9,286.5,14.1,0.1,56.4,3,992,4.9
Osfan - KAU,21.89252,39.2539,10/1/2020 0:00,32.8,0.5,67,4,3.1,0.1,2,,1698.5,487.8,563.2,6251.9,1550,1422.7,5750.3,1207.9,361.9,24.5,0.1,45.7,3,996.6,5
Osfan - KAU,21.89252,39.2539,11/1/2020 0:00,28.3,0.5,10,3.7,2.6,0.1,1.8,,1592.7,422.3,392.7,4940.1,1385.6,1592.4,4439.9,961.5,720.7,15.5,0.1,61,3,999.5,5
Osfan - KAU,21.89252,39.2539,12/1/2020 0:00,26.2,0.5,16,4,2.1,0.1,1.9,,1688.5,443.3,550.6,4413.6,1504.7,2175.5,4033,924.4,615.4,15.2,0.1,58.3,3,1000.7,5
Osfan - KAU,21.89252,39.2539,1/1/2021 0:00,25.2,0.5,41,4,3.3,0.1,2,,1805.4,562.3,610.3,4510.2,1365.9,1923.5,4348.2,980.5,630.2,18.7,0.1,58.4,3,1000.9,5
Osfan - KAU,21.89252,39.2539,2/1/2021 0:00,24.5,0.5,15,3.7,3.5,0.1,2.2,,1814.4,569,605.4,5131.2,1638,2284.9,5016.3,1182,1066.8,17.3,0.1,58,3,1000.7,5
Osfan - KAU,21.89252,39.2539,3/1/2021 0:00,27.4,0.5,352,4,3.3,0.1,1.9,,2445.2,671.4,652.7,5248.1,1388.2,1372,6161.8,1289,405.4,17.9,0.1,57.5,3,997.9,5
Osfan - KAU,21.89252,39.2539,4/1/2021 0:00,29.7,0.5,349,3.7,3.4,0.1,2,,2720.1,713.2,584.3,5245.5,1391.3,1305,6718.8,1402.3,453.5,20.8,0.1,50.7,3,996.7,5
Osfan - KAU,21.89252,39.2539,5/1/2021 0:00,32.4,0.5,317,3.7,2.7,0.1,1.6,,2251.1,613.2,618.7,6793,1805.4,1478.2,7387,1526.1,367.1,12.5,0.1,53.1,3,994.1,4.9
Osfan - KAU,21.89252,39.2539,7/1/2021 0:00,33.9,0.5,303,4,3.2,0.1,1.9,,3104.8,783.2,529.6,4465.3,1206.9,1480.7,6627.9,1405.2,673.8,16.3,0.1,53.2,3,990.2,5
Osfan - KAU,21.89252,39.2539,8/1/2021 0:00,34.7,0.5,322,4,3.1,0.1,1.7,,2739,217,541.6,4890.9,414,1228.2,6560.8,435.7,423.3,14.9,0.1,56.1,3,991.1,5
Osfan - KAU,21.89252,39.2539,9/1/2021 0:00,32.8,0.5,341,4,3.2,0.1,1.7,,2714.6,649.6,411.5,4315.4,1085.5,1105.4,5972.5,1253.4,440.4,22.1,0.1,63.8,3,992.7,5
Osfan - KAU,21.89252,39.2539,10/1/2021 0:00,31.1,0.5,344,3.7,2.5,0.1,1.5,,1853.6,150.8,296.7,5513.5,387,619.8,5533.7,364.5,300.2,12.8,0.1,65.5,3,996.5,5
Osfan - KAU,21.89252,39.2539,11/1/2021 0:00,28.5,0.5,6,4,2.5,0.1,1.5,,1386.1,107.3,238.8,5330.4,397.4,1447.3,4506.5,310,890.9,13.6,0.1,62.1,3,998.9,5
Al Uwayqilah,30.327166,42.253735,1/4/2021 0:00,24.9,0.5,311,4,3.9,0.1,2.3,,2497.5,226,1053.4,6127,546.7,2366.7,6817.4,430.3,526.5,24.8,0.1,19.4,3,963.8,4.8
Al Uwayqilah,30.327166,42.253735,1/10/2021 0:00,26.6,0.5,70,4,3.2,0.1,1.7,,1705,443.6,460.8,5423.6,1310.7,1277.8,4938.5,1012.5,382.6,12.5,0.1,22.2,3,963.8,4.8
Al Uwayqilah,30.327166,42.253735,1/11/2021 0:00,17.9,0.5,334,4,3.1,0.1,1.6,,1358.3,442.8,550.8,4998.1,1483.9,2109.7,3868.8,880.4,545.5,13.3,0.1,37.7,3,967.4,4.9
Al Uwayqilah,30.327166,42.253735,1/12/2021 0:00,12.7,0.5,249,4,2.9,0.1,1.8,,1420,407.6,504.1,3801.5,1324,2196.2,3175.3,716.2,568.7,13.1,0.1,47.4,3,968.6,4.9
Hada Al Sham - KAU,21.80117,39.72854,1/1/2017 0:00,24.6,0.5,275,4,1.7,0,1.4,,1576.4,430.8,416.8,4993.9,1137.8,1568.2,4408.1,896.9,513.2,10.1,0.1,61,3,987.8,4.9
Hada Al Sham - KAU,21.80117,39.72854,2/1/2017 0:00,24,0.5,9,4,2.8,0.1,2.2,,2232.5,550.8,584.9,2989.1,1470.1,2354.6,4151,1098.9,1204,19.7,0.1,46.8,3,987.3,4.9
Hada Al Sham - KAU,21.80117,39.72854,3/1/2017 0:00,26.9,0.5,266,4,2,0,1.6,,2605.2,732,738.5,3849.1,1214.4,2004.4,5374.8,1222.8,800.1,13.3,0.1,50.7,3,983.8,4.9
Hada Al Sham - KAU,21.80117,39.72854,4/1/2017 0:00,31.7,0.5,252,4,2.1,0,1.6,,2869.7,680.1,468,3937.6,1132,1150.1,5999.1,1240.9,520,15.7,0.1,38,3,982.8,4.9
Hada Al Sham - KAU,21.80117,39.72854,5/1/2017 0:00,34.6,0.5,280,4,2.1,0,1.6,,2984.3,725.1,541.1,4711.6,1147.7,1053.1,6750,1364.6,406.7,13.3,0.1,33.4,3,981.4,4.9
Hada Al Sham - KAU,21.80117,39.72854,6/1/2017 0:00,35.2,0.5,259,4,2,0,1.7,,2732.3,232.2,631.2,5928.5,490.1,1474.9,7303.9,463,367.3,12,0.1,34,3,977.8,4.9
Hada Al Sham - KAU,21.80117,39.72854,9/1/2017 0:00,35.3,0.5,247,4,2.3,0.1,1.7,,2651.4,230.1,391.7,4646,402.4,982,6183.4,526,370.6,13.6,0.1,43.3,3,979.9,4.9
Hada Al Sham - KAU,21.80117,39.72854,10/1/2017 0:00,31.6,0.5,256,3.7,1.7,0,1.5,,1732.9,118.3,209.4,6069.7,413,692.1,5780.6,360.6,388.4,12.3,0.1,49.6,3,983.2,4.9
Hada Al Sham - KAU,21.80117,39.72854,11/1/2017 0:00,28.4,0.5,261,4,1.7,0,1.4,,1667.8,136,361,4858.2,386.6,1462.4,4581.6,299.7,668.1,11.2,0.1,57.2,3,985.6,4.9
Hada Al Sham - KAU,21.80117,39.72854,3/1/2018 0:00,28.2,0.5,252,4,2,0.1,1.7,,2220.1,185.1,669.9,6090.5,481.7,1742.6,6510.6,424.5,555.5,14.4,0.1,38.4,3,984.3,4.9
Hada Al Sham - KAU,21.80117,39.72854,4/1/2018 0:00,29.6,0.5,262,4,2.1,0.1,1.6,,2751,230.5,698,5662.1,503.9,1757.6,7066.7,466.4,641.8,12,0.1,35.2,3,982.2,4.9
Hada Al Sham - KAU,21.80117,39.72854,5/1/2018 0:00,33.9,0.5,274,4,2.5,0.1,1.9,,3206.6,261.2,730.8,5161.2,456.5,1575.3,7265.9,462.6,412.7,14.7,0.1,28.4,3,980.4,4.9
Hada Al Sham - KAU,21.80117,39.72854,6/1/2018 0:00,35.1,0.5,273,4,2.4,0.1,1.7,,3182.3,271.3,848.6,5201.8,502.4,1991.8,7274,473.1,590.4,14.9,0.1,30,3,978.2,4.9
Hada Al Sham - KAU,21.80117,39.72854,7/1/2018 0:00,34.5,0.5,283,3.7,2.2,0.1,1.7,,2989,227.7,770.9,5476,530.9,1631.2,7251.2,537.3,376.3,12.5,0.1,30.4,3,978.4,4.9
Hada Al Sham - KAU,21.80117,39.72854,8/1/2018 0:00,34.5,0.5,287,4,2.4,0.1,1.8,,2558.4,188.2,588.9,5718.3,449.8,1508.4,6941.3,448.7,517.7,13.3,0.1,35,3,978.6,4.9
Hada Al Sham - KAU,21.80117,39.72854,9/1/2018 0:00,34.4,0.5,243,4,2.2,0,1.5,,3019.6,226.6,433.9,3925.1,314.9,791.7,6064.4,376.9,234.3,16.5,0.1,48.7,3,980.2,4.9
Hada Al Sham - KAU,21.80117,39.72854,10/1/2018 0:00,31.2,0.5,249,3.7,2.1,0,1.6,,2017.2,153.1,370.6,4820.8,385.3,1796.5,5283.7,360.6,1080.4,15.5,0.1,45.6,3,984.2,4.9
Hada Al Sham - KAU,21.80117,39.72854,11/1/2018 0:00,26,0.5,314,4,1.7,0,1.5,,1778.7,137.4,392.5,3773,393,2012.6,3986.5,293.8,1086.6,13.3,0.1,61.1,3,986.1,4.9
Hada Al Sham - KAU,21.80117,39.72854,12/1/2018 0:00,24.3,0.5,292,4,1.7,0,1.2,,1787.3,142.5,450.1,3944.5,425.1,2110.2,3945.8,283,743.2,9.9,0.1,58.4,3,988,5
Hada Al Sham - KAU,21.80117,39.72854,1/1/2019 0:00,23.8,0.5,256,3.7,1.8,0,1.4,,1989.4,166.9,506.4,3655.1,424.7,1996.2,4115.1,314.6,843.1,13.9,0.1,60.7,3,988.1,4.9
Hada Al Sham - KAU,21.80117,39.72854,2/1/2019 0:00,24,0.5,314,3.7,2.3,0,1.7,,2181.9,210.7,653.9,4078.1,487.5,2637.1,4777.5,381.8,1269.2,15.5,0.1,49.5,3,987.1,4.9
Hada Al Sham - KAU,21.80117,39.72854,3/1/2019 0:00,24.6,0.5,302,4,2.5,0.1,1.9,,2349.6,214.4,853.8,5648.3,537.5,2589.1,6230.3,432.2,1177.4,20,0.1,41.6,3,985.8,5
Hada Al Sham - KAU,21.80117,39.72854,4/1/2019 0:00,29.1,0.5,270,4,2.3,0.1,1.6,,2751.7,726.4,1047.5,5575.1,1296.2,2464.2,6906.5,1212.6,681.1,13.6,0.1,37.4,3,983.2,4.9
Hada Al Sham - KAU,21.80117,39.72854,5/1/2019 0:00,33.1,0.5,249,3.7,2,0,1.6,,2958.4,685.4,503.4,4915.1,1267.2,1074,6841.2,1451.9,436.3,19.5,0.1,35.9,3,981.4,4.9
Hada Al Sham - KAU,21.80117,39.72854,6/1/2019 0:00,35.6,0.5,293,4,2.4,0.1,1.9,,3095,708,420.2,4821.7,1305.6,1342.5,6968.9,1518.8,759.9,15.2,0.1,28.9,3,978.8,4.9
Hada Al Sham - KAU,21.80117,39.72854,7/1/2019 0:00,34.8,0.5,295,4,2.2,0.1,1.8,,2747.2,491.6,636.2,5982,1373.8,1466.6,7390.4,1462.7,421.2,13.3,0.1,28.6,3,977.5,4.9
Hada Al Sham - KAU,21.80117,39.72854,8/1/2019 0:00,33.9,0.5,265,4,2.2,0.1,1.7,,2516.4,164.2,485,5552.8,394.5,1331.1,6803,439.4,715.9,17.9,0.1,41.9,3,979.3,4.9
Hada Al Sham - KAU,21.80117,39.72854,9/1/2019 0:00,33.9,0.5,261,4,2,0,1.6,,2587.3,209.2,456,4885,402.3,1192.9,6277.8,416.8,475.4,14.9,0.1,42.5,3,979.5,4.9
Hada Al Sham - KAU,21.80117,39.72854,10/1/2019 0:00,30.5,0.5,243,3.9,1.6,0,1.6,,1940.5,214.6,393.4,5294.1,452.2,1032.8,5533.9,492.1,315.4,23.5,0.1,55.3,3.2,983.7,5.2
Hada Al Sham - KAU,21.80117,39.72854,11/1/2019 0:00,27.5,0.5,277,3.8,1.6,0,1.7,,1673.9,143,406.5,4939,457.2,1670.5,4597.5,335.1,637.5,16.3,0.1,53.8,3.1,985,5.1
Hada Al Sham - KAU,21.80117,39.72854,12/1/2019 0:00,24.1,0.5,12,4,2.2,0.1,2.1,,1568.1,120.9,451.8,4959.9,448.1,1807.5,4264.9,294,562.8,17.1,0.1,51.5,3,987.3,4.9
Hada Al Sham - KAU,21.80117,39.72854,1/1/2020 0:00,21.1,0.5,355,4,2.6,0.1,2,,1408,436.9,588.2,6102.4,1656.1,2446.8,4793.9,1077.3,787.1,18.4,0.1,45.1,3,989.5,5
Hada Al Sham - KAU,21.80117,39.72854,2/1/2020 0:00,23.2,0.5,294,4,1.9,0,1.7,,2217,590.4,596.7,4158.9,1536.9,2272.7,4873.9,1215.7,1164.3,13.9,0.1,50.2,3,988.3,5
Hada Al Sham - KAU,21.80117,39.72854,3/1/2020 0:00,25.7,0.5,278,4,2,0.1,1.9,,2599.8,688.8,726.9,5377.8,1590.5,2041.1,6432.5,1395.7,928.7,15.5,0.1,42.3,3,984.6,4.9
Hada Al Sham - KAU,21.80117,39.72854,4/1/2020 0:00,28.8,0.5,260,4,1.8,0,1.7,,2288.5,727.2,796.3,6487.8,1878.4,2007.5,7119.5,1540.4,602.1,11.7,0.1,39,3,983.7,4.9
Hada Al Sham - KAU,21.80117,39.72854,5/1/2020 0:00,33.2,0.5,268,4,1.9,0,1.9,,2672.2,702.2,757,5689.8,1619.6,2109,7050,1508.4,1150.3,16.3,0.1,32.7,3,982,4.9
Hada Al Sham - KAU,21.80117,39.72854,9/1/2020 0:00,35.3,0.5,233,3.7,1.7,0,1.9,,2400.9,586.7,385.8,5322.1,1295.6,983,6392.7,1325.9,390.7,21.6,0.1,39.7,3,979.1,4.9
Hada Al Sham - KAU,21.80117,39.72854,10/1/2020 0:00,32.1,0.5,68,4,1.9,0,1.9,,1615.5,524.1,549.7,6810.4,1687.4,1531.1,6037.1,1272,380.2,23.2,0.1,34,3,983.7,4.9
Hada Al Sham - KAU,21.80117,39.72854,11/1/2020 0:00,27.5,0.5,263,3.7,1.2,0,1.4,,1625.3,410.6,351.1,5119,1462.9,1545.9,4634,1004.9,663.9,12,0,56.3,3,986.2,4.9
Hada Al Sham - KAU,21.80117,39.72854,12/1/2020 0:00,25.3,0.5,282,4,1.3,0,1.6,,1731.9,476.4,587.5,4494.3,1543.3,2289.4,4165,969.4,669.3,12.3,0.1,51.3,3,987.1,4.9
Hada Al Sham - KAU,21.80117,39.72854,1/1/2021 0:00,24,0.5,37,4,1.8,0.1,2.1,,1760.7,520.5,647.5,5016.3,1555.5,1968.9,4611,1033.2,501.6,17.9,0.1,51.5,3,987.5,5
Hada Al Sham - KAU,21.80117,39.72854,2/1/2021 0:00,23.6,0.5,322,4,1.9,0.1,2.1,,1893.5,523.4,543.1,4859.5,1753.5,2292.6,4965.1,1210.9,1210.9,15.7,0.1,52.3,3,987,4.9
Hada Al Sham - KAU,21.80117,39.72854,3/1/2021 0:00,27.5,0.6,242,4.2,1.6,0.1,1.8,,2368.3,568.2,480.5,5520.5,960.4,1206.6,6314.5,1264.1,413.2,14.1,0.1,43.5,3.4,984.3,5.5
Hada Al Sham - KAU,21.80117,39.72854,4/1/2021 0:00,30.1,0.5,357,3.7,1.8,0.1,1.8,,2883.8,738.3,682.8,4884.1,1405.5,1708.1,6643.7,1449.5,768.6,19.7,0.1,39.1,3,983.2,4.9
Hada Al Sham - KAU,21.80117,39.72854,5/1/2021 0:00,33.2,0.5,357,4,1.6,0,1.6,,2374,616.4,670,6797.4,1927,1717.1,7513.3,1597.2,481.1,18.7,0.1,34.8,3,980.7,4.9
Hada Al Sham - KAU,21.80117,39.72854,7/1/2021 0:00,34.3,0.5,357,4,2,0.1,1.8,,3150.5,777.3,506.3,4548.7,1239.1,1461.7,6766.8,1453.6,708.9,13.1,0.1,38,3,977.1,4.9
Hada Al Sham - KAU,21.80117,39.72854,8/1/2021 0:00,35.3,0.5,357,4,1.8,0,1.8,,2800.2,210.8,517.8,5117.3,431.8,1219.8,6800.4,437.9,419.1,12.5,0.1,39.6,3,978,4.9
Hada Al Sham - KAU,21.80117,39.72854,9/1/2021 0:00,33.5,0.5,357,4,1.6,0,1.7,,2779,688.8,457.6,4433,1206.9,1181.3,6135.9,1283.9,458.3,32,0.1,47.7,3,979.4,4.9
Hada Al Sham - KAU,21.80117,39.72854,10/1/2021 0:00,31.8,0.5,357,4,1.4,0,1.6,,1873.8,159.3,407.3,5781.3,419.1,945,5756.3,370.3,326.1,11.2,0.1,44.2,3,983.1,4.9
Hada Al Sham - KAU,21.80117,39.72854,11/1/2021 0:00,27.7,0.5,357,4,1.2,0,1.4,,1433.6,134.8,322.6,5484.8,427.7,1733.8,4633.4,319.2,958.6,12.5,0,50.8,3,985.4,4.9
Hada Al Sham - KAU,21.80117,39.72854,12/1/2021 0:00,24.9,0.5,357,4,1.2,0,1.4,,1664.7,138.3,477.4,4401.5,401.2,1986,4082.8,283,686.9,9.6,0.1,53.1,3,987.4,4.9
Yanbu - RCJY,23.98655,38.20451,1/1/2017 0:00,22.4,0.5,295,4,2.4,0.1,2.1,,1403.7,480,349.9,5130.4,1276.1,1196.4,4068.4,1038.2,297.9,15.7,0.1,53.9,3,1014.2,5.1
Yanbu - RCJY,23.98655,38.20451,1/2/2017 0:00,21.6,0.5,317,4,3.5,0.1,2.4,,1896.4,673.7,591.3,4096.8,1440.6,1651.7,4398.5,1241.4,494.1,15.7,0.1,38,3,1014.4,5.1
Yanbu - RCJY,23.98655,38.20451,1/3/2017 0:00,24.5,0.5,,,,,,,2165.1,686,898.2,4735.4,1459.7,2639,5382.1,1205.1,932,,,61.5,3,1009.5,5.1
Yanbu - RCJY,23.98655,38.20451,1/4/2017 0:00,28.9,0.5,,,,,,,2877.7,782.6,785.9,4572.9,1331.3,1794.9,6373.5,1460.4,1042.5,,,54.7,3,1008.1,5
Yanbu - RCJY,23.98655,38.20451,1/5/2017 0:00,30.9,0.5,,,,,,,2776.8,648.9,583,5403.8,1548.4,1830.2,6966.3,1497.4,871.8,,,59.9,3,1006.6,5
Yanbu - RCJY,23.98655,38.20451,1/6/2017 0:00,32.2,0.5,,,,,,,2320.3,166.9,400.2,6651.6,471.2,960.5,7400.9,446.5,225.5,,,63,3,1002.3,5
Yanbu - RCJY,23.98655,38.20451,1/9/2017 0:00,32.5,0.5,0,0,0,0,0,,2707,138.5,366,4926.1,253.4,782.6,6309.4,294.2,267.8,0,0,56.4,3,1004.7,5
Yanbu - RCJY,23.98655,38.20451,1/10/2017 0:00,30.1,0.5,,,,,,,1612,113.6,199.6,6353,425.8,654.3,5677.5,352.9,379.9,,,66.9,3,1008.1,5.1
Yanbu - RCJY,23.98655,38.20451,1/11/2017 0:00,26.5,0.5,0,0,0,0,0,,1566.3,256.8,408.3,5473.5,543.6,1460.2,4643.4,458.5,436.2,0,0,56,3.3,1011.7,5.5
Yanbu - RCJY,23.98655,38.20451,1/3/2018 0:00,27.3,0.5,,,,,,,1951.4,149.7,758.8,6653.8,488.7,1703.1,6473.9,394.2,355.3,,,53.6,3,1009.4,5.1
Yanbu - RCJY,23.98655,38.20451,1/4/2018 0:00,26.8,0.5,0,0,0,0,0,,2414.7,104.6,755.2,6962.9,286.4,1780.6,7540.4,244.7,528.3,0,0,56.5,3,1007.9,5
Yanbu - RCJY,23.98655,38.20451,1/5/2018 0:00,31.5,0.5,0,0,0,0,0,,3416.5,160.5,749.9,5288.5,366.6,1828.5,7572.4,355.7,834.8,0,0,44,3,1005.7,5
Yanbu - RCJY,23.98655,38.20451,1/6/2018 0:00,32,0.5,0,0,0,0,0,,2673,233.5,952.6,6763.5,550.6,2245.2,7806.4,583.5,633.4,0,0,52.8,3,1002.9,5
Yanbu - RCJY,23.98655,38.20451,1/9/2018 0:00,33,0.5,,,,,,,2942.9,542.8,357.1,3940.5,728.4,812.6,5913.7,1021.6,312.5,,,70.2,3,1004.4,5
Yanbu - RCJY,23.98655,38.20451,1/10/2018 0:00,31.4,0.6,,,,,,,1895.1,542.2,526.1,5506.6,1352.5,1205.2,5091.8,1133.5,1068,,,63.7,3.3,1008.8,5.6
Yanbu - RCJY,23.98655,38.20451,1/1/2019 0:00,22.5,0.5,0,0,0,0,0,,1845.6,59.7,526.2,3937.3,177.4,2497.3,4003.2,118.6,1016.8,0,0,52.7,3,1014.3,5.1
Yanbu - RCJY,23.98655,38.20451,1/2/2019 0:00,22.8,0.5,0,0,0,0,0,,2272,879.9,958.6,5237.1,1638.7,2951.1,5492.9,1912.9,1720.7,0,0,42.4,3,1013.4,5
Yanbu - RCJY,23.98655,38.20451,1/3/2019 0:00,23,0.5,0,0,0,0,0,,2012.5,193,808.4,6677.6,1589.6,2518.5,6508.9,853.4,1223.4,0,0,44.1,3,1012,5.1
Yanbu - RCJY,23.98655,38.20451,1/4/2019 0:00,26.3,0.5,0,0,0,0,0,,2464.4,735.9,1069.4,5801.4,1239.7,2445.6,6712.6,1189.8,644.1,0,0,44.9,3,1009.1,5.1
Yanbu - RCJY,23.98655,38.20451,1/5/2019 0:00,30.7,0.5,,,,,,,2701.5,685.5,592.2,5520.1,1361,1361,6962.3,1406.2,399.6,,,60.4,3,1006.6,5
Yanbu - RCJY,23.98655,38.20451,1/6/2019 0:00,33.7,0.5,,,,,,,2599.7,719.6,544.1,5929.6,1509,1436.1,7158.9,1463.8,540.8,,,51.4,3,1003.5,5
Yanbu - RCJY,23.98655,38.20451,1/7/2019 0:00,32.8,0.5,,,,,,,2027.4,523.1,573.1,7280.5,1782.9,1382.4,7510.8,1518.2,305.2,,,60.9,3,1001.9,5
Yanbu - RCJY,23.98655,38.20451,1/8/2019 0:00,33,0.5,,,,,,,2042.4,477.9,479.4,6653.7,1179.5,1191.6,7025.9,1274.4,354.6,,,64.2,3,1003.6,5
Yanbu - RCJY,23.98655,38.20451,1/9/2019 0:00,32.4,0.5,,,,,,,2351.6,621.8,478,5155.5,1424.6,1321.4,6107.9,1295.3,558.5,,,66.8,3,1004,5
Yanbu - RCJY,23.98655,38.20451,1/10/2019 0:00,31.6,0.5,,,,,,,1847.9,514.8,572.4,5226.6,1481,1673.7,5228.2,1085.4,678.9,,,64.1,3,1008.6,5
Yanbu - RCJY,23.98655,38.20451,1/11/2019 0:00,28.1,0.5,,,,,,,1384.1,416.3,487.5,5908.6,1524.4,1478.2,4664.3,1023.1,339,,,54.9,3,1010.5,5.1
Yanbu - RCJY,23.98655,38.20451,1/12/2019 0:00,23.7,0.5,,,,,,,2118.7,409.2,1159.1,4663.8,859.4,2396.1,4420.7,547.1,276,,,49.9,3,1013.6,5
Yanbu - RCJY,23.98655,38.20451,1/3/2020 0:00,24.5,0.5,,,,,,,3722.6,800,1320.4,4041.6,396.8,2053.7,6460.3,508.6,1073.1,,,55.9,3,,
Yanbu - RCJY,23.98655,38.20451,1/4/2020 0:00,26.8,0.5,,,,,,,2649.8,562.6,1137.5,6740.6,584.3,2169.9,7479.6,480.6,438.2,,,58.9,3,,
Yanbu - RCJY,23.98655,38.20451,1/5/2020 0:00,30.4,0.5,,,,,,,3911.5,368.5,1513.1,4731.9,465.4,2537.6,7279.1,465.4,1054.5,,,59.8,3,,
Yanbu - RCJY,23.98655,38.20451,1/9/2020 0:00,34.8,0.5,,,,,,,2187.1,154.5,378.4,6060.9,402.3,967.3,6499.6,397.2,310.5,,,55.3,3,,
Yanbu - RCJY,23.98655,38.20451,1/10/2020 0:00,32.3,0.5,,,,,,,1522.3,122.3,351.9,6915.9,510.7,917.8,5855.7,370.7,254.4,,,47.1,3.1,,
Yanbu - RCJY,23.98655,38.20451,1/11/2020 0:00,27.4,0.5,,,,,,,1322.1,120.6,473.4,6451.6,489.8,1483,4836.2,304.6,350.9,,,55.6,3,,
Yanbu - RCJY,23.98655,38.20451,1/12/2020 0:00,24.9,0.5,,,,,,,1455.7,134,545.1,5505.9,486.8,2174.1,4259.1,282.6,567.1,,,51.7,3,,
Yanbu - RCJY,23.98655,38.20451,1/1/2021 0:00,24.3,0.5,,,,,,,1559.2,160.9,716.4,5738.9,507.8,2261,4619.6,306,491.1,,,51,3,,
Yanbu - RCJY,23.98655,38.20451,1/2/2021 0:00,24,0.5,,,,,,,1478.2,466.2,500.5,6606.3,1733.9,2485.8,5394.4,1225.4,1055.2,,,51.3,3,,
Yanbu - RCJY,23.98655,38.20451,1/3/2021 0:00,26.4,0.5,,,,,,,2345.3,603.4,656,6031.9,1627.6,1388.2,6465.1,1290.5,230.7,,,56.5,3,,
Yanbu - RCJY,23.98655,38.20451,1/4/2021 0:00,28.8,0.5,,,,,,,2468.5,678.8,655.8,6589.4,1803.2,1533.5,7307.6,1518.9,346.9,,,53.8,3,,
Yanbu - RCJY,23.98655,38.20451,1/7/2021 0:00,33,0.5,,,,,,,2520.8,197.7,601.1,6017.1,451.6,1730.4,7109,437.9,727.4,,,61.8,3,,
Yanbu - RCJY,23.98655,38.20451,1/8/2021 0:00,33.7,0.5,,,,,,,2331.8,192.3,630.2,6078.4,467.9,1539.7,6883.5,422.5,461.3,,,62.7,3,,
Yanbu - RCJY,23.98655,38.20451,1/9/2021 0:00,32.1,0.5,,,,,,,2346.6,183.1,516.9,5279.2,415,1299.9,6150.4,380.5,419.8,,,66.7,3,,
Yanbu - RCJY,23.98655,38.20451,1/10/2021 0:00,29.6,0.5,0,0,0,0,0,,1817.2,117.5,234.2,5649.4,331.5,572.3,5533.9,311.8,339.6,0,0,64.9,3,1008.4,5.1
Yanbu - RCJY,23.98655,38.20451,1/11/2021 0:00,28,0.5,,,,,,,1272.1,118,337.8,6105,455.4,1382.7,4620.9,289.5,482.4,,,58.5,3,,
Yanbu - RCJY,23.98655,38.20451,1/12/2021 0:00,24.4,0.5,,,,,,,1385.3,128.2,561.3,4824.2,488.1,2518.1,3831.5,273,1077.1,,,53.1,3,,
Al Farshah - TQ TVTC,17.7749,43.17555,1/1/2017 0:00,23.8,0.5,54,4,1.9,0,1.2,,1323.8,378.3,417.1,6504.9,1403.2,1181.3,5253.8,1053.6,233.8,9.1,0.1,53.8,3,895.8,4.5
Al Farshah - TQ TVTC,17.7749,43.17555,2/1/2017 0:00,23.3,0.5,46,4,2,0,1.3,,2326,603.7,608.6,3505.4,1315.8,2100.9,4657.6,1117.3,1218.9,12.3,0.1,58.6,3,894.9,4.5
Al Farshah - TQ TVTC,17.7749,43.17555,3/1/2017 0:00,26.4,0.5,58,4,2.1,0,1.5,,2300.3,608.5,584.7,4717.9,1398.2,2086.6,5753,1273.7,1076.8,15.5,0.1,52.4,3,893,4.5
Al Farshah - TQ TVTC,17.7749,43.17555,4/1/2017 0:00,29.3,0.5,64,4,2.3,0.1,1.5,,2473.9,686.3,601,5866.1,1549.2,1694.8,6995.7,1464.2,905.1,13.1,0.1,35.6,3,893.1,4.5
Al Farshah - TQ TVTC,17.7749,43.17555,5/1/2017 0:00,29.4,0.5,63,4,2,0,1.6,,2776.4,652.1,467.2,4744.2,1242.7,1134.6,6580.1,1422.3,643.3,16.3,0.1,53.1,3,892.2,4.5
Al Farshah - TQ TVTC,17.7749,43.17555,6/1/2017 0:00,,,,,,,,,,,,,,,,,,,,,,,
Al Farshah - TQ TVTC,17.7749,43.17555,9/1/2017 0:00,31.1,0.5,51,4,2.4,0.1,1.6,,2299.6,281.2,521,5606,751.8,1197.6,6518.8,779,437.1,17.3,0.1,38.6,3,890.6,4.5
Al Farshah - TQ TVTC,17.7749,43.17555,10/1/2017 0:00,29.3,0.5,336,3.7,2.3,0,1.3,,1323,91.8,269.7,7616.6,546,696,6485.5,430.3,274.6,11.7,0.1,28,3,893.4,4.4
Al Farshah - TQ TVTC,17.7749,43.17555,11/1/2017 0:00,25.7,0.5,36,4,2.2,0,1.2,,1173.5,103.5,316.6,7198.1,525.9,1266.2,5619.6,393.4,443.8,10.1,0.1,38.8,3,894.6,4.5
Al Farshah - TQ TVTC,17.7749,43.17555,3/1/2018 0:00,26.8,0.5,38,4,2.3,0,1.5,,1745.2,134.4,448.6,7193.5,554.3,1375.8,6971.5,478.8,604.4,16,0.1,32.2,3,893.4,4.5
Al Farshah - TQ TVTC,17.7749,43.17555,4/1/2018 0:00,26.6,0.5,54,4,2,0,1.5,,2591,237.1,738.5,4620.9,425.2,2009.6,6168.1,443.6,1060.4,23.2,0.1,46.4,3,892.3,4.5
Al Farshah - TQ TVTC,17.7749,43.17555,5/1/2018 0:00,30,0.5,61,4,2.3,0.1,1.5,,2684.8,209.7,634.6,4991.3,410.8,1344.2,6640.5,433.2,818.9,13.3,0.1,39.7,3,891,4.5
Al Farshah - TQ TVTC,17.7749,43.17555,6/1/2018 0:00,31.3,0.5,60,4,2.1,0,1.5,,3549.4,276.8,734.9,2937,366.3,1732,5958.5,434.9,962.6,24.8,0.1,40.6,3,889.2,4.5
Al Farshah - TQ TVTC,17.7749,43.17555,7/1/2018 0:00,30.4,0.5,48,3.7,2.2,0,1.5,,3802.2,281.5,453.4,1788.5,200.5,1057.2,5318.7,392.7,897.2,19.5,0.1,43.6,3,889,4.4
Al Farshah - TQ TVTC,17.7749,43.17555,8/1/2018 0:00,29.2,0.5,54,3.7,2,0,1.5,,3387.1,248.6,422.3,2519.3,288.2,1096.8,5490.9,429.7,790.9,22.4,0.1,52,3,889.4,4.5
Al Farshah - TQ TVTC,17.7749,43.17555,9/1/2018 0:00,30.5,0.5,20,4,2.4,0.1,1.6,,2344.6,178.8,516.3,5328.5,410.8,1295.5,6400.2,432.5,578.7,16,0.1,41.1,3,891.1,4.5
Al Farshah - TQ TVTC,17.7749,43.17555,10/1/2018 0:00,27.5,0.5,275,4,2.2,0,1.5,,1725.7,146.7,479.2,5794.8,454.6,1874.1,5778.6,388.3,930.6,13.9,0.1,39.5,3,894.1,4.5
Al Farshah - TQ TVTC,17.7749,43.17555,11/1/2018 0:00,25,0.5,32,4,2,0,1.3,,1611.9,150.1,500.3,5364.2,469.7,1874.7,4929,387.2,782.9,14.9,0.1,48.3,3,894.8,4.4
Al Farshah - TQ TVTC,17.7749,43.17555,12/1/2018 0:00,23.3,0.5,46,3.7,1.9,0,1.2,,1332.3,111.7,344.6,6167.7,459.7,1243.8,4963.4,327.3,376.9,9.1,0,52.7,3,895.8,4.5
Al Farshah - TQ TVTC,17.7749,43.17555,1/1/2019 0:00,23.6,0.5,49,4,1.8,0,1.3,,1533.5,135.7,478,6242.8,459.9,1143,5345.5,329.3,205.6,9.3,0.1,50.7,3,896.1,4.5
Al Farshah - TQ TVTC,17.7749,43.17555,2/1/2019 0:00,24.5,0.5,49,4,2,0,1.4,,2299.9,194.1,513.8,4439.4,385.1,1622.6,5318.9,370.2,844.6,10.9,0.1,50.5,3,894.9,4.5
Al Farshah - TQ TVTC,17.7749,43.17555,3/1/2019 0:00,25.7,0.5,52,4,2.2,0.1,1.6,,2335.9,170.8,598.4,4903.6,442.6,2108.4,5948.5,418.1,1285.2,19.7,0.1,45.9,3,893.8,4.5
Al Farshah - TQ TVTC,17.7749,43.17555,4/1/2019 0:00,28.1,0.5,59,4,2.3,0,1.5,,2804.8,709.9,827.6,4668.9,1089.3,1874.3,6412.9,1275.7,819.8,18.1,0.1,43.9,3,892.7,4.5
Al Farshah - TQ TVTC,17.7749,43.17555,5/1/2019 0:00,28.1,0.5,67,4,2,0,1.5,,2697.1,761.1,682.5,4650.2,1260.8,1459.5,6343.7,1386.1,942.8,21.3,0.1,43.4,3,892.5,4.5
Al Farshah - TQ TVTC,17.7749,43.17555,6/1/2019 0:00,31.2,0.5,61,4,2.1,0,1.5,,2832.6,691,427.4,4033.9,1160.4,1261.5,6041.4,1344,824.4,16.5,0.1,43.9,3,889.6,4.5
Al Farshah - TQ TVTC,17.7749,43.17555,7/1/2019 0:00,31.2,0.5,47,4,2.2,0,1.5,,3556,709.3,425.1,2203.4,416.4,1036.8,5393.4,1068.4,698.1,19.5,0.1,43.3,3,888.2,4.4
Al Farshah - TQ TVTC,17.7749,43.17555,8/1/2019 0:00,28.8,0.5,51,4,2.2,0,1.4,,2937,219.1,411.1,3449.6,320.4,1335.5,5735.8,459.8,873.3,16.5,0.1,54.6,3,890.1,4.5
Al Farshah - TQ TVTC,17.7749,43.17555,9/1/2019 0:00,30.5,0.5,50,4,2.2,0,1.5,,2295.6,211.6,593.5,4871.9,419.1,1850.5,5977.4,412.7,866.1,13.3,0.1,42.2,3,890.4,4.5
Al Farshah - TQ TVTC,17.7749,43.17555,10/1/2019 0:00,27.5,0.6,40,4.1,2.3,0.1,1.4,,1690.2,147.9,467.6,5970.7,516.9,1643.3,5675.7,413.4,720.5,14.4,0.1,43.6,3.2,893.3,4.9
Al Farshah - TQ TVTC,17.7749,43.17555,11/1/2019 0:00,25.3,0.5,38,3.7,2,0,1.3,,1559.4,147.6,473.3,5647.2,454.9,1963.7,5069.7,351.6,868.5,12,0,45,3,894.1,4.4
Al Farshah - TQ TVTC,17.7749,43.17555,12/1/2019 0:00,23.3,0.5,47,3.7,1.9,0,1.2,,1444.5,127.2,414.6,5780.9,436.6,1599.1,4828.7,307.4,550.7,9.6,0,52.1,3,895.1,4.5
Al Farshah - TQ TVTC,17.7749,43.17555,1/1/2020 0:00,21.8,0.5,53,4,2,0,1.2,,1669.2,475,574.2,5022.5,1574.8,2571.3,4697.5,1096.2,1092.4,10.4,0.1,53.2,3,896,4.5
Al Farshah - TQ TVTC,17.7749,43.17555,2/1/2020 0:00,25.5,0.5,45,3.7,2.1,0,1.2,,2221.7,737.9,742.7,4481.5,1405.1,1919.1,5332.4,1317.4,885.2,10.9,0.1,47.1,3,894.9,4.5
Al Farshah - TQ TVTC,17.7749,43.17555,3/1/2020 0:00,25.5,0.5,56,3.7,2.1,0,1.4,,2581.1,675.3,569.2,4564,1319.8,1858.9,5972.7,1300.5,988.2,13.6,0.1,51.5,3,893.1,4.4
Al Farshah - TQ TVTC,17.7749,43.17555,4/1/2020 0:00,27.4,0.5,57,4,2,0,1.4,,2324.3,643.3,628.5,5260.8,1643,2212.3,6299.4,1436.3,1308.7,14.9,0.1,51.6,3,892.9,4.5
Al Farshah - TQ TVTC,17.7749,43.17555,5/1/2020 0:00,29.6,0.5,56,4,2.1,0,1.5,,2439.4,647.2,654.7,5140.1,1364.7,1752.4,6540.7,1415.3,946,16.5,0.1,43.4,3,892.4,4.5
Al Farshah - TQ TVTC,17.7749,43.17555,9/1/2020 0:00,30.1,0.5,81,3.7,2.2,0,1.5,,2029.4,611.8,640.2,5886.9,1469.4,1572.2,6443.4,1355.6,580.6,17.3,0.1,39.5,3,890.3,4.4
Al Farshah - TQ TVTC,17.7749,43.17555,10/1/2020 0:00,28.2,0.5,279,3.7,2.4,0,1.4,,1157.2,267.7,266.3,7732.7,1651.8,776.9,6347.6,1286.5,247.2,13.3,0.1,26.1,3,893.5,4.4
Al Farshah - TQ TVTC,17.7749,43.17555,11/1/2020 0:00,25.1,0.5,45,3.7,2,0,1.2,,1161.3,393.3,424.2,6380.2,1614.8,1872.4,5099.8,1173.4,758.2,12,0.1,48.3,3,894.9,4.5
Al Farshah - TQ TVTC,17.7749,43.17555,12/1/2020 0:00,23.5,0.5,47,3.7,1.9,0,1.2,,1149.8,292.3,260.7,6247.7,1443.1,836,4810.2,970.2,189.7,9.1,0.1,52.8,3,895.3,4.5
Al Farshah - TQ TVTC,17.7749,43.17555,1/1/2021 0:00,22.5,0.5,47,3.7,2,0,1.2,,1409.8,457.8,592.4,6365.1,1562.4,1723.7,5225.9,1136.4,645.2,9.1,0,46.5,3,895.1,4.5
Al Farshah - TQ TVTC,17.7749,43.17555,2/1/2021 0:00,23.4,0.5,50,3.7,2.1,0,1.3,,1808.6,549.7,606.2,5374.7,1565.1,2348.2,5356.4,1205.2,998.7,13.3,0.1,48.4,3,894.6,4.4
Al Farshah - TQ TVTC,17.7749,43.17555,3/1/2021 0:00,27,0.5,59,3.7,2.2,0.1,1.4,,2144.3,697.7,752.9,6129.5,1471.8,1477.5,6647.1,1354.7,396.2,11.5,0.1,36.7,3,893.4,4.4
Al Farshah - TQ TVTC,17.7749,43.17555,4/1/2021 0:00,27.3,0.5,54,3.7,2.2,0,1.5,,2522.8,715.4,606.9,5110.4,1393.1,1826.2,6493.8,1376,1114.3,18.4,0.1,39.9,3,893,4.5
Al Farshah - TQ TVTC,17.7749,43.17555,7/1/2021 0:00,29.2,0.5,54,3.7,2,0,1.4,,3261.8,736.3,588.6,2070,861.1,1380.4,4964.4,1228.9,1278.8,15.7,0.1,55.4,3,888.1,4.4
Al Farshah - TQ TVTC,17.7749,43.17555,8/1/2021 0:00,29.6,0.5,64,4,2,0,1.4,,2993.8,201.7,403.6,3412.8,296.7,1127.5,,,,22.6,0.1,56.8,3,889.3,4.5
Al Farshah - TQ TVTC,17.7749,43.17555,9/1/2021 0:00,30.4,0.5,61,3.7,2.2,0,1.5,,2503.1,207,595.5,4461.4,402.3,1487.3,,,,18.4,0.1,41.5,3,890.1,4.4
Al Farshah - TQ TVTC,17.7749,43.17555,10/1/2021 0:00,28.8,0.5,246,3.7,2.4,0,1.5,,1513.4,152.8,527,6558.2,552.4,1476.2,,,,14.7,0.1,31.5,3,893.5,4.4
Al Farshah - TQ TVTC,17.7749,43.17555,11/1/2021 0:00,26,0.5,12,4,2.2,0,1.3,,1185.4,108,330.6,6978.5,469.1,980.8,5462,343.4,320.2,13.3,0.1,34,3,894.7,4.5
Al Farshah - TQ TVTC,17.7749,43.17555,12/1/2021 0:00,,,,,,,,,,,,,,,,,,,,,,,
Al Jouf - TVTC,29.77634,40.02318,1/1/2017 0:00,9.7,0.5,44,4,3.8,0.1,2.3,,1505.1,394.1,533.9,4813.8,1264.9,2092.4,3830,836.6,532.6,20,0.1,42.5,3,940.8,4.7
Al Jouf - TVTC,29.77634,40.02318,1/2/2017 0:00,9.9,0.5,55,4,4.1,0.1,2.3,,1533.8,471.9,572.8,5815.4,1666.8,1881.4,4767.7,1074.8,526.7,16.8,0.1,26.7,3,941.3,4.7
Al Jouf - TVTC,29.77634,40.02318,1/3/2017 0:00,16.9,0.5,321,4,4.7,0.1,2.8,,2227.6,669.4,873.7,5560.5,1676.5,2412.2,5740.9,1255.3,850,25.8,0.1,35.9,3,935.8,4.7
Al Jouf - TVTC,29.77634,40.02318,1/4/2017 0:00,22.3,0.5,28,4,4.6,0.1,2.4,,2852.7,873.5,1098.3,4059.5,1865,2733.3,5726,1537.7,1193.4,23.2,0.1,24.8,3,937.1,4.7
Al Jouf - TVTC,29.77634,40.02318,1/9/2017 0:00,32.5,0.5,275,4,3.6,0.1,1.9,,2436.7,193.7,427.5,5772.3,420.7,1232.9,6433.7,483.9,502.3,17.3,0.1,14.8,3,934.1,4.7
Al Jouf - TVTC,29.77634,40.02318,1/10/2017 0:00,24.8,0.5,12,4,3.4,0.1,1.7,,1587.2,346.9,401.5,6530.3,958.9,1636.7,5433.4,742.1,702,14.1,0.1,22.4,3,936.8,4.7
Al Jouf - TVTC,29.77634,40.02318,1/11/2017 0:00,17.6,0.5,66,4,3.6,0.1,1.9,,1851,586.1,601.8,4120.6,1466.6,1892.1,3972.7,918.2,471.5,17.3,0.1,42.6,3,939.2,4.7
Al Jouf - TVTC,29.77634,40.02318,1/3/2018 0:00,21.3,0.5,252,4,4,0.1,2.2,,2252.1,99.2,998.1,6351.2,238.5,2404.3,6314.3,201.2,519.6,17.3,0.1,22.7,3,936.9,4.7
Al Jouf - TVTC,29.77634,40.02318,1/4/2018 0:00,22.4,0.5,304,4,4.5,0.1,2.4,,2528.4,117.5,944.7,6491.3,287.4,2713.3,7142.7,274.8,1038.8,25.8,0.1,27.4,3,934.4,4.7
Al Jouf - TVTC,29.77634,40.02318,1/5/2018 0:00,27.7,0.5,303,4,4.7,0.1,2.8,,2944.4,119,1214.5,5943.9,266.4,3167,7350.8,239.9,1227.9,28,0.1,21.4,3,933.7,4.7
Al Jouf - TVTC,29.77634,40.02318,1/6/2018 0:00,32,0.5,296,4,4.8,0.1,2.5,,2348.1,124.7,913.7,8113.2,285.2,1907.4,8361.9,256.2,387.9,19.7,0.1,15.9,3,931.5,4.7
Al Jouf - TVTC,29.77634,40.02318,1/7/2018 0:00,32.9,0.5,285,4,5.1,0.1,2.5,,1991.9,84,683.1,8626,284.6,1316.9,8295.6,247,156.9,17.9,0.1,16.8,3,929.6,4.7
Al Jouf - TVTC,29.77634,40.02318,1/8/2018 0:00,32.3,0.5,277,4,5,0.1,2.6,,1515.3,67.6,527.5,8978.7,278.6,1390.2,7827,251.9,399.3,16,0.1,19.8,3,930.8,4.7
Al Jouf - TVTC,29.77634,40.02318,1/9/2018 0:00,,,,,,,,,,,,,,,,,,,,,,,
Al Jouf - TVTC,29.77634,40.02318,1/10/2018 0:00,25.7,0.5,104,3.7,3.4,0.1,2,,2091.4,99.1,651.8,5041.5,223.6,2069,5122.5,207.2,687.1,19.5,0.1,26.5,3,937.7,4.7
Al Jouf - TVTC,29.77634,40.02318,1/11/2018 0:00,15.3,0.5,75,4,2.7,0.1,1.9,,1697.3,74,600.2,2934.3,199.7,2488.7,3147.4,139.9,1003.9,20.5,0.1,73.8,3,939.3,4.7
Al Jouf - TVTC,29.77634,40.02318,1/12/2018 0:00,12.8,0.5,143,4,3.3,0.1,2,,1163.8,53.1,481.1,5454.8,222.6,2235.8,3644.8,125.4,529,22.1,0.1,59.7,3,940.7,4.7
Al Jouf - TVTC,29.77634,40.02318,1/1/2019 0:00,10.7,0.5,37,4,4,0.1,2.6,,1616.7,60.7,575.3,3915.4,223,2551.2,3527.3,138.7,996.1,23.7,0.1,50.6,3,939.3,4.7
Al Jouf - TVTC,29.77634,40.02318,1/2/2019 0:00,12.2,0.5,344,4,3.8,0.1,2.5,,1560.2,71.8,586.1,6004,239.7,2428.9,4881,187.6,907.9,23.7,0.1,51.2,3,939.5,4.7
Al Jouf - TVTC,29.77634,40.02318,1/5/2019 0:00,29.8,0.5,331,4,3.8,0.1,2.2,,2428,659.1,787,6984.7,1937.7,1934.4,7611.7,1558.1,549.9,20.8,0.1,12.7,2.9,934.4,4.7
Al Jouf - TVTC,29.77634,40.02318,1/6/2019 0:00,33.2,0.5,288,4,4.3,0.1,2.6,,2163.5,676.9,787.5,7565.8,1882.7,1790.2,7742.5,1598,416.6,21.9,0.1,14.6,3,932,4.7
Al Jouf - TVTC,29.77634,40.02318,1/7/2019 0:00,33.2,0.5,278,4,4.4,0.1,2.8,,1571.1,101.5,571.5,9475.9,303.9,1280.8,8373.8,264.2,280.2,16.8,0.1,14.7,3,929.6,4.7
Al Jouf - TVTC,29.77634,40.02318,1/8/2019 0:00,33,0.5,269,4,4.8,0.1,2.8,,1856.6,80.1,755.2,8185.3,308.6,1993.6,7668.3,247.2,587.7,19.7,0.1,16.7,3,930.6,4.7
Al Jouf - TVTC,29.77634,40.02318,1/9/2019 0:00,32,0.5,288,4,3.5,0.1,1.9,,1744.2,62,408.9,7326.7,249.2,1141.2,6670,209.4,409.7,15.2,0.1,17.4,3,933.1,4.7
Al Jouf - TVTC,29.77634,40.02318,1/10/2019 0:00,26.8,0.5,15,4,3.1,0.1,2.1,,1912.3,92.7,537.6,4951.6,218.7,1900.2,4920.7,183.9,660.6,20.8,0.1,30.7,3,936.8,4.7
Al Jouf - TVTC,29.77634,40.02318,1/11/2019 0:00,17.3,0.5,65,4,3.2,0.1,2,,1383.8,66.6,530.7,5332.8,216.9,2315.6,4056.3,140.2,695.8,19.2,0.1,43.6,3,939.5,4.7
Al Jouf - TVTC,29.77634,40.02318,1/12/2019 0:00,12.5,0.5,232,4,2.6,0.1,2.4,,903.1,37.3,300.1,6460.4,221.5,1871.5,3804.5,123.6,676.8,16.3,0.1,47.4,3,939.6,4.7
Al Jouf - TVTC,29.77634,40.02318,1/1/2020 0:00,9.2,0.5,255,3.7,3.7,0.1,2.8,,1333.4,405.6,551.4,5488.9,1475.5,2201.3,3948.7,840.3,583.9,22.4,0.1,48.9,3,940.4,4.7
Al Jouf - TVTC,29.77634,40.02318,1/2/2020 0:00,12,0.5,261,4,4.2,0.1,3,,1454.2,589.8,744.3,6556,1750.1,2631.7,5013.3,1141.2,825.7,22.9,0.1,45.4,3,939.6,4.7
Al Jouf - TVTC,29.77634,40.02318,1/3/2020 0:00,17.3,0.5,274,4,4.8,0.1,3.2,,2141.1,626.1,741.5,6048.1,1768.7,2642.8,6023,1308,1206,24,0.1,33.1,3,935.6,4.7
Al Jouf - TVTC,29.77634,40.02318,1/4/2020 0:00,21.9,0.5,287,4,4.1,0.1,2.8,,2330.6,523.5,824.9,6828.2,1315.9,2207.1,7187.5,1142.4,951.8,29,0.1,27.7,3,935,4.7
Al Jouf - TVTC,29.77634,40.02318,1/5/2020 0:00,28.1,0.5,277,4,4.2,0.1,2.9,,2581.5,748.5,937.6,6901,1817.7,2494.7,7638.5,1543.7,913.4,25.8,0.1,15.9,3,935,4.7
Al Jouf - TVTC,29.77634,40.02318,1/9/2020 0:00,33.7,0.5,347,4,2.8,0.1,1.7,,2126.1,606.8,587.4,6568.7,1533.5,1302.9,6580,1328.5,364.7,20,0.1,11.5,3,933.6,4.7
Al Jouf - TVTC,29.77634,40.02318,1/10/2020 0:00,26.1,0.5,82,4,2.5,0.1,1.6,,1173.8,284.8,264.6,7846.8,1639.9,852.2,5708.7,1163.7,381.8,10.1,0.1,14.1,3,938.5,4.7
Al Jouf - TVTC,29.77634,40.02318,1/11/2020 0:00,17.6,0.5,67,4,3,0.1,2.2,,1380.2,447.6,516.4,5315.3,1492.1,1996,4067.3,895.3,712.5,21,0.1,51.3,3,938.9,4.7
Al Jouf - TVTC,29.77634,40.02318,1/12/2020 0:00,12.6,0.5,79,3.7,3.3,0.1,2.1,,1274.2,337.4,380.7,4545.1,1264,2138.1,3380.6,751.5,864.8,16.5,0.1,58.8,3,941.1,4.7
Al Jouf - TVTC,29.77634,40.02318,1/1/2021 0:00,11.5,0.5,46,3.9,3.3,0.1,2.1,,1446.4,428.2,561.7,5145.6,1717,2506.7,3944,981.4,725.8,20.2,0.1,45.9,3.2,941.2,4.9
Al Jouf - TVTC,29.77634,40.02318,1/2/2021 0:00,,,,,,,,,,,,,,,,,,,,,,,
Al Jouf - TVTC,29.77634,40.02318,1/3/2021 0:00,18.1,0.5,277,4,3.9,0.1,3.2,,2155.5,702.5,966.1,6569.8,1908.9,2493.4,6384.4,1461.1,677.4,28,0.1,27.5,3,937.1,4.7
Al Jouf - TVTC,29.77634,40.02318,1/4/2021 0:00,23.9,0.5,307,3.7,3.5,0.1,2.7,,2225.7,779.5,1025.9,7076.1,1967.1,2969.9,7284.1,1549.4,1011,20,0.1,17.2,3,937.3,4.6
Al Jouf - TVTC,29.77634,40.02318,1/5/2021 0:00,30,0.5,283,4,3.7,0.1,3,,2289.2,663.2,823,7930.5,1929.1,2218.2,8070.1,1623.1,835.7,18.4,0.1,12.3,3,933.4,4.7
Al Jouf - TVTC,29.77634,40.02318,1/7/2021 0:00,34.5,0.5,282,4,4.2,0.1,2.5,,,,,9021.5,1917.2,1219.6,,,,14.9,0.1,15,3,928.8,4.7
Al Jouf - TVTC,29.77634,40.02318,1/8/2021 0:00,34.3,0.5,278,3.7,3.5,0.1,2.3,,,,,,,,,,,16.5,0.1,12.9,2.9,930.7,4.6
Al Jouf - TVTC,29.77634,40.02318,1/9/2021 0:00,30.3,0.5,298,3.7,3.2,0.1,2.2,,1641.3,77.8,451.8,7626.5,374.3,925.8,6706.2,330.4,270.1,13.6,0.1,18.9,3,933.6,4.6
Al Jouf - TVTC,29.77634,40.02318,1/10/2021 0:00,25.7,0.5,318,4,1.8,0.1,2.2,,,,,6288.1,306,1454.3,,,,13.9,0.1,19.5,3,936.7,4.7
Al Jouf - TVTC,29.77634,40.02318,1/11/2021 0:00,18.1,0.6,72,4.2,1.8,0.1,2.2,,,,,,,,,,,13.6,0.1,32.5,3.4,940,5.4
Al Jouf - TVTC,29.77634,40.02318,1/12/2021 0:00,,,,,,,,,,,,,,,,,,,,,,,
Al Qunfudhah - TVTC,19.15197,41.08111,1/1/2017 0:00,26.5,0.5,278,4,2.3,0,1.3,,1731.3,412.3,378,4826.3,948,1010.9,4603.3,926.5,176.8,10.4,0.1,76.5,3,1012.8,5.1
Al Qunfudhah - TVTC,19.15197,41.08111,1/2/2017 0:00,26.4,0.5,271,4,2.5,0.1,1.5,,2493.3,619.8,543.6,2316.6,911.1,1504.6,4068.8,1027.8,1212.4,11.5,0.1,71.1,3,1012,5.1
Al Qunfudhah - TVTC,19.15197,41.08111,1/3/2017 0:00,28,0.5,278,4,2.6,0.1,1.6,,2617.2,639.2,552.4,3455.6,1037.2,1582.9,5175.3,1194.2,811.5,11.7,0.1,72.8,3,1008.9,5.1
Al Qunfudhah - TVTC,19.15197,41.08111,1/4/2017 0:00,30.6,0.5,281,4,2.6,0.1,1.5,,2708.7,691.6,547,4292.5,1179,1238.8,6063.9,1283.9,469.7,12.3,0.1,65,3,1007.7,5
Al Qunfudhah - TVTC,19.15197,41.08111,1/5/2017 0:00,32.1,0.5,275,4,2.9,0.1,1.8,,2791.6,210.1,539.4,3960.8,353,1335.3,5961.5,367.4,559.4,17.1,0.1,71.3,3,1006,5
Al Qunfudhah - TVTC,19.15197,41.08111,1/6/2017 0:00,32.6,0.5,268,4,2.9,0.1,1.9,,2959.5,718.5,466.4,3624,998.7,984.7,5946.6,1216.2,312.3,14.7,0.1,74.7,3,1002.2,5
Al Qunfudhah - TVTC,19.15197,41.08111,1/9/2017 0:00,32.2,0.5,261,4,2.8,0.1,1.8,,3070,222.7,270.7,3642.6,324.8,693.7,5957.8,391.7,336.9,17.9,0.1,79.4,3,1004.5,5
Al Qunfudhah - TVTC,19.15197,41.08111,1/10/2017 0:00,30.5,0.5,269,3.7,2.5,0.1,1.8,,2091.8,156.7,264.7,5201.7,382.7,553.4,5667.9,395,280.6,12.3,0.1,78.4,3,1007.8,5
Al Qunfudhah - TVTC,19.15197,41.08111,1/11/2017 0:00,29.1,0.5,265,4,2.3,0.1,1.5,,1912.1,185.6,220.6,4619.1,441.5,771.8,4737.6,383,388.1,10.7,0.1,74.2,3,1010.4,5.1
Al Qunfudhah - TVTC,19.15197,41.08111,1/12/2017 0:00,26.7,0.5,231,4.1,2.1,0,1.2,,1658.6,154.4,340.7,5033.8,489.8,1099.7,4548.6,334.9,295.7,9.1,0.1,73,3.1,1013.3,5.2
Al Qunfudhah - TVTC,19.15197,41.08111,1/3/2018 0:00,27.8,0.5,259,4,2.3,0.1,1.7,,2263.3,199.7,409.3,5829.9,535.8,1093.2,6486.4,404.1,399.3,12.3,0.1,71.9,3,1009.3,5.1
Al Qunfudhah - TVTC,19.15197,41.08111,1/4/2018 0:00,30.2,0.5,281,4,2.5,0.1,1.8,,2627.6,267.8,649.9,5211.2,493.7,1487.2,6652.1,419.4,664.6,12,0.1,70.7,3,1006.9,5
Al Qunfudhah - TVTC,19.15197,41.08111,1/5/2018 0:00,31.8,0.5,268,4,2.6,0.1,2.1,,3245.1,271.8,649.8,4602.4,459.5,1193.1,6919.4,415.8,237.5,15.2,0.1,70.7,3,1004.8,5
Al Qunfudhah - TVTC,19.15197,41.08111,1/6/2018 0:00,32.7,0.5,247,4,3.2,0.1,2.6,,3832.3,272.6,675.8,2975.4,401.6,1671,6298.2,434.3,680.4,14.7,0.1,72.1,3,1002.3,5
Al Qunfudhah - TVTC,19.15197,41.08111,1/7/2018 0:00,32.7,0.5,254,3.7,3.5,0.1,3.1,,3603.3,258.4,459.9,3098.7,317,1277.7,6173.5,474.3,862.2,21.3,0.1,69.2,3,1002.6,5
Al Qunfudhah - TVTC,19.15197,41.08111,1/8/2018 0:00,33,0.5,242,4,3.5,0.1,3.1,,3379.3,251,473.8,3438.1,346.2,1003.3,6225,395.1,418,16.3,0.1,74.3,3,1002.8,5
Al Qunfudhah - TVTC,19.15197,41.08111,1/9/2018 0:00,32.7,0.5,244,4,2.3,0.1,2.1,,3243.1,240.6,344.1,3374.2,300.4,711.1,5957.2,364.4,242.7,16.5,0.1,80.7,3,1005,5
Al Qunfudhah - TVTC,19.15197,41.08111,1/10/2018 0:00,30.8,0.5,249,3.7,1.8,0.1,2.1,,2299.3,186.2,403.4,4418.2,437.9,1265.7,5391,350.7,719.7,12.8,0.1,74.8,3,1008.8,5
Al Qunfudhah - TVTC,19.15197,41.08111,1/11/2018 0:00,29.1,0.5,250,4,1.6,0,1.7,,2037.1,189.4,321.9,3856.6,426.3,1551.5,4418.4,403.5,766.5,17.1,0.1,75.7,3.3,1010.4,5.5
Al Qunfudhah - TVTC,19.15197,41.08111,1/12/2018 0:00,27.5,0.5,272,4,1.6,0,1.7,,2033.3,157.4,353.3,3567,359.8,1385.4,4109.2,289.6,586.2,10.7,0.1,77.8,3,1012.5,5
Al Qunfudhah - TVTC,19.15197,41.08111,1/1/2019 0:00,26.8,0.5,274,4,1.6,0,1.7,,2196.5,176,431.4,3983.3,366.3,1161.8,4616.3,287.5,283.2,11.2,0.1,79.1,3,1012.9,5
Al Qunfudhah - TVTC,19.15197,41.08111,1/2/2019 0:00,26.6,0.5,257,4,2,0.1,2.1,,2694.3,205.6,552.2,3153.1,445.9,1871.4,4805.2,352.7,786.6,14.4,0.1,75.9,3,1011.7,5.1
Al Qunfudhah - TVTC,19.15197,41.08111,1/3/2019 0:00,26.9,0.5,251,3.7,2.3,0.1,2.4,,2688.8,226.2,638.6,4702.5,500.5,1674.7,6154,391.5,526.8,13.6,0.1,71.5,3,1010.3,5
Al Qunfudhah - TVTC,19.15197,41.08111,1/4/2019 0:00,29.8,0.5,234,4,2,0.1,2,,2894.4,735,755.5,4666.4,1072.7,1647.7,6536,1241.5,532,10.9,0.1,71.1,3,1007.6,5
Al Qunfudhah - TVTC,19.15197,41.08111,1/5/2019 0:00,32.6,0.5,233,4.3,2.2,0.1,2,,2897.1,850.3,773.9,4598.5,1506.1,1650.3,6425.8,1412.7,758,16.8,0.1,60.9,3.3,1006.1,5.5
Al Qunfudhah - TVTC,19.15197,41.08111,1/6/2019 0:00,33.3,0.5,244,4,2.9,0.1,2.7,,3510.2,875.4,509.4,3458.7,938.7,990.9,6387.9,1342.5,366.4,22.4,0.1,73.4,3,1002.6,5
Al Qunfudhah - TVTC,19.15197,41.08111,1/7/2019 0:00,33,0.5,1,1,3.3,0.1,3.1,,3579.8,269.3,608.6,3504.5,389.2,1383.8,6463.4,450.2,506.4,15.5,0.1,70,3,1001.2,5
Al Qunfudhah - TVTC,19.15197,41.08111,1/8/2019 0:00,32.9,0.5,356,4,3.4,0.1,2.8,,3219.6,245.4,521.4,3438.2,322.1,1390.3,6034.5,460.4,763.5,20.8,0.1,76.4,3,1003.8,5
Al Qunfudhah - TVTC,19.15197,41.08111,1/9/2019 0:00,32.1,0.5,358,4,2.5,0.1,2.5,,2896.6,304.1,359.7,3898.3,404.7,834,5989.8,570.3,334.2,15.2,0.1,82.2,3,1003.8,5
Al Qunfudhah - TVTC,19.15197,41.08111,1/10/2019 0:00,30.9,0.5,345,3.8,1.8,0.1,2,,2124.4,199.3,353.1,4919.2,476.6,787.2,5564.8,446.9,323.4,26.1,0.1,77.3,2.8,1008.3,5.2
Al Qunfudhah - TVTC,19.15197,41.08111,1/11/2019 0:00,28.7,0.5,350,3.7,1.4,0,1.7,,1795.2,138.4,437.3,3890.5,391.3,2044.8,4206.5,307.1,1357.4,15.2,0.1,80.4,3,1009.6,5
Al Qunfudhah - TVTC,19.15197,41.08111,1/12/2019 0:00,27.6,0.5,348,4,1.8,0,1.5,,1773.5,147.2,333.8,4714.4,403.6,1268.2,4460.9,320.5,419.2,12.5,0.1,79,3,1011.6,5.1
Al Qunfudhah - TVTC,19.15197,41.08111,1/1/2020 0:00,20.2,0.5,322,4,2.1,0.1,2.1,,1493,142.2,601.6,4790.6,1777.4,2211.4,4132,828.4,1120.3,14.4,0.1,62.9,3,1016.4,5.1
Al Qunfudhah - TVTC,19.15197,41.08111,1/2/2020 0:00,26.2,0.5,348,4,1.6,0.1,1.9,,2509.8,188.1,544.6,3741.1,361.6,1593.1,5069.8,343.9,703,10.1,0.1,79,3,1012.7,5
Al Qunfudhah - TVTC,19.15197,41.08111,1/3/2020 0:00,27.1,0.5,171,4,1.2,0.1,1.8,,2971.8,766.5,676.8,3975.4,1232.2,1806.8,5969.4,1315.3,797.3,10.7,0.1,78.1,3,1009.3,5.1
Al Qunfudhah - TVTC,19.15197,41.08111,1/4/2020 0:00,29.8,0.5,55,3.7,2.5,0.1,1.6,,2477.4,248.1,755.3,5643,603,1888.5,6822.3,426.6,659.6,11.2,0.1,74.4,3,1007.8,5
Al Qunfudhah - TVTC,19.15197,41.08111,1/5/2020 0:00,32.1,0.5,53,4.1,3,0.1,1.9,,2890,237.5,682.6,4756.6,405.4,1721,6685,406.7,893.7,15.2,0.1,73,3,1006,5
Al Qunfudhah - TVTC,19.15197,41.08111,1/10/2020 0:00,30.6,0.5,43,3.7,2.3,0.1,1.6,,1839.5,441.3,354.3,5788,1411.4,839.8,5807.6,1180,309.2,12.8,0.1,78.8,3,1007.5,5
Al Qunfudhah - TVTC,19.15197,41.08111,1/11/2020 0:00,29.2,0.5,41,3.8,2.3,0,1.3,,1828.7,135.8,318.9,4301.2,325.4,1550.8,4494.5,297.6,1037.2,11.2,0.1,80,3,1010.2,5
Al Qunfudhah - TVTC,19.15197,41.08111,1/12/2020 0:00,27.4,0.5,22,4.1,2.1,0,1.2,,1638.6,129.6,398.9,5006.1,388.6,1417.7,4492,284.3,496.1,10.1,0.1,82.9,3,1011.5,5.1
Al Qunfudhah - TVTC,19.15197,41.08111,1/1/2021 0:00,26.2,0.5,30,3.9,2.1,0,1.2,,1968.1,153.7,481,4364.5,360,1618.2,4590.6,300.7,729.3,14.4,0,83.6,3,1011.8,5
Al Qunfudhah - TVTC,19.15197,41.08111,1/2/2021 0:00,26,0.5,37,4,2.6,0.1,1.7,,2207.1,450.6,422.8,4209.1,893.8,1642.5,5038.1,1032.7,761,12,0.1,79,3.1,1011.5,5.2
Al Qunfudhah - TVTC,19.15197,41.08111,1/3/2021 0:00,27.9,0.5,33,3.6,2.3,0,1.4,,1497.7,181.1,1209.2,3185.7,494.9,2501.2,,,,10.4,0.1,76.1,3,1008.8,5
Al Qunfudhah - TVTC,19.15197,41.08111,1/4/2021 0:00,29.6,0.5,31,4,2.5,0.1,1.6,,2874.2,214.5,534.3,4925.7,369.7,1083.6,6796.6,1754.5,388.7,14.7,0.1,72.7,3,1007.5,5.1
Al Qunfudhah - TVTC,19.15197,41.08111,1/5/2021 0:00,31.6,0.6,29,4.4,2.8,0.1,1.7,,2946.4,227.7,627.6,5200.7,629.3,1652.3,,,,12.3,0.1,76.9,3.4,1004.8,5.7
Al Qunfudhah - TVTC,19.15197,41.08111,1/7/2021 0:00,33.1,0.5,31,4,3.6,0.1,2.4,,3441.2,857.9,400.6,2969.5,1028.6,1295.1,5840.7,1506.8,1118.9,14.9,0.1,74.3,3,1001.1,5
Al Qunfudhah - TVTC,19.15197,41.08111,1/10/2021 0:00,30.6,0.5,20,0,0,0,0.1,,2343.9,207.9,566.4,4448.1,423.6,1070.8,5500.6,470.2,235.2,2.9,0,86.1,3.1,1007.4,5.1
Timaa - TVTC,27.6173,38.5252,1/1/2017 0:00,13.2,0.5,57,4,1.9,0,1.2,,1325.4,382.4,579,5906.3,1615.6,2540.3,4235.7,972.3,779.3,11.2,0.1,36.9,3,921.5,4.6
Timaa - TVTC,27.6173,38.5252,2/1/2017 0:00,12.5,0.5,61,4,2.3,0.1,1.4,,1649.3,521.8,666,6580.6,1783.5,2047.2,5392.6,1149.9,552.9,11.7,0.1,28.9,3,921.8,4.6
Timaa - TVTC,27.6173,38.5252,3/1/2017 0:00,19.4,0.5,206,4,2.6,0.1,1.6,,1990,679.7,867.6,7008.4,1822,2322.5,6511.6,1389.9,657.7,15.7,0.1,25.2,3,917.2,4.6
Timaa - TVTC,27.6173,38.5252,4/1/2017 0:00,25.1,0.5,92,4,3.1,0.1,1.6,,2727.9,887.1,1100.6,5257.1,1816.7,3117.5,6508.5,1493.2,1595.3,17.1,0.1,21.1,3,918.3,4.6
Timaa - TVTC,27.6173,38.5252,5/1/2017 0:00,29.8,0.5,286,4,2.6,0.1,1.4,,2439,671,792.1,7320.8,1864,1664.4,7872,1610.1,365.1,13.6,0.1,16.1,3,916.8,4.6
Timaa - TVTC,27.6173,38.5252,6/1/2017 0:00,33.5,0.5,7,4,2.4,0,1.2,,1845.5,447.5,372.6,8604.1,2115.8,844.2,8158.9,1682,130.8,13.6,0.1,14.6,3.1,914.7,4.7
Timaa - TVTC,27.6173,38.5252,9/1/2017 0:00,33,0.5,98,4,2.3,0,1.3,,2419.6,237,451.7,6025.1,489.6,936.2,6674.6,588,355,13.1,0.1,15.6,3,916.4,4.6
Timaa - TVTC,27.6173,38.5252,10/1/2017 0:00,26.4,0.5,238,3.7,2,0,1.2,,1347,107,349.1,7582.5,569.1,1031.1,5879.9,394.5,412.2,11.7,0.1,24,3,918.5,4.6
Timaa - TVTC,27.6173,38.5252,11/1/2017 0:00,20.3,0.5,85,4,2,0,1.2,,1652.8,163.3,552.5,5246.3,478,1859.2,4426.5,328.7,565.1,12.3,0.1,38.9,3,920.2,4.6
Timaa - TVTC,27.6173,38.5252,3/1/2018 0:00,22.8,0.5,130,4,2.4,0,1.5,,2201.9,233,1117.8,6702.4,562.3,2467.4,6509.7,416.5,484.2,17.1,0.1,21.6,3,918.5,4.6
Timaa - TVTC,27.6173,38.5252,4/1/2018 0:00,23.4,0.5,335,4,2.8,0.1,1.7,,2665.5,268.8,1024.4,6450.5,564,2390.7,7333.9,479.9,697.4,16.8,0.1,26.7,3,916.1,4.6
Timaa - TVTC,27.6173,38.5252,5/1/2018 0:00,28.8,0.5,309,4,3,0.1,1.8,,3115.1,274.6,1095,5636,569.9,2745.3,7389,498.3,982.6,20,0.1,20.9,3,915.9,4.6
Timaa - TVTC,27.6173,38.5252,6/1/2018 0:00,32.3,0.5,295,4,2.5,0,1.4,,2262.5,236.9,821.3,8035.6,601.7,1753.3,8218.7,507.4,336.6,15.5,0.1,17.1,3,914.3,4.6
Timaa - TVTC,27.6173,38.5252,7/1/2018 0:00,33.4,0.5,279,3.7,2.5,0,1.2,,2187.6,213.7,843.6,7878.7,598.1,1586.5,8005.7,531.3,185,12.5,0.1,17.9,3,912.7,4.5
Timaa - TVTC,27.6173,38.5252,8/1/2018 0:00,33.3,0.5,349,4,2.3,0,1.2,,1625.7,143.7,434.7,8288.3,537.1,1136.5,7533.6,466.6,330.3,10.9,0.1,20.1,3,913.6,4.6
Timaa - TVTC,27.6173,38.5252,9/1/2018 0:00,33.7,0.5,28,4,2.2,0,1.2,,2464.5,171.4,374.3,5371.6,471.1,1101.4,6329.5,402.4,405.8,21.9,0,17.5,3,916.5,4.6
Timaa - TVTC,27.6173,38.5252,10/1/2018 0:00,27,0.5,141,3.7,2.3,0,1.4,,1906.8,165.2,559.1,5731.5,432.4,1679.5,5447.3,352.5,580.5,13.3,0.1,25.4,3,919.5,4.6
Timaa - TVTC,27.6173,38.5252,11/1/2018 0:00,18,0.5,103,3.7,2.2,0,1.4,,1406.4,128.4,601.4,4995.9,484.3,2798.2,3967.4,293.9,1084.1,14.1,0.1,59.7,3,920,4.6
Timaa - TVTC,27.6173,38.5252,12/1/2018 0:00,14.7,0.5,152,3.7,2.1,0,1.3,,1205,135.1,624.3,5996.9,485.7,2328.4,4013.6,265.9,446.9,14.9,0.1,54.5,3,921.7,4.6
Timaa - TVTC,27.6173,38.5252,1/1/2019 0:00,14.2,0.5,195,3.7,2.1,0.1,1.5,,1738.1,140.1,615.7,4375.9,481.2,2776.8,3942.3,282.7,807.5,12.8,0.1,43.8,3,920.4,4.6
Timaa - TVTC,27.6173,38.5252,2/1/2019 0:00,14.6,0.5,122,4,2.8,0.1,1.6,,1621,160.7,689.8,6143.3,542.5,2544.7,5130.1,357.2,927.2,14.4,0.1,47,3,920.4,4.6
Timaa - TVTC,27.6173,38.5252,3/1/2019 0:00,16.7,0.5,228,3.7,2.7,0.1,1.9,,1709.9,202.2,979.1,7841.6,586.2,2354.7,6669.6,421.2,585.4,19.5,0.1,30.7,3,918.6,4.5
Timaa - TVTC,27.6173,38.5252,4/1/2019 0:00,21.9,0.5,218,4,2.8,0.1,1.5,,2292.5,520.5,890.1,6982.3,1390.1,2501.3,7251.2,1369.1,964.1,14.7,0.1,25.1,3,917.6,4.6
Timaa - TVTC,27.6173,38.5252,5/1/2019 0:00,30.3,0.5,224,4,2.5,0,1.3,,2357.2,668.9,788.1,7511.2,2052.1,2010.2,7953.8,1612.6,546.6,15.7,0.1,14.3,3,916.6,4.6
Timaa - TVTC,27.6173,38.5252,6/1/2019 0:00,33.7,0.5,256,4,2.6,0,1.4,,2203,769.2,870.6,8039.6,2046.4,2091.6,8149.4,1656.1,512.7,19.2,0.1,15.5,3,914.9,4.6
Timaa - TVTC,27.6173,38.5252,7/1/2019 0:00,33.7,0.5,301,4,2.5,0,1.3,,1707.7,219.2,607.4,9016.2,597.6,1505.6,8239.6,492.7,410.2,13.6,0.1,16.9,3,912.7,4.6
Timaa - TVTC,27.6173,38.5252,8/1/2019 0:00,33.7,0.5,261,4,2.4,0,1.2,,1671.9,150.8,485.3,8426.6,592.3,1306.3,7711.6,484.8,360,15.7,0.1,17.9,3,913.8,4.6
Timaa - TVTC,27.6173,38.5252,9/1/2019 0:00,32.9,0.5,29,4,2.1,0,1.2,,1825,156.3,519.6,7172.7,531,1333.9,6725.4,424.3,383.7,12,0.1,18.2,3,915.5,4.6
Timaa - TVTC,27.6173,38.5252,10/1/2019 0:00,28.1,0.5,130,4,2.2,0,1.3,,1902.4,189.1,845.8,5422.5,487.1,2388.6,5224.5,333.5,559.8,14.1,0.1,26.7,3,918.7,4.6
Timaa - TVTC,27.6173,38.5252,11/1/2019 0:00,19.9,0.5,84,4,2.2,0,1.3,,1342.1,122.6,511.1,5845.2,474.4,2300.7,4375.6,304.4,717.6,13.3,0.1,42.5,3,920.1,4.6
Timaa - TVTC,27.6173,38.5252,12/1/2019 0:00,14.3,0.5,204,4,1.9,0,1.4,,876.6,80.5,284.3,7341.8,486.9,1040.1,4303.5,260.6,188,13.3,0.1,41.7,3,921.1,4.6
Timaa - TVTC,27.6173,38.5252,1/1/2020 0:00,11.1,0.5,239,4,1.9,0,1.4,,1155.3,403.3,551.9,6835.6,1661.3,2177.2,4477.6,892.5,586.3,13.6,0.1,39.6,3,922.2,4.6
Timaa - TVTC,27.6173,38.5252,2/1/2020 0:00,14.6,0.5,220,4,2.1,0,1.4,,1300.9,600.6,794.8,7610.3,1911.9,2413,5507.3,1233.7,564.1,16,0.1,33.6,3,921,4.6
Timaa - TVTC,27.6173,38.5252,3/1/2020 0:00,19.4,0.5,213,4,2.8,0.1,1.8,,2117.1,616,836.7,6558.9,1797.4,2485.8,6387.8,1399.4,923.9,19.2,0.1,28.3,3,917.6,4.6
Timaa - TVTC,27.6173,38.5252,4/1/2020 0:00,23.9,0.5,192,4,3.2,0.1,1.8,,2158.2,700.2,695.2,7770.5,1928.4,1510.6,7732.1,1558.8,305.5,14.9,0.1,24.8,3,916.5,4.6
Timaa - TVTC,27.6173,38.5252,5/1/2020 0:00,29.2,0.5,183,4,2.9,0.1,1.7,,2584.8,659.8,648.3,6907.7,1800.7,1818.8,7826.2,1629.1,695.4,18.1,0.1,18.1,3,917.1,4.6
Timaa - TVTC,27.6173,38.5252,9/1/2020 0:00,33.4,0.5,96,4,2,0,1.2,,1992.1,655.4,532.6,6882.4,1661.9,1429,6710.6,1433.1,531.9,14.1,0.1,14.5,3,916.3,4.6
Timaa - TVTC,27.6173,38.5252,10/1/2020 0:00,27.3,0.5,109,3.7,2.1,0,1.3,,1244.5,301.3,279.5,7751.5,1682,778.3,5854.3,1220.2,323.8,12.5,0.1,16,3,920,4.6
Timaa - TVTC,27.6173,38.5252,11/1/2020 0:00,19.7,0.5,142,4,2.1,0,1.3,,1158.3,352.4,384.3,6697.6,1614.3,1503.3,4608.5,1007.1,431.8,14.4,0.1,45,3,919.9,4.6
Timaa - TVTC,27.6173,38.5252,12/1/2020 0:00,15,0.5,109,4,1.9,0,1.3,,1186.1,364.5,419.3,5481.4,1527.2,2309.5,3823.8,853.9,927.5,13.6,0.1,45.8,3,921.7,4.6
Timaa - TVTC,27.6173,38.5252,1/1/2021 0:00,14.4,0.5,106,4,2.1,0,1.4,,1335.1,423.4,592.2,5998.3,1665.7,2228,4346.5,980.3,692.3,13.1,0.1,46.3,3,922,4.6
Timaa - TVTC,27.6173,38.5252,2/1/2021 0:00,15.4,0.6,209,4.3,2.4,0.1,1.4,,1537.8,164.6,644.8,6355.2,588.9,2601.5,5093.9,393.7,1081.5,18.4,0.1,43.6,3.5,921,5.3
Timaa - TVTC,27.6173,38.5252,3/1/2021 0:00,20.9,0.5,177,3.7,2.7,0.1,1.7,,2135.2,664.9,948.6,6826.1,1838.4,2102.2,6610.4,1397.7,448.7,17.3,0.1,25.7,3,918.7,4.5
Timaa - TVTC,27.6173,38.5252,4/1/2021 0:00,25.4,0.5,80,3.7,2.9,0.1,1.7,,2302.7,834.9,941.7,7431,1953.8,2219.4,7631.2,1615.4,496.4,20.8,0.1,19.5,3,918.8,4.6
Timaa - TVTC,27.6173,38.5252,5/1/2021 0:00,30.6,0.5,332,4,2.3,0,1.4,,2093.4,693.6,742.7,8362.2,2036.4,1879.2,8199.1,1660.5,550.3,18.4,0.1,14.4,3,916.1,4.6
Timaa - TVTC,27.6173,38.5252,7/1/2021 0:00,34.9,0.5,327,4,2.5,0,1.2,,1961.6,576.2,591.8,8305.6,1865.1,1590.6,8089.8,1616.6,481,13.6,0.1,16.6,3,911.9,4.6
Timaa - TVTC,27.6173,38.5252,8/1/2021 0:00,34.4,0.5,284,4,2.3,0,1.1,,1896.3,180.6,659.7,7943.6,574.1,1697,7626.9,465.1,406.4,11.5,0.1,16,3,913.8,4.6
Timaa - TVTC,27.6173,38.5252,9/1/2021 0:00,31.2,0.5,31,4,2.3,0,1.1,,1884.6,605.8,597,7036.9,1655.1,1320,6691.9,1369.3,357.2,10.4,0.1,22.2,3,915.8,4.6
Timaa - TVTC,27.6173,38.5252,10/1/2021 0:00,27.4,0.5,44,3.7,1.8,0,1,,1514.6,156.2,402.4,6928.6,567.8,1268.2,5692.4,404,456.1,10.9,0.1,22.2,3,919.2,4.6
Timaa - TVTC,27.6173,38.5252,11/1/2021 0:00,20.3,0.5,74,3.7,1.9,0,1.1,,1236.1,127.5,467.9,6313.6,461.8,1923,4512.3,289.1,653.7,11.5,0.1,33.7,3,920.8,4.6
Timaa - TVTC,27.6173,38.5252,12/1/2021 0:00,15.1,0.5,132,3.8,2.1,0,1.4,,1524,157.9,598.7,4748.1,474.5,2438.1,3793.3,279.9,676.2,14.9,0.1,40.2,3.1,921.2,4.7
Madinah - Taibah University,24.4846,39.5418,1/1/2017 0:00,20.8,0.5,222,4,2.6,0.1,1.5,,1233.5,345.6,412.1,5525.1,1370.9,1381.7,4222.1,899.5,387.2,15.2,0.1,29.3,3,942.8,4.7
Madinah - Taibah University,24.4846,39.5418,2/1/2017 0:00,19,0.5,167,4,3.4,0.1,1.4,,1754.9,516.7,634.1,5120.1,1562,1832.6,4885,1061.9,502.5,13.1,0.1,26.1,3,943,4.7
Madinah - Taibah University,24.4846,39.5418,3/1/2017 0:00,24.7,0.5,281,4,2.8,0.1,1.6,,2255.1,648.4,850.3,4567.7,1450,2182.2,5364.2,1231.1,702.6,18.4,0.1,22.9,3,938.5,4.7
Madinah - Taibah University,24.4846,39.5418,4/1/2017 0:00,31.1,0.5,269,4,3.3,0.1,1.8,,2710.5,649.8,655.1,4359.3,1465.4,1730.4,6008.7,1339.1,837.6,18.4,0.1,14.2,3,938.7,4.7
Madinah - Taibah University,24.4846,39.5418,5/1/2017 0:00,33.5,0.5,283,4,3.2,0.1,1.8,,2688.4,627.9,544.8,4873.5,1383,1862.6,6402,1372.5,1080.4,19.2,0.1,16.9,3,937.3,4.7
Madinah - Taibah University,24.4846,39.5418,6/1/2017 0:00,,,,,,,,,,,,,,,,,,,,,,,
Madinah - Taibah University,24.4846,39.5418,9/1/2017 0:00,36.7,0.5,268,4,2.7,0.1,1.6,,2421.1,285.8,488.8,5438.2,497.1,1283.2,6414.2,588.9,444,20.2,0.1,10.7,3,936.4,4.7
Madinah - Taibah University,24.4846,39.5418,10/1/2017 0:00,32,0.5,276,3.7,2.2,0,1.2,,1478.9,86.9,180.5,6881.4,369.8,609.1,5871,310.2,375.1,13.1,0.1,14.9,3,939.1,4.7
Madinah - Taibah University,24.4846,39.5418,11/1/2017 0:00,25.8,0.5,195,4,2.1,0,1.1,,1559.4,92.9,351.4,5081.5,433.1,1539,4467.8,280.1,638.6,13.6,0.1,31.9,3,941.1,4.7
Madinah - Taibah University,24.4846,39.5418,3/1/2018 0:00,27.9,0.5,262,4,2,0,1.2,,1970.9,92,705.2,6658.6,321.4,1856.9,6500.1,250.9,566.5,14.9,0.1,17.7,3,939.6,4.7
Madinah - Taibah University,24.4846,39.5418,4/1/2018 0:00,28.9,0.5,266,4,2.5,0,1.3,,2356.2,104.2,787.7,6789.1,269.6,2093.9,7350,229.3,710.6,15.5,0.1,17.9,3,937,4.7
Madinah - Taibah University,24.4846,39.5418,5/1/2018 0:00,33.4,0.5,291,4,2.7,0.1,1.4,,3111,153.5,776.4,5224.7,228.1,2205.1,7147.6,279.2,892,17.1,0.1,14.6,3,936.4,4.7
Madinah - Taibah University,24.4846,39.5418,6/1/2018 0:00,37.1,0.5,305,4,2.8,0.1,1.5,,2342.5,183.9,761.9,7021.4,676.9,1960.1,7666.6,666.8,708.1,18.6,0.1,9.8,3,934.3,4.7
Madinah - Taibah University,24.4846,39.5418,7/1/2018 0:00,37.1,0.5,,,,,,,2512.4,235.2,906.3,6571,597.5,2126.5,7518.9,539.2,602,,,15.1,3,931.7,4.6
Madinah - Taibah University,24.4846,39.5418,8/1/2018 0:00,37.7,0.5,,,,,,,1992.7,190.9,541.6,7113.6,584.3,1473.8,7271.9,539.6,480.6,,,16.8,3,932,4.7
Madinah - Taibah University,24.4846,39.5418,12/1/2018 0:00,20.6,0.5,141,4,1.8,0,1,,1306.6,306.6,451.6,5278.1,1045.7,2042.5,4058.1,765,603.7,10.1,0.1,43.9,3,943,4.7
Madinah - Taibah University,24.4846,39.5418,1/1/2019 0:00,20.2,0.5,264,4,2,0,1.2,,1825.2,76.5,498,3850.2,219.3,2041,3951.3,159.8,786.7,12.8,0.1,43.2,3,942.5,4.7
Madinah - Taibah University,24.4846,39.5418,2/1/2019 0:00,19.7,0.5,285,4,2.3,0,1.2,,1636.1,94.7,626.5,5366,449.3,2804.2,4928.8,323.5,1323.7,12.8,0.1,34.2,3,942,4.7
Madinah - Taibah University,24.4846,39.5418,3/1/2019 0:00,22,0.5,287,4,2.5,0,1.3,,1678.1,89.9,838.8,7233.4,599.5,2664.9,6546.7,334.4,1093,15.7,0.1,23,3,940.4,4.7
Madinah - Taibah University,24.4846,39.5418,4/1/2019 0:00,27.1,0.5,292,4,2.5,0,1.2,,2332,624.8,973.4,6259.7,1371.8,2497.5,6879.1,1374.6,782.8,14.1,0.1,20,3,938.6,4.7
Madinah - Taibah University,24.4846,39.5418,5/1/2019 0:00,33.7,0.5,284,4,2.4,0,1.3,,2539.7,572.2,382.1,5503.5,1419.5,1161.5,6784.8,1530.2,594.8,17.3,0.1,15.4,3,937.1,4.7
Madinah - Taibah University,24.4846,39.5418,6/1/2019 0:00,37.9,0.5,,,,,,,2584.3,638.3,541.1,6288.8,1685.3,1558.8,7467.4,1583.2,638.4,,,13.5,3,933.5,4.7
Madinah - Taibah University,24.4846,39.5418,7/1/2019 0:00,36.6,0.5,307,4,3,0.1,1.4,,2073.5,449.5,754.6,7454.2,1690.9,1934.2,7652.5,1529.7,651.8,16,0.1,12.1,3,932.9,4.7
Madinah - Taibah University,24.4846,39.5418,8/1/2019 0:00,37.1,0.5,,,,,,,1962.7,189,593.4,7253.9,528.6,1534.4,7356.7,465.2,467.5,,,17.1,3,932.7,4.7
Madinah - Taibah University,24.4846,39.5418,9/1/2019 0:00,37.7,0.5,,,,,,,2176.4,201.4,556.3,5754.2,529.5,1605.7,6343.3,426.4,574.3,,,15.9,3,933.8,4.7
Madinah - Taibah University,24.4846,39.5418,10/1/2019 0:00,32.5,0.5,,,,,,,1838.6,151.5,560.7,5371.8,439.4,1637.9,5289.9,333.7,535.5,,,25,3,937.6,4.7
Madinah - Taibah University,24.4846,39.5418,11/1/2019 0:00,25.4,0.5,156,4.1,2,0,1,,1378.9,49.6,377.8,5787.4,210.9,1325.6,4642,157.3,405.9,12,0.1,31.5,3.1,940.6,4.9
Madinah - Taibah University,24.4846,39.5418,12/1/2019 0:00,21.3,0.5,,,,,,,1022.9,104,375.5,6685,455.4,1348.9,4441.8,270.9,269.9,,,32.9,3,940.8,4.7
Madinah - Taibah University,24.4846,39.5418,1/1/2020 0:00,17.2,0.5,,,,,,,1173.2,125,496.5,6718.7,486.8,1888.1,4706.7,304.9,589.7,,,32.9,3,942.4,4.7
Madinah - Taibah University,24.4846,39.5418,2/1/2020 0:00,21.2,0.5,,,,,,,1610.8,533.5,699.4,6465.4,1804,2270.3,5452.2,1243.9,712.6,,,29.7,3,941.1,4.7
Madinah - Taibah University,24.4846,39.5418,3/1/2020 0:00,25.2,0.5,,,,,,,2364,712.9,929.7,5981.5,1797.1,2608.5,6454.8,1391.6,982.9,,,21.4,3,937.6,4.7
Madinah - Taibah University,24.4846,39.5418,9/1/2020 0:00,36.4,0.5,116,3.7,2.1,0,1.1,,2010.6,86.2,361.1,6596.9,271.2,1153.3,6649.2,287,453.6,15.7,0.1,9.2,3,936,4.7
Madinah - Taibah University,24.4846,39.5418,10/1/2020 0:00,31.6,0.5,,,,,,,1371,354.1,313.6,7164.2,1556,876.7,5895.4,1186.7,231.4,,,13.3,3,939,4.7
Madinah - Taibah University,24.4846,39.5418,11/1/2020 0:00,25.3,0.5,271,3.7,2,0,1.1,,,,,,,,,,,13.1,0.1,33.4,3,940.9,4.7
Madinah - Taibah University,24.4846,39.5418,12/1/2020 0:00,21.7,0.5,,,,,,,1462.9,397.7,438.7,5052.1,1517.9,1789.5,4091.5,905,509.1,,,36.7,3,941.1,4.7
Madinah - Taibah University,24.4846,39.5418,1/1/2021 0:00,20.3,0.5,157,4,2,0,1.1,,1812.8,550.3,625.4,5565,1626.9,2018.8,4856,1073.2,518.1,12.3,0.1,31.5,3,943,4.7
Madinah - Taibah University,24.4846,39.5418,2/1/2021 0:00,21.8,0.5,,,,,,,1573.8,553.7,649.4,6165.9,1741.8,2445.4,5296.9,1218.4,917,,,32.8,3,940.2,4.7
Madinah - Taibah University,24.4846,39.5418,3/1/2021 0:00,27.9,0.5,,,,,,,2437.6,772.2,843.7,5743,1503.7,1850.6,6398.6,1328.3,458.7,,,21.5,3,937.9,4.7
Madinah - Taibah University,24.4846,39.5418,4/1/2021 0:00,29.8,0.5,235,3.8,2.6,0,1.2,,2805.7,114,652.9,6357.5,340.1,1705.6,7540,301.2,604.7,14.9,0.1,15.7,2.9,939.1,4.8
Madinah - Taibah University,24.4846,39.5418,5/1/2021 0:00,35.9,0.5,,,,,,,2387.2,649.3,700.4,6804.6,1740.6,1848.9,7549,1567.7,589.8,,,13.8,3,934.5,4.6
Madinah - Taibah University,24.4846,39.5418,7/1/2021 0:00,38,0.5,309,4,3.4,0.1,1.5,,,,,6750.9,224.9,1511.4,,,,12.8,0.1,12.4,3,931.7,4.7
Madinah - Taibah University,24.4846,39.5418,8/1/2021 0:00,39.2,0.5,,,,,,,2134.4,182.3,632.5,6839.5,521.2,1670.1,7256.5,444.2,521.4,,,14.2,3,932,4.7
Madinah - Taibah University,24.4846,39.5418,9/1/2021 0:00,37.5,0.5,,,,,,,2440,666,508,5232,1303.1,1351.9,6279,1342.6,544.8,,,16.4,3,933.4,4.6
Madinah - Taibah University,24.4846,39.5418,10/1/2021 0:00,32.9,0.5,145,4,1.7,0,1,,1698.3,84.3,288.8,6348,285,650.7,5769.9,292.5,317.1,9.9,0,12.4,3,939.3,4.7
Madinah - Taibah University,24.4846,39.5418,11/1/2021 0:00,26.4,0.5,,,,,,,1254.9,118.9,298.6,6173.3,449.6,1503.6,4682.5,303.6,691.6,,,25.5,3,939.9,4.7
Madinah - Taibah University,24.4846,39.5418,12/1/2021 0:00,21.5,0.5,,,,,,,1493.4,130.1,570.7,4478.1,447.4,2405.4,3820.1,264.2,930.6,,,37,3,941.2,4.7
Hail - TVTC,27.65261,41.70826,1/1/2017 0:00,12.2,0.5,173,4,3.4,0.1,1.8,,1329.8,353,441.4,5620.2,1430.9,2059.2,4169.5,903.2,625.1,14.4,0.1,35.6,3,912.4,4.6
Hail - TVTC,27.65261,41.70826,2/1/2017 0:00,10.8,0.5,164,4,3.5,0.1,1.7,,1599.7,467.2,614.3,6100.3,1698.9,2315.3,5086.2,1104.5,890.5,14.7,0.1,28.4,3,912.7,4.6
Hail - TVTC,27.65261,41.70826,3/1/2017 0:00,18.1,0.5,204,4,3.8,0.1,2.2,,2366.2,651.4,805.7,4584.1,1502.2,2325.4,5446.5,1198.4,808.5,17.1,0.1,28.3,3,908.3,4.6
Hail - TVTC,27.65261,41.70826,4/1/2017 0:00,23.9,0.5,175,4,4,0.1,2.2,,2984.1,793.9,778.6,3896.2,1507.5,2222.2,5863.9,1416.4,930.5,19.5,0.1,20.2,3,909.6,4.6
Hail - TVTC,27.65261,41.70826,5/1/2017 0:00,29,0.5,146,4,3.4,0.1,1.9,,3023.5,730.6,804.9,4219.2,1573.4,2123.1,6227.4,1497,1122.1,26.1,0.1,14.9,3,907.7,4.6
Hail - TVTC,27.65261,41.70826,6/1/2017 0:00,,,,,,,,,,,,,,,,,,,,,,,
Hail - TVTC,27.65261,41.70826,9/1/2017 0:00,32.6,0.5,189,3.7,3,0.1,1.6,,2359.7,188.9,529.1,5922.3,485,1459,6546,484.2,498.8,14.7,0.1,9.2,3,907.7,4.5
Hail - TVTC,27.65261,41.70826,10/1/2017 0:00,26.8,0.5,238,3.7,3.1,0.1,1.8,,1668.9,287.7,487.2,6630.7,1154.2,1526.1,5714.3,859,528.5,16.8,0.1,14.4,3,909.5,4.5
Hail - TVTC,27.65261,41.70826,11/1/2017 0:00,19.1,0.5,220,4,3.5,0.1,1.8,,1758.8,483.3,465.8,4498.5,1401.6,1916.2,4206.8,940.8,727.6,13.6,0.1,37.9,3,911.7,4.6
Hail - TVTC,27.65261,41.70826,3/1/2018 0:00,22.4,0.5,246,4,3.5,0.1,1.9,,2453.4,104.6,766.3,5651.8,250,2121.9,6241.9,197.1,784.2,17.9,0.1,19.7,3,909.8,4.6
Hail - TVTC,27.65261,41.70826,4/1/2018 0:00,22.3,0.5,242,3.7,3.7,0.1,2.1,,2866.1,113.8,778.6,5310.2,294.2,2406.3,6813.9,287.5,1089.7,25.3,0.1,31.2,3,907.1,4.5
Hail - TVTC,27.65261,41.70826,5/1/2018 0:00,27.9,0.5,313,4,3.5,0.1,2,,3265.7,129.1,772.6,4853.3,248.3,2496,6997.7,249.8,1183,20,0.1,19.1,3,907,4.5
Hail - TVTC,27.65261,41.70826,6/1/2018 0:00,32.6,0.5,56,4,3.2,0.1,1.7,,2404.7,127.4,869.3,7785.7,298.1,2051.8,8237.7,455.4,544.7,17.3,0.1,11.1,3,904.9,4.5
Hail - TVTC,27.65261,41.70826,7/1/2018 0:00,33.5,0.5,58,3.7,3,0.1,1.5,,2293.6,82.9,619.6,7876,273,1363.6,8175.3,5249.6,320,13.6,0.1,11.3,3,903.1,4.5
Hail - TVTC,27.65261,41.70826,8/1/2018 0:00,32.9,0.5,65,3.7,3.1,0.1,1.5,,,,,,,,,,,12.8,0.1,13.3,3,904.3,4.5
Hail - TVTC,27.65261,41.70826,9/1/2018 0:00,33.6,0.6,207,4.3,2.7,0.1,1.5,,2592.3,336,523.8,5069.1,931.9,1353.8,6236.9,883.1,543.7,16.3,0.1,10.2,3.5,907.7,5.2
Hail - TVTC,27.65261,41.70826,10/1/2018 0:00,,,,,,,,,,,,,,,,,,,,,,,
Hail - TVTC,27.65261,41.70826,11/1/2018 0:00,16,0.5,236,3.7,3.4,0.1,1.8,,1609.1,55,414.3,3496.3,194.4,2498.5,3453.8,129.7,1128.2,14.1,0.1,67.2,3,912,4.5
Hail - TVTC,27.65261,41.70826,12/1/2018 0:00,14.2,0.5,268,4,3.7,0.1,1.9,,1358.8,48.5,441.3,5098.9,182.9,1991.5,3842,114.3,549.1,14.7,0.1,52.8,3,913.2,4.6
Hail - TVTC,27.65261,41.70826,1/1/2019 0:00,13.9,0.5,286,3.7,3.6,0.1,1.9,,1815.2,72.7,587.9,3568,229.5,2573,3652.9,142.3,1022.1,14.7,0.1,39.3,3,911.7,4.5
Hail - TVTC,27.65261,41.70826,2/1/2019 0:00,13.5,0.5,263,4,3.5,0.1,1.9,,1713.1,68,586.1,5424.7,231.7,2946.4,4848.6,165.9,1274.8,16.8,0.1,41.7,3,911.5,4.6
Hail - TVTC,27.65261,41.70826,3/1/2019 0:00,15.9,0.5,353,4,3.7,0.1,2.2,,1872.9,106.1,895.2,7074.5,312.4,2811.8,6418.6,237.1,892.7,22.6,0.1,27.6,3,909.2,4.6
Hail - TVTC,27.65261,41.70826,4/1/2019 0:00,20.7,0.5,324,4,3.5,0.1,1.8,,2247.6,525,800.5,6405.1,1234.1,2643.2,6834.9,1162.8,1297.5,18.6,0.1,23.6,3,908.6,4.6
Hail - TVTC,27.65261,41.70826,5/1/2019 0:00,29.3,0.5,259,4,3.5,0.1,1.9,,2655.1,658.7,570.5,5407,1485.7,1716.7,6724.6,1504,921.9,21.6,0.1,14.8,3,907.8,4.6
Hail - TVTC,27.65261,41.70826,7/1/2019 0:00,33.7,0.5,86,4,3.1,0.1,1.4,,1864.7,299.8,567.2,8552.2,1677.1,1417.6,8184,1555.7,549.2,14.1,0.1,10.2,3,903.2,4.5
Hail - TVTC,27.65261,41.70826,8/1/2019 0:00,33.2,0.5,77,4,3.3,0.1,1.6,,1908.1,73.3,555,7915.6,273.6,1826.8,7644.2,231.9,672.2,20,0.1,11.1,3,904.4,4.5
Hail - TVTC,27.65261,41.70826,9/1/2019 0:00,33,0.5,275,4,3,0.1,1.6,,2017.6,97.7,695.2,6718.7,230.9,1826.3,6659,195,560.9,14.9,0.1,11.4,3,906.6,4.5
Hail - TVTC,27.65261,41.70826,10/1/2019 0:00,27.4,0.5,266,3.7,2.8,0.1,1.4,,1944.4,72.5,509.7,4869.2,212.2,1774.1,5007.4,150.1,660.8,19.2,0.1,24.9,3,909.9,4.5
Hail - TVTC,27.65261,41.70826,11/1/2019 0:00,18.1,0.5,260,4,3.3,0.1,1.8,,1514.5,62.2,489.8,4990.9,223.9,2427.4,4172.4,134.7,900.4,13.1,0.1,44.6,3,911.9,4.6
Hail - TVTC,27.65261,41.70826,12/1/2019 0:00,13.8,0.5,334,4,3,0.1,1.7,,973.4,45.7,366,6996.3,230,1472.9,4280.9,128.5,291.2,17.1,0.1,39.3,3,912,4.6
Hail - TVTC,27.65261,41.70826,1/1/2020 0:00,10.4,0.5,18,3.7,3.3,0.1,1.8,,1023.4,309.1,404.2,7158.7,1643.1,2085.3,4555.6,971.8,688.6,14.9,0.1,36.5,3,912.6,4.5
Hail - TVTC,27.65261,41.70826,2/1/2020 0:00,13.9,0.5,340,4,3.7,0.1,2.1,,1484.5,526.9,716.6,7092.4,1804.8,2330.4,5484.9,1194.5,619,18.1,0.1,33.9,3,911.9,4.6
Hail - TVTC,27.65261,41.70826,3/1/2020 0:00,18.4,0.5,341,3.7,4,0.1,2.2,,2168,583.6,784.6,6380.4,1798.6,2565.3,6371.4,1385,1020.8,20.5,0.1,26.2,3,908.6,4.5
Hail - TVTC,27.65261,41.70826,4/1/2020 0:00,22.9,0.5,295,4,3.9,0.1,2.4,,2498,679.9,752.6,6482.3,1764.5,2286.9,7199.2,1529.7,964.3,24.5,0.1,24.9,3,907.6,4.6
Hail - TVTC,27.65261,41.70826,5/1/2020 0:00,28.9,0.5,296,4,3.6,0.1,1.9,,2969.7,737.3,677.7,5666.2,1422.9,1805.6,7321.9,1483.8,713.2,18.4,0.1,13.3,3,908.3,4.6
Hail - TVTC,27.65261,41.70826,9/1/2020 0:00,32.5,0.5,234,4,2.8,0.1,1.5,,1980.6,516.1,495.7,7021.5,1657.1,1265.6,6805,1377.9,382.2,13.1,0.1,8.9,3,907.5,4.5
Hail - TVTC,27.65261,41.70826,10/1/2020 0:00,25.6,0.5,264,4,2.5,0,1.3,,1173.5,299.7,264.1,8055.1,1657.3,718.8,5948.5,1173.1,283.5,12,0.1,11.7,3,911.6,4.6
Hail - TVTC,27.65261,41.70826,11/1/2020 0:00,18.9,0.5,293,4,3.4,0.1,1.9,,1584.9,439.1,502.4,4907.3,1530,2054.9,4203.6,936.8,717.3,18.9,0.1,43.5,3,911.6,4.6
Hail - TVTC,27.65261,41.70826,12/1/2020 0:00,13.6,0.5,282,3.7,3.4,0.1,1.7,,1356.6,389.9,500.4,4611.2,1478.4,2611.9,3597.5,834.6,1033.4,12.3,0.1,52,3,913.3,4.5
Hail - TVTC,27.65261,41.70826,1/1/2021 0:00,13,0.5,301,4,3.3,0.1,1.6,,1441,406.6,534.3,5379,1623.1,2631.1,4205.5,956.2,946.3,13.9,0.1,43.9,3,913.5,4.6
Hail - TVTC,27.65261,41.70826,2/1/2021 0:00,14.5,0.5,311,4.1,3.7,0.1,1.9,,1657.8,486.5,641.4,5456.1,1671.1,3084.1,4818.3,1138.2,1421.6,14.1,0.1,41.7,3.1,912.1,4.8
Hail - TVTC,27.65261,41.70826,3/1/2021 0:00,20.4,0.5,317,4,3.9,0.1,2,,2499.7,661,986.7,5803.7,1728.5,2442.9,6358.1,1256.9,710.9,20.8,0.1,20.8,3,909.7,4.6
Hail - TVTC,27.65261,41.70826,4/1/2021 0:00,24.5,0.5,290,3.7,3.5,0.1,1.8,,2608.9,725.8,782.6,6535.3,1678.1,1977.9,7385.1,1462.3,771.7,16.8,0.1,15.1,3,910.1,4.5
Hail - TVTC,27.65261,41.70826,5/1/2021 0:00,30.6,0.5,63,4,3.2,0.1,1.7,,2423.3,432,737.7,6979.4,1286.6,2170.5,7637.6,1254.2,926.9,24.5,0.1,9.9,3,906.7,4.5
Hail - TVTC,27.65261,41.70826,7/1/2021 0:00,35.4,0.5,120,4,3.1,0.1,1.4,,2111.9,588.2,471.8,7682.1,1621.9,1143.6,7810.3,1535.2,312.8,15.2,0.1,9.8,3,902.3,4.5
Hail - TVTC,27.65261,41.70826,8/1/2021 0:00,34.5,0.5,34,3.7,3,0.1,1.6,,1929.6,70.3,460.1,7915.2,342.6,1140,7648,331.1,281.6,17.6,0.1,8.7,3,904.5,4.5
Hail - TVTC,27.65261,41.70826,9/1/2021 0:00,31.3,0.5,217,4,2.9,0.1,1.5,,2018.3,537.8,535.4,6679.7,1524.8,1290.1,6641.5,1325.9,351.5,14.9,0.1,13.4,3,906.8,4.5
Hail - TVTC,27.65261,41.70826,10/1/2021 0:00,27.8,0.5,306,4,3.1,0.1,1.6,,1749.6,116.6,354.4,6239.5,276.9,1141.4,5596.1,242.7,480.4,14.1,0.1,15,3,910.3,4.6
Hail - TVTC,27.65261,41.70826,11/1/2021 0:00,19.1,0.5,285,3.7,2.9,0.1,1.8,,1364.3,69,519.6,6071.7,252.2,1640.1,4565.9,167,364,12.5,0.1,28.5,3,912.3,4.5
Najran - University,17.63228,44.53735,1/1/2017 0:00,20,0.5,88,4,1.7,0,1,,1286.2,363.1,481.5,7774,1579,1588,5782,1138.2,343.9,9.6,0,25.2,3,885.4,4.4
Najran - University,17.63228,44.53735,1/2/2017 0:00,19.3,0.5,65,4,2.2,0,1.1,,2425.5,669.2,720.4,4577.2,1500.9,2498.4,5517.5,1264,1117.6,12.8,0.1,33.4,3,884.7,4.4
Najran - University,17.63228,44.53735,1/3/2017 0:00,26.1,0.5,41,4,2.2,0,1.3,,2536.9,778.9,786.9,5407,1422.3,1887.9,6515.7,1376.1,661.6,18.7,0.1,29.7,3,881.4,4.4
Najran - University,17.63228,44.53735,1/4/2017 0:00,28.2,0.5,85,4,2.2,0,1.3,,2597.4,804.3,829,6505.3,1677.7,2198.6,7486,1560.6,1007.7,12,0.1,15.8,3,882.4,4.4
Najran - University,17.63228,44.53735,1/5/2017 0:00,31.1,0.5,39,4,2.3,0,1.3,,3150.9,813,748.1,5212.9,1399.5,1629.2,7278.9,1509.6,631.3,17.1,0.1,21,3,880.9,4.4
Najran - University,17.63228,44.53735,1/6/2017 0:00,33.5,0.5,30,3.7,2.1,0,1.2,,3465.6,1058.7,1106.4,5206.2,1639.4,2208.7,7522.5,1556.8,514.6,13.6,0.1,10.1,3,878.2,4.4
Najran - University,17.63228,44.53735,1/9/2017 0:00,30.8,0.5,31,4,2.2,0,1.3,,2186.3,204.4,474.6,7026.5,658.5,1084.3,7352.4,636.6,314.8,12.3,0.1,13.5,3,879.8,4.4
Najran - University,17.63228,44.53735,1/10/2017 0:00,25.9,0.5,56,4,1.9,0,1.1,,1430.4,95.8,434.7,8301.3,535.5,1071.1,6898.2,425.2,323.1,10.4,0.1,18,3,883.4,4.4
Najran - University,17.63228,44.53735,1/11/2017 0:00,21.3,0.5,96,3.7,1.8,0,1,,1290.5,173.8,559.7,7865.8,578.3,1725.1,5964.5,417.5,509.1,8.8,0,30.8,3,885,4.4
Najran - University,17.63228,44.53735,1/3/2018 0:00,24.3,0.5,93,4,2.2,0,1.3,,1944.5,171,557.3,7299.1,545.4,1923.1,7078.5,459.4,861.9,13.1,0.1,21.3,3,883.1,4.4
Najran - University,17.63228,44.53735,1/4/2018 0:00,26.8,0.5,17,4,2,0,1.4,,3338.2,336.3,1030.8,4304,479.9,2182.7,6781.6,522.1,860,16,0.1,35.7,3,881.1,4.4
Najran - University,17.63228,44.53735,1/5/2018 0:00,30.4,0.5,42,4,2.4,0,1.3,,3251,323.8,976,6126.8,580.8,1723.4,8046.4,588.1,399.1,12.8,0.1,20.4,3,880.1,4.4
Najran - University,17.63228,44.53735,1/6/2018 0:00,33.5,0.5,15,3.7,2.5,0,1.3,,4190.2,367,1049.9,4106.1,494.4,2191.9,7486.6,591.4,746.5,15.2,0.1,15.8,3,877.8,4.4
Najran - University,17.63228,44.53735,1/7/2018 0:00,34.5,0.5,341,4,2.8,0,1.3,,4208.9,334.8,678.6,3609.7,359.6,1351.7,7172.9,537.5,604.8,20.5,0.1,16.3,3,876.1,4.4
Najran - University,17.63228,44.53735,1/8/2018 0:00,33.9,0.5,350,4,2.6,0,1.3,,3639.1,293.4,801.9,4356.4,515.6,1858.5,7150.9,547.1,729.5,16.8,0.1,17.5,3,876.5,4.4
Najran - University,17.63228,44.53735,1/9/2018 0:00,31.1,0.5,53,4,2.3,0,1.3,,2429.9,223.3,505.8,6918,569.9,1198,7522.8,526.9,382,12.3,0.1,15.2,3,880.1,4.4
Najran - University,17.63228,44.53735,1/10/2018 0:00,25.9,0.5,58,3.7,2.1,0,1.1,,2020.6,213.7,747.1,6779.8,610.4,2284.5,6618.4,508.5,824.5,13.1,0.1,32,3,883.9,4.4
Najran - University,17.63228,44.53735,1/11/2018 0:00,23.6,0.5,93,3.7,1.9,0,1,,1838,206,805.8,6375.2,628.4,2472.3,5677.8,439.5,731,10.4,0.1,35.4,3,884.5,4.4
Najran - University,17.63228,44.53735,1/12/2018 0:00,19.9,0.5,90,3.7,1.8,0,1,,1091.4,89,257.4,8418.9,640.5,598.3,5783.6,417.9,117.6,8.5,0,33.9,3,885.6,4.4
Najran - University,17.63228,44.53735,1/1/2019 0:00,20.4,0.5,86,4,1.8,0,1.1,,1886.8,265.3,1012.8,6776.7,730.8,2743.9,5863.7,486.2,567.7,10.9,0,31.2,3,885.6,4.4
Najran - University,17.63228,44.53735,1/2/2019 0:00,22.1,0.5,72,3.7,2.1,0,1.1,,2522.7,227.7,816.7,5702.1,569.2,1784.3,6352.1,446.9,387.6,12.5,0.1,32.8,3,884.1,4.4
Najran - University,17.63228,44.53735,1/3/2019 0:00,25.2,0.5,72,4,2.3,0,1.3,,3158.5,341.5,958,5215.9,648.2,2014.2,7040.3,722.6,514.1,15.2,0.1,24.2,3,882.3,4.4
Najran - University,17.63228,44.53735,1/4/2019 0:00,27.7,0.5,55,4,2.2,0,1.4,,3202.8,721.2,1070.1,4689.7,1262.8,2264.6,6897.5,1374,974.6,19.5,0.1,30.3,3,881.6,4.4
Najran - University,17.63228,44.53735,1/5/2019 0:00,29.3,0.5,24,4,2.2,0,1.3,,2986.3,888.8,942.4,5303.9,1520.1,2201.4,7130.1,1559.6,954.2,21.1,0.1,30.6,3,881.5,4.4
Najran - University,17.63228,44.53735,1/6/2019 0:00,33.6,0.5,24,4,2.3,0,1.3,,3098.2,825.6,686.7,5848,1521.4,1561.2,7670.6,1577.9,550.2,13.9,0.1,14.8,3,878.4,4.4
Najran - University,17.63228,44.53735,1/7/2019 0:00,34.9,0.5,356,4,2.8,0.1,1.3,,3849.4,744.6,694.4,4295.5,914.2,1650.6,7272.5,1456.1,633.2,13.3,0.1,13.7,3,876,4.4
Najran - University,17.63228,44.53735,1/8/2019 0:00,33.4,0.5,347,4,2.7,0.1,1.3,,3201.5,274.6,823.7,4958.3,496.9,2039.8,7070.3,520.6,910.1,14.7,0.1,18.6,3,877.5,4.4
Najran - University,17.63228,44.53735,1/9/2019 0:00,31.5,0.5,28,4,2.3,0,1.3,,2532,257.2,748.6,6208.4,560,1958.9,7108.8,510,771.2,12,0.1,19.3,3,879.5,4.4
Najran - University,17.63228,44.53735,1/10/2019 0:00,27,0.5,66,4,2.1,0,1.2,,1835.1,190.5,666.5,7261.1,588.4,1933.5,6696.1,455.2,601.5,11.7,0.1,22.2,3,882.8,4.4
Najran - University,17.63228,44.53735,1/11/2019 0:00,22,0.5,95,4.1,2,0,1,,1644.5,149.2,382.1,6569.2,561,2137.3,5674.1,434.8,1041.9,10.1,0.1,37.5,3.1,884.5,4.6
Najran - University,17.63228,44.53735,1/12/2019 0:00,20,0.5,94,4,1.8,0,1,,1343.5,167.9,652.3,7390.3,586.8,2199.6,5493.6,378.8,615.9,9.6,0.1,38.2,3,885,4.4
Najran - University,17.63228,44.53735,1/1/2020 0:00,18.5,0.5,71,4,1.9,0,1.1,,1569.5,520.2,673.7,7353.5,1801.5,1849.9,5907.3,1230.9,397.4,10.9,0.1,33.1,3,885.3,4.4
Najran - University,17.63228,44.53735,1/2/2020 0:00,22,0.5,80,4,2.1,0,1.1,,2253.5,873.6,1157.5,6185.2,1737.9,2641.8,6317.6,1416.4,647.3,10.7,0.1,27.4,3,884.9,4.4
Najran - University,17.63228,44.53735,1/3/2020 0:00,24.9,0.5,68,4,2.2,0,1.3,,3119.6,828.2,858.7,5320.5,1501.9,1730.1,7091.8,1486,516.5,12,0.1,26,3,882,4.4
Najran - University,17.63228,44.53735,1/4/2020 0:00,28.3,0.5,57,4,1.8,0,1.5,,2923.7,938.8,967.5,5397.4,1712.9,2594.2,7092.1,1582.9,1112.8,16.8,0.1,35.2,3,881,4.4
Najran - University,17.63228,44.53735,1/5/2020 0:00,33.6,0.5,52,4,2.2,0,1.4,,3215.9,851.9,835.9,5163,1565.4,2090.1,7241.7,1557.8,955.8,18.7,0.1,23.9,3,881.1,4.4
Najran - University,17.63228,44.53735,1/9/2020 0:00,30.5,0.5,35,4,2.1,0,1.3,,2282.6,800.7,792.5,7432.1,1796.5,1663,7666.8,1584.1,406.7,13.1,0.1,15.5,3,879.5,4.4
Najran - University,17.63228,44.53735,1/10/2020 0:00,25.1,0.5,45,4,1.8,0,1.2,,1371.9,390.3,341.4,9097.3,1948.9,712.2,7295.8,1512.9,224.3,12.8,0.1,16.7,3,883.6,4.4
Najran - University,17.63228,44.53735,1/11/2020 0:00,22.1,0.6,101,4.7,1.5,0,1.2,,,,,,,,,,,8.8,0.1,26.9,3.6,885,5.3
Najran - University,17.63228,44.53735,1/12/2020 0:00,19,0.5,105,4,1.4,0,1.2,,1236.4,415.6,503.7,8347.2,1891.4,1427.8,5877.6,1211.1,297.3,8.8,0,36.5,3,885.7,4.4
Najran - University,17.63228,44.53735,1/1/2021 0:00,17.8,0.5,98,4,1.6,0,1.2,,1484,558,775.3,8075.2,1957.4,1964.9,6173.5,1322.7,389.2,13.3,0,28.3,3,885.7,4.4
Najran - University,17.63228,44.53735,1/2/2021 0:00,20.8,0.5,92,3.7,1.9,0,1.3,,1926.2,684.2,891.6,7125.9,1837,2489.9,6579.8,1413.1,745,11.2,0.1,30.6,3,884.3,4.4
Najran - University,17.63228,44.53735,1/3/2021 0:00,25.3,0.5,89,4,1.7,0,1.4,,2329.1,984.9,1233.8,7704.3,2076.7,2698.2,7761.2,1655.6,662.7,12.5,0.1,16.8,3,882.8,4.4
Najran - University,17.63228,44.53735,1/4/2021 0:00,27.2,0.5,70,4,1.9,0,1.3,,3048.7,1043.9,1046.4,6030.8,1899.1,2674.6,7654.8,1701,1047.9,14.1,0.1,19.8,3,882.3,4.4
Najran - University,17.63228,44.53735,1/5/2021 0:00,31.9,0.5,57,3.7,2.2,0,1.3,,3182.8,930.6,954.4,6322.6,1725.7,2166,8035.1,1696.1,694.6,13.3,0.1,13.3,3,879.8,4.4
Najran - University,17.63228,44.53735,1/7/2021 0:00,33.3,0.5,354,4,2.7,0.1,1.5,,3549.2,931.9,875.1,4540.4,1581.7,2299,7113.9,1656,1405.3,18.4,0.1,23.4,3,875,4.4
Najran - University,17.63228,44.53735,1/8/2021 0:00,33.9,0.5,15,4,2.5,0,1.3,,3338.4,283.5,640.3,5179.2,518.7,1539.6,7387.7,571.2,596.6,15.5,0.1,17.8,3,877,4.4
Najran - University,17.63228,44.53735,1/9/2021 0:00,30.9,0.5,24,4,2.1,0,1.5,,2482.8,717,641.6,6939.1,1695.5,1342.3,7591.2,1551.5,378.1,14.1,0.1,15.1,3,879.2,4.4
Najran - University,17.63228,44.53735,1/10/2021 0:00,26.9,0.5,54,4,1.9,0,1.3,,1824.4,199.4,567.6,7831,773.4,1584.1,7029.5,585,458.9,11.2,0.1,20.8,3,883.3,4.4
Najran - University,17.63228,44.53735,1/11/2021 0:00,22.5,0.5,101,4,1.3,0,1.3,,1258.6,130.1,200.4,8607.1,729.6,622.7,6370.7,525.1,291.3,9.1,0.1,25.3,3,885.1,4.4
Najran - University,17.63228,44.53735,1/12/2021 0:00,19,0.5,97,4,1.1,0,1.2,,1067.6,125.3,493.7,8876.4,823.5,2040.9,5952.6,507,588.7,9.1,0,32,3,885.6,4.4
Al Hanakiyah - TVTC,24.85577,40.536,1/1/2017 0:00,18.8,0.5,11,4,3.1,0.1,1.7,,1337.4,405.5,505.2,6122.4,1568.2,1594.3,4578.4,1019.7,360.6,14.7,0.1,30.6,3,918.9,4.6
Al Hanakiyah - TVTC,24.85577,40.536,1/2/2017 0:00,16.8,0.5,66,4,3.6,0.1,1.8,,1986.1,600.5,782,5640.4,1830.6,2479.5,5384.9,1205.5,705.8,14.7,0.1,27.4,3,919,4.6
Al Hanakiyah - TVTC,24.85577,40.536,1/3/2017 0:00,23.4,0.5,231,4,3.7,0.1,2.1,,2622.9,798.3,935,5070.3,1615.3,2600.7,6075.7,1339.5,963.4,16.8,0.1,24.6,3,914.7,4.6
Al Hanakiyah - TVTC,24.85577,40.536,1/4/2017 0:00,29.5,0.5,155,4,4,0.1,2,,3217.4,799.5,829.9,4426.2,1574.2,2281.7,6605,1516.1,1038.3,16.5,0.1,17.9,3,915.5,4.6
Al Hanakiyah - TVTC,24.85577,40.536,1/5/2017 0:00,32.4,0.5,252,4,3.1,0.1,1.9,,3067.4,785.1,703.7,4924.9,1441,2154.6,6870,1552.6,1150,23.5,0.1,18.3,3,914.3,4.6
Al Hanakiyah - TVTC,24.85577,40.536,1/6/2017 0:00,37.2,0.5,352,4,3.1,0.1,1.6,,2441.4,735.9,694.5,7385,1793,1401.9,8035.4,1608.5,267.5,13.1,0.1,8.3,3,911.4,4.6
Al Hanakiyah - TVTC,24.85577,40.536,1/9/2017 0:00,34.7,0.5,65,3.7,2.9,0.1,1.6,,2064.4,227.7,557.4,7253.3,764.9,1615.3,6604.4,703.1,689.5,16,0.1,9.4,3,913.8,4.5
Al Hanakiyah - TVTC,24.85577,40.536,1/10/2017 0:00,29.7,0.5,170,3.7,2.4,0.1,1.6,,1326.4,98.1,227.9,8131,516.1,606.2,6029.6,371.9,338.6,13.9,0.1,13.2,3,916.2,4.6
Al Hanakiyah - TVTC,24.85577,40.536,1/11/2017 0:00,23.4,0.5,116,4,3,0.1,1.7,,1614,148.8,477.2,5300.1,438.8,1972.4,4578.6,314.9,712.3,15.5,0.1,32.3,3,917.9,4.6
Al Hanakiyah - TVTC,24.85577,40.536,1/3/2018 0:00,26.6,0.5,156,4,3.2,0.1,2,,2257.7,206.1,849.3,6409.3,501.9,1987.8,6591.4,416.2,501.5,16.8,0.1,20,3,916.2,4.6
Al Hanakiyah - TVTC,24.85577,40.536,1/4/2018 0:00,27.2,0.5,228,4,3.6,0.1,2.1,,2787.1,259.6,965.2,5943.8,556.8,2561.9,7158.4,470.4,943,24,0.1,23.2,3,913.6,4.6
Al Hanakiyah - TVTC,24.85577,40.536,1/5/2018 0:00,32.1,0.5,265,4,4,0.1,2.4,,3523,270.5,800.2,4665.5,412.2,1908,7165.7,469.8,715.6,21.1,0.1,17.6,3,913.2,4.6
Al Hanakiyah - TVTC,24.85577,40.536,1/6/2018 0:00,36.1,0.5,311,3.8,3.4,0.1,1.8,,2643.9,234.7,884.4,6951.7,584.9,2137.2,7916.7,495.5,631.9,21.3,0.1,11.4,3,911.2,4.5
Al Hanakiyah - TVTC,24.85577,40.536,1/7/2018 0:00,36.2,0.5,279,3.7,3.6,0.1,1.6,,2644.2,221.5,900.6,6580.3,579.5,1938.6,7658,558,464.4,14.4,0.1,13.5,3,910,4.5
Al Hanakiyah - TVTC,24.85577,40.536,1/8/2018 0:00,36.8,0.5,303,4,3.1,0.1,1.4,,2061.2,178.8,683.9,7241.3,538.6,1736.4,7446.5,461.4,531.5,15.5,0.1,13.9,3,910.6,4.6
Al Hanakiyah - TVTC,24.85577,40.536,1/9/2018 0:00,36.4,0.5,72,4,3.2,0.1,1.7,,2709.2,191.7,372.4,4977,391.9,918.4,6388.5,389.1,316.9,17.1,0.1,12.5,3,913.7,4.6
Al Hanakiyah - TVTC,24.85577,40.536,1/10/2018 0:00,28.4,0.5,111,4,3.2,0.1,1.9,,1816.7,170.6,560.3,5732.6,478.4,2339.2,5490,376.4,1135.6,21.3,0.1,28.3,3,917.5,4.6
Al Hanakiyah - TVTC,24.85577,40.536,1/11/2018 0:00,20.9,0.5,106,4,3.3,0.1,1.8,,1603,162.1,598.4,4974.5,612.6,2745.4,4315.5,414.5,1027.1,13.9,0.1,53.6,3,918,4.6
Al Hanakiyah - TVTC,24.85577,40.536,1/12/2018 0:00,19.3,0.5,99,3.7,3.3,0.1,1.8,,1387.7,127.5,518.5,5796.5,530,2209.6,4308,289.5,556,13.9,0.1,47.5,3,919.3,4.6
Al Hanakiyah - TVTC,24.85577,40.536,1/1/2019 0:00,19.2,0.5,189,3.7,3,0.1,1.9,,2013.6,159.1,622,3669.5,396.3,2218.7,4019.8,284.3,821.9,16.3,0.1,43.8,3,918.6,4.6
Al Hanakiyah - TVTC,24.85577,40.536,1/2/2019 0:00,18.4,0.5,75,3.7,3.7,0.1,1.9,,1950.7,171.2,717.9,4946.3,543.4,2930.4,4920.6,369,1259.5,16.3,0.1,38.4,3,918,4.5
Al Hanakiyah - TVTC,24.85577,40.536,1/3/2019 0:00,20.8,0.5,255,4,3.6,0.1,2.2,,1915.2,216.1,1059.1,7278,589.8,2962.6,6668.2,435.2,858,20.3,0.1,24.4,3,916.3,4.6
Al Hanakiyah - TVTC,24.85577,40.536,1/4/2019 0:00,25.6,0.5,259,4,3.5,0.1,1.9,,2515.2,683.7,996.6,6506.2,1431.7,2559,7259.4,1372.5,823.3,18.9,0.1,23.9,3,915.1,4.6
Al Hanakiyah - TVTC,24.85577,40.536,1/5/2019 0:00,32.5,0.5,209,4,3.2,0.1,1.9,,2839.9,683.6,479.2,5829.9,1435.2,1493.8,7359.8,1540.3,703.3,24.8,0.1,18.3,3,914.1,4.6
Al Hanakiyah - TVTC,24.85577,40.536,1/6/2019 0:00,36.5,0.5,294,4,3.4,0.1,1.6,,2732.8,781.9,690,6149.4,1713.8,2134.9,7467.2,1605.1,966.6,20.3,0.1,12.4,3,912.3,4.6
Al Hanakiyah - TVTC,24.85577,40.536,1/7/2019 0:00,36.8,0.5,287,4,3.5,0.1,1.5,,2221.4,219.8,789.6,7618.1,572.7,2004.4,7958.2,488.1,583.8,14.7,0.1,12.2,3,909.8,4.6
Al Hanakiyah - TVTC,24.85577,40.536,1/8/2019 0:00,35.8,0.5,284,4,3.5,0.1,1.5,,1981.2,174.1,627.9,7644.3,558.8,1680.8,7554.9,474.8,587.2,15.5,0.1,14.1,3,911.2,4.6
Al Hanakiyah - TVTC,24.85577,40.536,1/9/2019 0:00,35.8,0.5,112,4,3,0.1,1.6,,2210.9,204.3,574.8,6222.8,477.9,1560.9,6635.6,424.6,498.5,14.9,0.1,13.8,3,912.8,4.6
Al Hanakiyah - TVTC,24.85577,40.536,1/10/2019 0:00,30.4,0.5,157,4,2.9,0.1,1.6,,1988,156.9,643.1,5546.6,458.6,1742.3,5505.8,343.8,540.3,21.1,0.1,23,3,916.3,4.6
Al Hanakiyah - TVTC,24.85577,40.536,1/11/2019 0:00,23.6,0.5,84,4,3.2,0.1,1.8,,1513,137.7,490.1,5907.5,456.5,1524.3,4778.9,318.2,431.5,15.5,0.1,38.1,3,917.4,4.6
Al Hanakiyah - TVTC,24.85577,40.536,1/12/2019 0:00,19,0.5,151,4,2.8,0.1,1.6,,1013.4,113.1,442.4,7183.7,505.7,1851.3,4562.7,285.8,405.9,13.1,0.1,33.6,3,918.5,4.6
Al Hanakiyah - TVTC,24.85577,40.536,1/1/2020 0:00,14.8,0.5,305,4,2.9,0.1,1.6,,1127.9,355.8,491.1,7413.2,1788.1,1813.9,4929.4,1062.9,476.6,13.9,0.1,34.3,3,919.8,4.6
Al Hanakiyah - TVTC,24.85577,40.536,1/2/2020 0:00,19,0.5,213,4,3.3,0.1,2.1,,1798.4,628.7,886,6283,1861,2822,5470.3,1257.7,810.2,23.7,0.1,29.9,3,918.9,4.6
Al Hanakiyah - TVTC,24.85577,40.536,1/3/2020 0:00,22.9,0.5,223,4,3.6,0.1,2.1,,2292.7,679.2,952.2,6386.9,1897.2,2616.8,6632.6,1446,1043.8,21.3,0.1,21.5,3,915.6,4.6
Al Hanakiyah - TVTC,24.85577,40.536,1/4/2020 0:00,27.1,0.5,239,4,3.7,0.1,2.3,,2781.8,846.1,1013.8,6290,1844.3,2325.6,7323.4,1583.3,849.5,20.8,0.1,22.5,3,914.3,4.6
Al Hanakiyah - TVTC,24.85577,40.536,1/5/2020 0:00,32.8,0.5,241,4,3.5,0.1,1.9,,2956.4,869.3,992.2,5654.4,1870.1,2586.5,7249.3,1599.1,1074.1,17.9,0.1,17.2,3,914.5,4.6
Al Hanakiyah - TVTC,24.85577,40.536,1/9/2020 0:00,34.8,0.5,66,4,3,0.1,1.7,,2065.5,606.8,574,6758.2,1556.5,1424.7,6812.8,1402.2,402.5,14.7,0.1,11.4,3,913.5,4.6
Al Hanakiyah - TVTC,24.85577,40.536,1/10/2020 0:00,28.6,0.5,74,4,2.8,0.1,1.5,,1300.2,345.2,365,7893.3,1726,1026,6154.4,1249.6,264.4,15.5,0.1,13.3,3,917.9,4.6
Al Hanakiyah - TVTC,24.85577,40.536,1/11/2020 0:00,23.7,0.5,134,4,3,0.1,1.7,,1459.6,482.2,462.6,5791,1575.4,1936.5,4646.2,1044.2,767.5,14.9,0.1,37.9,3,917.7,4.6
Al Hanakiyah - TVTC,24.85577,40.536,1/12/2020 0:00,19.2,0.5,79,4,3.1,0.1,1.8,,1500,392.8,443.1,5290.1,1671,1969,4199.4,937.3,549.7,13.9,0.1,39.7,3,919.2,4.6
Al Hanakiyah - TVTC,24.85577,40.536,1/1/2021 0:00,18.6,0.5,87,4,3.4,0.1,1.7,,1556.5,490.9,629.4,5938.4,1675.1,1998.9,4720.7,1012.3,506.4,15.2,0.1,36.4,3,919.4,4.6
Al Hanakiyah - TVTC,24.85577,40.536,1/2/2021 0:00,19.5,0.5,108,4,3.3,0.1,1.8,,1664.4,565.3,736.4,6361.5,1882.8,2673.6,5417.2,1243.9,1072,18.9,0.1,35,3,918.1,4.6
Al Hanakiyah - TVTC,24.85577,40.536,1/3/2021 0:00,25.6,0.5,216,4,3.5,0.1,2.1,,2560.5,827.1,903.8,5854.2,1636.9,2121.2,6589.8,1363.6,557,16.5,0.1,21.5,3,916.1,4.6
Al Hanakiyah - TVTC,24.85577,40.536,1/4/2021 0:00,28.2,0.5,101,3.7,3.7,0.1,2,,2827.2,853,869,5988,1736.4,2032.8,7305.7,1551.4,622.9,22.6,0.1,19.7,3,916.1,4.5
Al Hanakiyah - TVTC,24.85577,40.536,1/5/2021 0:00,34,0.5,308,3.7,3.3,0.1,1.7,,2655.1,734.3,776.7,6538,1723.2,2120.7,7658.8,1613.6,811.4,20.8,0.1,12.3,3,913.3,4.5
Al Hanakiyah - TVTC,24.85577,40.536,1/7/2021 0:00,38.1,0.5,302,4,3.8,0.1,1.6,,2575,664.7,613.8,6684.3,1801.4,1838,7663.1,1590.8,797.7,16.5,0.1,12.3,3,908.7,4.6
Al Hanakiyah - TVTC,24.85577,40.536,1/8/2021 0:00,37.2,0.5,320,4,3.3,0.1,1.5,,2170.8,184.8,664.7,7263.2,546.2,1671.6,7545.6,468.6,494.1,20,0.1,12.2,3,910.8,4.6
Al Hanakiyah - TVTC,24.85577,40.536,1/9/2021 0:00,35.4,0.5,79,4,3,0.1,1.6,,2459,635.7,587,5760,1514,1421.5,6608.6,1368.9,513,18.7,0.1,13.1,3,912.6,4.6
Al Hanakiyah - TVTC,24.85577,40.536,1/10/2021 0:00,31,0.5,136,4,2.5,0.1,1.5,,1741.4,156.6,411.8,6635.7,455.7,981.3,5924.8,380.6,400.2,13.1,0.1,14.8,3,916.6,4.6
Al Hanakiyah - TVTC,24.85577,40.536,1/11/2021 0:00,23.9,0.5,75,3.7,3,0.1,1.8,,1283.7,136.3,386.7,6657.4,500.3,1722.5,4899.6,321.1,623.7,17.1,0.1,26.8,3,918.3,4.6
Al Hanakiyah - TVTC,24.85577,40.536,1/12/2021 0:00,19.1,0.5,84,4,3,0.1,1.7,,1536.5,138.7,593.1,4967,477.2,2668.3,4052.8,277.8,909.6,12.5,0.1,36.8,3,919.2,4.6
Jazan - University,16.96035,42.545865,1/1/2017 0:00,26.4,0.5,331,3.7,2.8,0.1,1.7,,1898.2,503.2,463.7,4808.7,940,1208.1,4845.9,946.5,228.5,9.9,0.1,75.7,3,1013.9,5
Jazan - University,16.96035,42.545865,1/2/2017 0:00,26.6,0.6,344,4.8,3.1,0.1,1.7,,2707,776.1,370.5,2575.1,1077.8,1401.3,4480.2,1279.2,919.9,13.3,0.1,73.7,3.7,1013.3,6.2
Jazan - University,16.96035,42.545865,1/5/2017 0:00,,,,,,,,,,,,,,,,,,,,,,,
Jazan - University,16.96035,42.545865,1/9/2017 0:00,32.8,0.5,36,4,3,0.1,1.8,,2719.6,191.2,261.6,4304,322.2,624.8,6127.2,412.2,296.2,16.8,0.1,70.6,3,1005.7,5
Jazan - University,16.96035,42.545865,1/10/2017 0:00,31.4,0.5,40,4,3,0.1,1.9,,2056.1,144.2,281,5247.3,350.7,691.2,5777.2,357.2,314.7,12,0.1,71.2,3,1009,5.1
Jazan - University,16.96035,42.545865,1/11/2017 0:00,29.3,0.5,330,4,2.9,0.1,1.6,,1890.4,152,274.7,4789.9,395.3,1013.4,4930.5,386.6,421.2,10.1,0.1,68.3,3,1011.7,5.1
Jazan - University,16.96035,42.545865,1/3/2018 0:00,28.2,0.5,359,4,3,0.1,1.9,,2313.2,163.3,306.3,5432.7,389.8,839.5,6358.3,427.6,332.1,11.5,0.1,69.3,3,1010.3,5.1
Jazan - University,16.96035,42.545865,1/4/2018 0:00,30.8,0.5,29,4,3.2,0.1,1.8,,2756.7,256.5,656.3,4729.8,387.9,1536.6,6438.9,419.6,494.1,14.1,0.1,67.3,3,1007.8,5
Jazan - University,16.96035,42.545865,1/5/2018 0:00,32.2,0.5,25,4,3.1,0.1,1.9,,3065.2,233.3,598.7,4422.6,351.8,1161.5,6626.3,409,294.4,11.5,0.1,65.3,3,1005.9,5
Jazan - University,16.96035,42.545865,1/6/2018 0:00,33.4,0.5,38,4,3.4,0.1,2,,3795.9,272.6,577.2,2355.7,300,1363.5,5771.5,428.3,751.9,16.5,0.1,64.7,3,1003.3,5
Jazan - University,16.96035,42.545865,1/7/2018 0:00,33.6,0.5,54,3.7,3.1,0.1,2.7,,3912.7,246.7,285.8,1901.7,176.9,677.6,5564.3,354.4,541.1,16.5,0.1,62.7,3,1003.3,5
Jazan - University,16.96035,42.545865,1/8/2018 0:00,33.1,0.5,58,4,0.9,0.1,1.9,,3454.5,227.2,324.6,2489.2,201.7,745.4,5592.4,359.5,535.9,14.7,0.1,66.9,3,1003.9,5
Jazan - University,16.96035,42.545865,1/9/2018 0:00,33.1,0.5,356,4,0.2,0,0.9,,2776.4,193.3,341.3,4092,295,855.4,6013.7,373.6,309.8,8.8,0,68.8,3,1006,5
Jazan - University,16.96035,42.545865,1/10/2018 0:00,31,0.5,0,0,0,0,0,,2103.8,153.1,410.8,4681.1,380.4,1523.5,5312.8,350.7,956.9,0,0,69.3,3,1009.9,5
Jazan - University,16.96035,42.545865,1/1/2019 0:00,26.5,0.5,0,0,0,0,0,,2345.3,175.2,369,3542.5,290.4,1123.7,4555,296.7,410.2,0,0,75.3,3,1014.3,5.1
Jazan - University,16.96035,42.545865,1/2/2019 0:00,27.1,0.5,0,0,0,0,0,,2780.7,195.1,329.4,3202.9,263.2,1103.9,5009.4,330.5,500.1,0,0,72.5,3,1012.8,5.1
Jazan - University,16.96035,42.545865,1/3/2019 0:00,28,0.5,0,0,0,0,0,,2850.6,209.6,460.5,3932.9,321.2,1374,5803.7,381.8,766.7,0,0,69.4,3,1011.3,5.1
Jazan - University,16.96035,42.545865,1/4/2019 0:00,30.3,0.5,0,0,0,0,0,,2973.3,692.2,648.3,4159.3,791.5,1500.6,6218.7,1153.3,505.6,0,0,69.9,3,1008.8,5.1
Jazan - University,16.96035,42.545865,1/5/2019 0:00,32.9,0.5,0,0,0,0,0,,2598,607.4,464.2,4736.9,1157,975.6,6336.4,1290,393.3,0,0,58.4,3,1007,5
Jazan - University,16.96035,42.545865,1/6/2019 0:00,33.8,0.5,0,0,0,0,0,,3270.2,778.2,466.9,3108.3,814.9,692.4,5858.4,1245.3,458.5,0,0,66,3,1003.7,5
Jazan - University,16.96035,42.545865,1/7/2019 0:00,33.8,0.5,0,0,0,0,0,,3737.2,761.7,456,2264.7,258.2,1080,5692.1,987.7,595.7,0,0,62.9,3,1002.2,5
Jazan - University,16.96035,42.545865,1/8/2019 0:00,32.4,0.5,276,0,0,0,0.3,,3286.6,225.2,469.4,2389.9,231.4,1299.2,5297,398.2,1172.8,10.7,0,67.5,3,1004.8,5
Jazan - University,16.96035,42.545865,1/9/2019 0:00,32.5,0.5,0,0,0,0,0,,2756.8,210.5,464.3,3856.2,328.9,1142.7,5832.6,384.5,568.2,0,0,68.1,3,1004.9,5
Jazan - University,16.96035,42.545865,1/10/2019 0:00,30.9,0.5,0,0,0,0,0,,1948.9,154.7,349.3,4979.8,383.2,1375.6,5463.7,373.7,667.7,0,0,65.4,3,1009.4,5
Jazan - University,16.96035,42.545865,1/11/2019 0:00,29.3,0.5,215,0,0,0,0,,1881.3,156.2,371.9,4659,358.4,1320.7,4841.9,319.1,710.9,11.5,0,63.9,3,1010.6,5.1
Jazan - University,16.96035,42.545865,1/12/2019 0:00,27.8,0.5,350,0,0,0,0,,1920.6,136.1,335,4072.9,332.9,1080.2,4326.8,276.7,387,1.1,0,60.2,3,1012.5,5.1
Jazan - University,16.96035,42.545865,1/1/2020 0:00,26.3,0.5,176,4,0.3,0,1.1,,1938.8,473.3,422.8,4213.2,1255.2,1667.4,4546.7,989.7,768.8,8.8,0,62.6,3,1014.6,5.1
Jazan - University,16.96035,42.545865,1/2/2020 0:00,26.8,0.5,292,4,3.2,0.1,1.8,,2796.9,760.6,551.6,3092.3,1043.1,1403,4908.3,1109.3,611.5,11.5,0.1,63.9,3,1013.8,5.1
Jazan - University,16.96035,42.545865,1/3/2020 0:00,28.1,0.5,23,3.8,3.3,0.1,1.8,,2985.8,711.4,509,3471.4,1129.9,1595.4,5625.9,1246.6,831.7,12.5,0.1,64.9,3,1010.4,5
Jazan - University,16.96035,42.545865,1/4/2020 0:00,30.8,0.5,16,4,3.3,0.1,1.7,,2487.2,673.6,676.5,5109,1499.9,1804.8,6391.6,1370.4,697.6,10.1,0.1,66,3,1008.9,5.1
Jazan - University,16.96035,42.545865,1/9/2020 0:00,32.7,0.5,308,4,2.6,0.1,2,,2576.3,192.9,402,4338.2,340.2,901.5,5985.6,372.8,349.3,17.6,0.1,68.5,3,1004.8,5
Jazan - University,16.96035,42.545865,1/10/2020 0:00,31.4,0.5,291,4,2.7,0.1,1.9,,1720.7,245.4,265.4,5828.1,937.9,578.1,5765,858,261.7,12.5,0.1,66.3,3,1009,5.1
Jazan - University,16.96035,42.545865,1/11/2020 0:00,29.5,0.5,247,4,2.8,0.1,1.7,,1916.2,481.5,325.5,4469.8,1111.1,1099.9,4773.8,1000.3,412.1,9.6,0.1,69,3,1011.9,5.1
Jazan - University,16.96035,42.545865,1/12/2020 0:00,27.6,0.5,241,4,2.6,0.1,1.7,,1809.1,400,250.7,4512.5,1107.9,693.9,4470.6,920.3,212.9,10.4,0.1,68.5,3,1013.1,5.1
Jazan - University,16.96035,42.545865,1/1/2021 0:00,25.9,0.5,232,4,2.5,0.1,1.8,,2039.8,579.2,517,4135.8,1075,1328,4567.8,975.9,445.5,15.5,0.1,67.5,3,1013.5,5.1
Jazan - University,16.96035,42.545865,1/2/2021 0:00,26.2,0.5,235,4,2.8,0.1,1.8,,2167.7,541.4,464.8,3835.3,1067.9,1660.1,4771.7,1102.4,1014.3,12,0.1,66.7,3,1012.9,5.1
Jazan - University,16.96035,42.545865,1/3/2021 0:00,28.4,0.5,224,4,2.7,0.1,2,,2459.1,627,455.7,4951.1,1156.1,966.1,6135.9,1272,412.2,10.9,0.1,66.9,3,1010.2,5.1
Jazan - University,16.96035,42.545865,1/4/2021 0:00,30.2,0.5,230,4,2.8,0.1,2.1,,2649,736.3,615.1,4894.8,1274.8,1291,6471.7,1354.4,440.7,14.1,0.1,65.2,3,1008.9,5
Jazan - University,16.96035,42.545865,1/5/2021 0:00,32.3,0.5,264,3.7,2.6,0.1,2,,2731.9,758,586.7,4649.9,1210.6,1742.1,6409.8,1338.5,808.5,11.2,0.1,66.1,3,1006.3,5
Jazan - University,16.96035,42.545865,1/7/2021 0:00,33,0.5,245,4,3.2,0.1,2.6,,3252.6,749.3,614.7,2258.3,689.6,1158.5,5168.4,1179.1,1250.8,21.9,0.1,65.4,3,1002.7,5
Jazan - University,16.96035,42.545865,1/8/2021 0:00,33.2,0.5,237,4,2.6,0.1,2.1,,3038.2,209.8,451.6,2985.1,265.6,1272.2,5508.7,366.6,1052.2,14.4,0.1,70,3,1003.7,5
Jazan - University,16.96035,42.545865,1/9/2021 0:00,32.9,0.5,235,4,2,0.1,2.4,,2713.4,646.8,381.4,3697.1,978.8,1055.4,5653.7,1203.7,771.3,16,0.1,69.5,3,1004.7,5
Jazan - University,16.96035,42.545865,1/10/2021 0:00,31.5,0.5,223,4,0.3,0,1.2,,2142.3,172.8,515.4,4702.2,384,1197.6,5472.3,380.1,438.9,9.9,0,70.3,3,1008.9,5.1
Jazan - University,16.96035,42.545865,1/11/2021 0:00,29.7,0.5,0,0,0,0,0,,1707.7,138.2,284,5022.5,359,996.7,4887.3,312.2,404,0,0,68.8,3,1011.3,5.1
Jazan - University,16.96035,42.545865,1/12/2021 0:00,27.5,0.5,39,0,0,0,0,,1608.2,113,278.4,4876.1,359.5,1060.8,4518,282,371,0.5,0,70.3,3,1013.5,5.1
Al Khafji - SWCC,28.50676,48.455128,1/1/2017 0:00,13.3,0.5,335,3.7,3.6,0.1,1.7,,,,,4016.4,670.5,2191,,,,18.1,0.1,53.7,3,1018.7,5
Al Khafji - SWCC,28.50676,48.455128,2/1/2017 0:00,12.5,0.5,328,4,3.5,0.1,1.8,,1788.9,600.5,682.1,3785.9,1436.5,2283.8,3949.1,1203.7,980.1,19.5,0.1,47.2,3,1019.5,5.1
Al Khafji - SWCC,28.50676,48.455128,3/1/2017 0:00,19.1,0.5,90,4,3.5,0.1,2.1,,,,,3021,1505.1,2109.8,,,,17.3,0.1,55.9,3,1013.3,5
Al Khafji - SWCC,28.50676,48.455128,6/1/2017 0:00,,,,,,,,,,,,,,,,,,,,,,,
Al Khafji - SWCC,28.50676,48.455128,11/1/2017 0:00,21.5,0.5,321,4,3.3,0.1,1.4,,1571.4,417.2,423.5,4407.1,1344,1922.4,3938.1,887.6,808.9,12.3,0.1,48.1,3,1016.4,5.1
Al Khafji - SWCC,28.50676,48.455128,3/1/2018 0:00,21.5,0.5,70,4,3.4,0.1,1.8,,2206.8,93.8,582.5,5403.5,224.7,2195.6,5826,219.3,1146.6,16.8,0.1,44.9,3,1013,5.1
Al Khafji - SWCC,28.50676,48.455128,4/1/2018 0:00,24.3,0.5,81,4,3.7,0.1,2,,3234.6,117.9,781.2,3462.7,224.6,2545.1,5838.9,218.8,1350.3,16.8,0.1,51.3,3,1009.9,5.1
Al Khafji - SWCC,28.50676,48.455128,5/1/2018 0:00,29.9,0.5,63,4,3,0.1,1.6,,3162.2,123.9,883.3,4749.9,246.7,2666.9,6759.9,236.3,1378.5,26.9,0.1,38.4,3,1006.9,5.1
Al Khafji - SWCC,28.50676,48.455128,6/1/2018 0:00,34.8,0.5,343,4,3.8,0.1,1.7,,3187.7,166.6,448,5639.7,289.8,1077,7569,391.4,385.6,16.8,0.1,29.1,3,1000,5
Al Khafji - SWCC,28.50676,48.455128,7/1/2018 0:00,36.4,0.5,334,3.7,4,0.1,1.8,,2899.6,195.9,664.9,5875.5,467,1676.3,7416.9,520.8,645.8,15.7,0.1,21.6,3,996.6,5
Al Khafji - SWCC,28.50676,48.455128,3/1/2020 0:00,19.3,0.5,95,4,3.6,0.1,2,,2138.4,578.7,725.9,5343.2,1574.9,2722,5678.3,1220.2,1301.1,19.2,0.1,56.6,3,1012.8,5.1
Al Khafji - SWCC,28.50676,48.455128,4/1/2020 0:00,24.3,0.5,78,3.7,3.5,0.1,1.7,,3297.2,767,1443.9,3990.5,1616.5,2872.8,6194.9,1413.1,1266.1,29.8,0.1,51.8,3,1009.8,5
Al Khafji - SWCC,28.50676,48.455128,9/1/2020 0:00,33,0.5,111,4,2.7,0,1.2,,1898.9,416.3,249.6,6518.8,1355.8,568.5,6394.5,1289,297.2,9.6,0.1,40.8,3,1004.1,5
Al Khafji - SWCC,28.50676,48.455128,10/1/2020 0:00,26.6,0.5,336,3.7,2.5,0,1.2,,1368.7,341.8,285.9,6781.2,1388.6,825,5466.9,1092.3,346.4,9.3,0.1,42.6,3,1011.6,5
Al Khafji - SWCC,28.50676,48.455128,11/1/2020 0:00,22.4,0.5,125,4,3.6,0.1,1.6,,1507.8,287.5,394.8,4169.5,917.5,2307.5,3736.1,563.8,930.3,14.4,0.1,56.9,3,1015.9,5.1
Al Khafji - SWCC,28.50676,48.455128,12/1/2020 0:00,15.5,0.5,298,4,3.1,0.1,1.5,,1282.8,321.6,358.5,3681.1,1257.6,2465.9,3067.4,756,1027.9,13.3,0.1,64.4,3,1019.5,5.1
Al Khafji - SWCC,28.50676,48.455128,1/1/2021 0:00,13.9,0.5,320,4,2.9,0.1,1.6,,1545.4,389,446.3,4379.7,1272.1,1859.9,3791.6,824.8,594.3,13.3,0.1,53.9,3,1019.7,5.1
Al Khafji - SWCC,28.50676,48.455128,2/1/2021 0:00,16,0.5,309,0,0,0,0.3,,1477.9,392.6,436.7,5060.7,1540.8,2759.4,4392.6,1092.3,1448.2,4.5,0,57.1,3,1017.6,5.1
Al Khafji - SWCC,28.50676,48.455128,3/1/2021 0:00,20.1,0.5,0,0,0,0,0,,2573.5,677.6,769.9,4760.7,1504.9,2248.3,5763.4,1256.4,897.1,0,0,42.5,2.8,1013.2,5
Al Khafji - SWCC,28.50676,48.455128,4/1/2021 0:00,25.6,0.5,0,0,0,0,0,,2797.2,715.2,750.2,4953.7,1642.5,2627.5,6385.6,1448.2,1394,0,0,34.3,3,1010.5,5
Al Khafji - SWCC,28.50676,48.455128,5/1/2021 0:00,32.1,0.5,0,0,0,0,0,,2642,696.3,680,6220.9,1619.2,2026.4,7342.1,1518.9,877.3,0,0,26.7,3,1004.7,5
Al Khafji - SWCC,28.50676,48.455128,7/1/2021 0:00,36.7,0.5,0,0,0,0,0,,2200.3,468.2,422.8,7293,1635.5,1193.8,7678.7,1531.1,446.8,0,0,30,3,996.9,5
Al Khafji - SWCC,28.50676,48.455128,8/1/2021 0:00,35.8,0.5,0,0,0,0,0,,2172.8,109.3,469.6,6851.9,250.9,1202.5,7239.3,306.5,373.6,0,0,33.5,2.8,999.9,5
Al Khafji - SWCC,28.50676,48.455128,9/1/2021 0:00,32.2,0.5,0,0,0,0,0,,1749.5,483.3,377,6997.5,1492.8,879.7,6523,1295.5,311.1,0,0,31.5,3,1003.5,5
Al Khafji - SWCC,28.50676,48.455128,10/1/2021 0:00,27.6,0.5,0,0,0,0,0,,1732.2,132,579.9,5432.1,227.1,1755.1,5078.8,248.3,857.3,0,0,38.1,3,1011,5.1
Farasan - SWCC,16.692097,42.098767,1/1/2017 0:00,26.9,0.5,155,4,3.1,0.1,1.7,,1908,494.7,483.8,4814.5,1109.4,1360.8,4822.5,955,256,11.5,0.1,77.1,3,1012.4,5.1
Farasan - SWCC,16.692097,42.098767,2/1/2017 0:00,27,0.5,178,4,3.8,0.1,2,,2883.1,657,351.2,2564.2,815.3,1202.8,4637,1058.9,871.2,13.3,0.1,75.2,3,1011.6,5.1
Farasan - SWCC,16.692097,42.098767,3/1/2017 0:00,,,,,,,,,,,,,,,,,,,,,,,
Farasan - SWCC,16.692097,42.098767,4/1/2017 0:00,30.4,0.5,180,4,3.5,0.1,1.7,,2685.1,682,517.7,4453.1,1141.9,1358.7,6131.4,1259.4,586.5,17.9,0.1,71.8,3,1007.2,5
Farasan - SWCC,16.692097,42.098767,5/1/2017 0:00,32.6,0.5,233,3.7,3.2,0.1,1.6,,2936.2,692.4,608.6,4173.1,1097.5,1307,6306.4,1298.8,584.7,16.8,0.1,71,3,1005.7,5
Farasan - SWCC,16.692097,42.098767,6/1/2017 0:00,33.6,0.5,257,4,3.5,0.1,1.8,,3288.5,246.2,551.5,3596.8,313.1,1316.3,6265.1,394.7,546.2,13.6,0.1,69.4,3,1001.8,5
Farasan - SWCC,16.692097,42.098767,9/1/2017 0:00,,,,,,,,,,,,,,,,,,,,,,,
Farasan - SWCC,16.692097,42.098767,3/1/2018 0:00,28.1,0.5,168,4,3.4,0.1,1.9,,2369.4,179.3,376.4,5679.6,419.4,896.9,6545.1,415.5,307.1,12.3,0.1,73.7,3,1008.6,5.1
Farasan - SWCC,16.692097,42.098767,4/1/2018 0:00,30.6,0.5,204,4,3.5,0.1,1.7,,2690.8,234.4,644.5,5046.4,408.6,1438.9,6577,423.6,464.3,13.3,0.1,72.6,3,1006.2,5
Farasan - SWCC,16.692097,42.098767,5/1/2018 0:00,32.3,0.5,218,4,3.6,0.1,1.8,,3095,245,643.9,4629.2,369.1,1220.6,6800.7,424.3,246.9,13.3,0.1,70.4,3,1004.2,5
Farasan - SWCC,16.692097,42.098767,6/1/2018 0:00,33.8,0.5,265,4,1.1,0.1,2.2,,3848,277.2,583.2,2741.4,290,1487,6138.8,424.9,683,19.2,0.1,65.6,3,1001.7,5
Farasan - SWCC,16.692097,42.098767,7/1/2018 0:00,34.4,0.5,282,0,0,0,0,,3812.7,311,320.8,2586.4,292.1,826.2,6003.1,484.5,500.8,0.5,0,60.8,3,1001.8,5
Farasan - SWCC,16.692097,42.098767,8/1/2018 0:00,34.1,0.5,0,0,0,0,0,,3396.6,230.6,397.3,3092.8,285.8,991.7,5969.5,399.4,506.5,0,0,64.3,3,1002.3,5
Farasan - SWCC,16.692097,42.098767,9/1/2018 0:00,33.5,0.5,0,0,0,0,0,,2910.5,213.8,387.2,3904.2,294.8,852.9,5995.6,366.1,348.1,0,0,71.6,3,1004.4,5
Farasan - SWCC,16.692097,42.098767,1/1/2019 0:00,26.6,0.5,0,0,0,0,0,,2404.7,461.8,298.7,3782.8,877.4,761.5,4754,929.4,279.1,0,0,78.6,3,1012.6,5.1
Farasan - SWCC,16.692097,42.098767,2/1/2019 0:00,27,0.5,328,0,0,0,0,,2633.7,182,327.5,3600.6,328.2,1402.4,5113.6,345.3,727.9,0.5,0,77,3,1011.2,5
Farasan - SWCC,16.692097,42.098767,3/1/2019 0:00,27.7,0.5,268,0,0,0,0,,2817.3,216.5,555.6,4176.4,377,1568.5,5900.8,422.6,858.5,5.3,0,73.1,3,1009.7,5.1
Farasan - SWCC,16.692097,42.098767,6/1/2019 0:00,34,0.6,0,0,0,0,0,,,,,,,,,,,0,0,67.6,3.4,1002.1,5.7
Farasan - SWCC,16.692097,42.098767,7/1/2019 0:00,34.5,0.6,0,0,0,0,0,,,,,,,,,,,0,0,62.2,3.3,1000.8,5.6
Farasan - SWCC,16.692097,42.098767,8/1/2019 0:00,33.2,0.6,0,0,0,0,0,,3152.4,275.6,435.1,2806.4,459.8,1337.2,5428.8,514.1,1087,0,0,71.9,3.6,1003.2,6
Farasan - SWCC,16.692097,42.098767,10/1/2019 0:00,31.6,0.5,188,0,0,0,0,,2084,165.8,395.8,4717.2,385,1477.6,5322,371.6,918.5,0.5,0,71,3,1007.7,5
Farasan - SWCC,16.692097,42.098767,11/1/2019 0:00,29.9,0.5,0,0,0,0,0,,1984.7,179.6,427.3,4517,356.2,1113.7,4776.9,339.3,844.2,0,0,74.1,3,1008.9,5
Farasan - SWCC,16.692097,42.098767,12/1/2019 0:00,27.9,0.5,0,0,0,0,0,,2029.3,164.7,398.2,4060.3,311.4,1122.4,4425.7,288.1,468.4,0,0,78.6,3,1011,5
Farasan - SWCC,16.692097,42.098767,1/1/2020 0:00,26.7,0.5,149,4,0.6,0,1.4,,2129,528.8,459.7,3638.2,1087,1630.5,4308.7,954.8,834.5,10.1,0.1,72.3,3,1013,5.1
Farasan - SWCC,16.692097,42.098767,2/1/2020 0:00,26.8,0.5,187,4,3.6,0.1,1.8,,2773.8,745.6,587.1,2876.3,1054.1,1542.4,4715.1,1105.8,826.9,11.5,0.1,77.2,3,1012.1,5.1
Farasan - SWCC,16.692097,42.098767,3/1/2020 0:00,28,0.5,201,4,3.6,0.1,1.8,,4136.7,1284.3,1617.4,2097.6,1070.9,2166.6,5697.6,1286.9,912.9,13.9,0.1,76.8,3,1008.7,5.1
Farasan - SWCC,16.692097,42.098767,4/1/2020 0:00,30.3,0.5,174,4,3.4,0.1,1.5,,6394.6,1344.8,729,0.9,0.3,2,6395.2,1344.2,728.8,12.5,0.1,74.9,3,1007.3,5
Farasan - SWCC,16.692097,42.098767,5/1/2020 0:00,33.1,0.5,231,4,3.5,0.1,1.7,,6369.4,1323,448,0.3,0.2,0.4,6369.6,1323,448,12.3,0.1,69.1,3,1005.5,5
Farasan - SWCC,16.692097,42.098767,9/1/2020 0:00,33.2,0.5,218,3.7,3,0.1,1.8,,2483.6,624.6,448.6,4366.3,1167.5,956.4,5849.7,1275.7,307,12,0.1,73.9,3,1003.1,5
Farasan - SWCC,16.692097,42.098767,10/1/2020 0:00,31.8,0.5,196,4,3,0.1,1.7,,1654.5,391.9,176.1,5751.2,1257.7,385.5,5608,1212.6,221.8,12.5,0.1,69.5,3,1007.3,5
Farasan - SWCC,16.692097,42.098767,11/1/2020 0:00,29.4,0.5,136,4,3.4,0.1,1.7,,1890.4,459.1,250,4170,1153.9,1116.8,4516,1075,632.2,13.6,0.1,74.2,3,1010.2,5.1
Farasan - SWCC,16.692097,42.098767,12/1/2020 0:00,27.8,0.5,139,4,3.5,0.1,1.8,,1916.8,489.1,345,4141.7,1094.1,846.6,4354,956.1,218.1,11.7,0.1,77.8,3,1011.4,5.1
Farasan - SWCC,16.692097,42.098767,1/1/2021 0:00,26.3,0.5,127,4,3.6,0.1,1.7,,2203.7,605.4,453.4,3635.5,1120.4,1229.6,4412.1,1010.9,408.5,13.6,0.1,78,3,1011.7,5.1
Farasan - SWCC,16.692097,42.098767,2/1/2021 0:00,26.3,0.5,161,4.1,3.7,0.1,1.8,,2326.4,670.5,423.1,3596.9,1109.5,1400.8,4754.9,1204.9,760.2,12,0.1,77,3.1,1011,5.3
Farasan - SWCC,16.692097,42.098767,3/1/2021 0:00,28.1,0.5,142,4,3.5,0.1,1.7,,2220.3,566.2,313.5,5150.2,1219.3,790.4,6018.8,1317.8,365.7,11.2,0.1,75.4,3,1008.6,5.1
Farasan - SWCC,16.692097,42.098767,4/1/2021 0:00,29.8,0.5,161,3.7,3.5,0.1,1.6,,2461.4,699.3,550,4867,1272.8,1127.2,6227.9,1358.7,340.7,12.5,0.1,72.9,3,1007.3,5
Farasan - SWCC,16.692097,42.098767,5/1/2021 0:00,32.4,0.5,218,4,3.2,0.1,1.7,,2516.2,772.6,535.4,4683.6,1303.5,1650.6,6185.8,1401.6,768.7,11.2,0.1,70.1,3.1,1004.5,5.1
Farasan - SWCC,16.692097,42.098767,7/1/2021 0:00,33.9,0.5,257,4,4.5,0.1,2.6,,3023.3,731.6,501.6,2656.4,878.8,1204.9,5243.7,1251.4,1074.1,17.1,0.1,65.7,3,1001,5
Farasan - SWCC,16.692097,42.098767,8/1/2021 0:00,34,0.5,247,4,3.7,0.1,2.1,,2857.8,278,492.9,2952.7,429,1277.9,5280.7,534.4,950.9,15.7,0.1,69.8,3,1002,5
Farasan - SWCC,16.692097,42.098767,9/1/2021 0:00,33.4,0.5,237,4,3.5,0.1,2,,2661.9,662.9,386.8,3514.2,983.4,1020.5,5434.2,1212.8,632.7,20.5,0.1,72.5,3,1003.1,5
Farasan - SWCC,16.692097,42.098767,10/1/2021 0:00,,,,,,,,,,,,,,,,,,,,,,,
Farasan - SWCC,16.692097,42.098767,11/1/2021 0:00,30,0.5,165,4,2.8,0.1,1.7,,1771,245.8,360.9,4685.4,488.7,707.7,4738.7,496.6,202.3,10.7,0.1,71.6,3,1009.6,5.1
Farasan - SWCC,16.692097,42.098767,12/1/2021 0:00,27.7,0.5,129,4,3.3,0.1,1.7,,1834.2,188,287.3,4076.7,468.7,877.8,4203,399.8,333.3,11.2,0.1,76,3,1011.8,5.1
Al Uwayqilah,30.327166,42.253735,4/1/2021 0:00,24.9,0.5,311,4,3.9,0.1,2.3,,2497.5,226,1053.4,6127,546.7,2366.7,6817.4,430.3,526.5,24.8,0.1,19.4,3,963.8,4.8
Al Uwayqilah,30.327166,42.253735,10/1/2021 0:00,26.6,0.5,70,4,3.2,0.1,1.7,,1705,443.6,460.8,5423.6,1310.7,1277.8,4938.5,1012.5,382.6,12.5,0.1,22.2,3,963.8,4.8
Al Uwayqilah,30.327166,42.253735,11/1/2021 0:00,17.9,0.5,334,4,3.1,0.1,1.6,,1358.3,442.8,550.8,4998.1,1483.9,2109.7,3868.8,880.4,545.5,13.3,0.1,37.7,3,967.4,4.9
Al Uwayqilah,30.327166,42.253735,12/1/2021 0:00,12.7,0.5,249,4,2.9,0.1,1.8,,1420,407.6,504.1,3801.5,1324,2196.2,3175.3,716.2,568.7,13.1,0.1,47.4,3,968.6,4.9
Mahd ad Dahab,23.419423,40.743138,1/4/2021 0:00,26.5,0.5,151,3.7,3.3,0.1,2,,2715.3,253.2,866.8,5076.9,475.1,2105.5,6614.9,442.5,913.7,22.4,0.1,25.5,3,904,4.5
Mahd ad Dahab,23.419423,40.743138,1/7/2021 0:00,34.7,0.5,276,4,4.2,0.1,2.2,,3481,1339.9,1649.6,4221.5,1311.8,2602.2,6812.8,1440.8,818.5,18.7,0.1,20.9,3,897.5,4.5
Mahd ad Dahab,23.419423,40.743138,1/8/2021 0:00,34.7,0.5,286,4,3.3,0.1,1.9,,2185.4,549.2,514.4,5636.9,1628.7,1395.3,6508,1456.7,502.4,24.2,0.1,19.4,3,899.4,4.5
Mahd ad Dahab,23.419423,40.743138,1/9/2021 0:00,32.8,0.5,188,4,2.9,0.1,1.7,,2329.5,675.2,518.6,4973,1469,1381.7,6019.7,1288.8,478.5,12.5,0.1,19.1,3,900.9,4.5
Mahd ad Dahab,23.419423,40.743138,1/10/2021 0:00,28.6,0.5,129,4,2.4,0.1,1.5,,1604.5,404.8,362.1,6522.6,1477.1,902.1,5795.7,1157.9,289.3,13.9,0.1,20.4,3,904.8,4.5
Mahd ad Dahab,23.419423,40.743138,1/11/2021 0:00,22.7,0.5,120,4,2.5,0.1,1.6,,1246.2,380,273.1,6306.3,1511,1466,4780.9,1050.8,686.2,12.8,0.1,29,3,905.9,4.5
Mahd ad Dahab,23.419423,40.743138,1/12/2021 0:00,18.5,0.5,153,4,2.6,0.1,1.6,,1470.4,458.1,589.6,5001.9,1548.1,2569.1,4056.8,923.5,774.6,12.8,0.1,40.9,3,906.8,4.5
Arar - TVTC,31.027395,40.906419,1/1/2017 0:00,8.1,0.5,349,4,2.8,0.1,2.4,,1302.8,356.8,498.1,4734.2,1373.1,2294.8,3512.9,825.9,707.3,17.9,0.1,50.1,3,952.2,4.8
Arar - TVTC,31.027395,40.906419,1/2/2017 0:00,9,0.5,11,4,3.4,0.1,2.4,,1425.7,420.9,509.8,5677.6,1733.4,1666.4,4507.6,1079.2,426.5,17.1,0.1,27.3,3,952.7,4.8
Arar - TVTC,31.027395,40.906419,1/3/2017 0:00,16.2,0.5,45,4,4.1,0.1,2.6,,2247,657.8,956.2,5276.1,1633.1,2776.6,5568.1,1210.8,1091.4,22.9,0.1,41.1,3,946.8,4.8
Arar - TVTC,31.027395,40.906419,1/4/2017 0:00,21.7,0.5,29,4,4,0.1,2.2,,2775.9,787.5,969.9,4632.1,1725.8,2930.5,6069.7,1403.2,1337,21.3,0.1,26,3,947.9,4.8
Arar - TVTC,31.027395,40.906419,1/5/2017 0:00,28.4,0.5,304,4,4.1,0.1,2.1,,2414.8,791.8,793.5,6512.4,1706.9,2049.9,7301,1493.9,494.9,24.2,0.1,15.7,3,944.8,4.7
Arar - TVTC,31.027395,40.906419,1/6/2017 0:00,32.7,0.5,311,4,3.6,0.1,1.9,,,,,,,,,,,15.2,0.1,12.2,3,942.2,4.8
Arar - TVTC,31.027395,40.906419,1/11/2017 0:00,16.7,0.5,55,4,3.3,0.1,2,,1737.8,651,693,4327.1,1413.1,2157,3901.3,854.6,544.2,20.5,0.1,40.2,3,950.5,4.8
Arar - TVTC,31.027395,40.906419,1/3/2018 0:00,20.6,0.5,286,4,3.6,0.1,2.3,,2377.8,112.1,929.2,5717.1,222.7,2399.1,6026.1,190.1,606.2,17.6,0.1,23.7,3,947.5,4.8
Arar - TVTC,31.027395,40.906419,1/4/2018 0:00,22,0.5,341,4,3.9,0.1,2.5,,2498.6,133.8,994.2,6174.8,277.7,2998.3,6818.8,221.4,1217.7,24.2,0.1,27.2,3,945,4.7
Arar - TVTC,31.027395,40.906419,1/5/2018 0:00,27.3,0.5,351,4,4.3,0.1,2.6,,2895.7,135.6,1134.4,5711.9,267.7,3282.2,7092.7,220.3,1573.8,24.5,0.1,25.5,3,944,4.7
Arar - TVTC,31.027395,40.906419,1/6/2018 0:00,32,0.5,324,4,4.5,0.1,2.1,,2239,86.5,637.3,8282.5,279,1489.6,8380.7,243.4,360.1,17.1,0.1,15.4,3,941.4,4.7
Arar - TVTC,31.027395,40.906419,1/7/2018 0:00,33.6,0.5,307,3.7,4.4,0.1,2,,1892.3,76.8,548.3,8928.8,277.7,1068.2,8347.3,261.7,180,16.3,0.1,15,3,939,4.7
Arar - TVTC,31.027395,40.906419,1/8/2018 0:00,33.2,0.5,303,4.2,3.9,0.1,1.8,,1359.3,80.1,327.8,9382.7,436.7,945.3,7877.4,389.8,341.3,17.6,0.1,17,3.2,940.1,5
Arar - TVTC,31.027395,40.906419,1/9/2018 0:00,,,,,,,,,,,,,,,,,,,,,,,
Arar - TVTC,31.027395,40.906419,1/11/2018 0:00,14.7,0.5,88,4,2.6,0.1,2,,1513.2,58.9,527.1,3155,180.3,2446.9,3071.3,110.9,1086.1,17.9,0.1,75,3,950.6,4.8
Arar - TVTC,31.027395,40.906419,1/12/2018 0:00,11.7,0.5,261,4,2.7,0.1,2.1,,1226.3,44.9,525.9,4918.7,201.9,2589.2,3390,98.4,631.4,17.1,0.1,66.5,3,951.8,4.8
Arar - TVTC,31.027395,40.906419,1/1/2019 0:00,9.2,0.5,241,4,3.7,0.1,2.9,,1518.7,51.4,468.2,4083.5,194.4,2361.6,3484.3,109.9,927.6,23.7,0.1,55.5,3,950.5,4.8
Arar - TVTC,31.027395,40.906419,1/2/2019 0:00,11.2,0.5,321,4,3.2,0.1,2.5,,1491,64.2,606.9,6024.6,240.1,2310.5,4767.2,138.7,788,18.4,0.1,54.4,3,950.6,4.8
Arar - TVTC,31.027395,40.906419,1/3/2019 0:00,14.4,0.5,301,4,4.3,0.1,2.8,,1759.4,87.9,839.5,6874,252,2720.5,5977.9,180.7,990.7,23.5,0.1,38.3,3,947.3,4.8
Arar - TVTC,31.027395,40.906419,1/4/2019 0:00,19.4,0.5,335,4,3.8,0.1,2.7,,2353.1,612.7,847,6130.7,1334.5,2338.2,6677.9,1185.5,876.7,21,0.1,33.3,3,946.8,4.8
Arar - TVTC,31.027395,40.906419,1/5/2019 0:00,29.5,0.5,24,4,4.1,0.1,2.4,,2436.9,664.6,682,6413.1,1878.3,1896.7,7228.4,1525.2,679.1,21.3,0.1,13.8,3,944.8,4.7
Arar - TVTC,31.027395,40.906419,1/6/2019 0:00,33.8,0.5,324,4,4.4,0.1,2.5,,2142.5,735.3,753,7696.6,1868.1,1814.3,7792.8,1590.2,546.6,23.5,0.1,13,3,941.8,4.7
Arar - TVTC,31.027395,40.906419,1/7/2019 0:00,33.9,0.5,315,4,4,0.1,1.9,,1512.2,107.9,498.3,9517,718.7,1194.6,8295.1,625.2,362.2,16.5,0.1,13,3,939.1,4.7
Arar - TVTC,31.027395,40.906419,1/8/2019 0:00,34.2,0.5,295,4,4.6,0.1,2.1,,1847.9,79.9,536.4,7884,387.4,1379.7,7449.2,351.4,415.8,17.9,0.1,14.7,3,939.9,4.7
Arar - TVTC,31.027395,40.906419,1/9/2019 0:00,31.8,0.5,11,4,3.5,0.1,1.8,,1730.1,56.9,393.2,7316.8,250.9,1164.5,6579.7,197.7,412.2,12.8,0.1,16,3,943.2,4.7
Arar - TVTC,31.027395,40.906419,1/10/2019 0:00,25.9,0.5,35,4.1,3.3,0.1,2.2,,1919.6,79.1,544.2,4585.6,224.1,2040.2,4677.5,183.5,943.1,20.8,0.1,33.3,3.2,947.2,5
Arar - TVTC,31.027395,40.906419,1/11/2019 0:00,16.3,0.5,57,4,3.3,0.1,2.2,,1386.6,53.4,458.3,5025,233.3,2273.9,3861.5,124.5,736.2,13.1,0.1,42.8,3,950.9,4.8
Arar - TVTC,31.027395,40.906419,1/12/2019 0:00,11.3,0.5,298,4,2.7,0.1,2.3,,1018.9,40.3,383,5810.8,220.3,2081.4,3586.5,113.7,526,19.7,0.1,52.7,3,950.5,4.8
Arar - TVTC,31.027395,40.906419,1/12/2020 0:00,11.1,0.5,111,3.7,2.2,0.1,2.1,,1135.5,276.9,361.1,4234.8,1311.9,2436.8,3033.7,715,1034.1,13.1,0.1,60.2,3,952.3,4.7
Arar - TVTC,31.027395,40.906419,1/1/2021 0:00,10.3,0.5,300,3.7,2.6,0.1,2.5,,1205,340.5,486.5,5599.4,1568.7,2450.3,3818,870.9,752.3,17.6,0.1,45,3,952.5,4.7
Arar - TVTC,31.027395,40.906419,1/2/2021 0:00,12.8,0.5,41,3.7,4,0.1,2.6,,1431.8,536,711.6,5623.1,1678.9,3013.7,4494.1,1100,1366.9,17.3,0.1,47.6,3,950.9,4.7
Arar - TVTC,31.027395,40.906419,1/3/2021 0:00,17.6,0.5,288,4,3.9,0.1,3,,2035,663.4,962.9,6328.9,1845.9,2953.5,6031.2,1355.5,1101.1,28.5,0.1,26.8,3,947.7,4.8
Arar - TVTC,31.027395,40.906419,1/4/2021 0:00,23.8,0.5,325,3.7,3.5,0.1,2.5,,2373.1,798.3,1147.2,6738.1,1915.1,2931,7221.9,1489,787,24.8,0.1,16.2,3,947.8,4.7
Arar - TVTC,31.027395,40.906419,1/5/2021 0:00,30.2,0.5,323,4,3.8,0.1,2.4,,2280.7,379.7,887.3,7801.8,1483.1,2455.1,7981.5,1351.8,867.8,22.4,0.1,11.4,3,943.1,4.7
Arar - TVTC,31.027395,40.906419,1/7/2021 0:00,35.7,0.5,320,3.7,4.1,0.1,2.1,,1694.9,412.9,414.9,9161.6,1947.7,1157.9,8315.8,1637.2,329.1,14.1,0.1,12.6,2.9,938.1,4.7
Arar - TVTC,31.027395,40.906419,1/8/2021 0:00,35,0.5,302,3.7,3.4,0.1,2,,,,,,,,,,,16,0.1,11.5,3,940.3,4.7
Arar - TVTC,31.027395,40.906419,1/9/2021 0:00,30.3,0.5,329,3.7,2.6,0.1,2.1,,1476.5,418.6,445.2,7933.3,1770.1,956.8,6632.8,1396.9,298.7,14.9,0.1,17.3,3,943.7,4.7
Arar - TVTC,31.027395,40.906419,1/10/2021 0:00,25.3,0.5,79,4,2.5,0.1,2.6,,1552.1,69.7,427.3,6211.4,293.4,1354.9,5192.8,230.2,492,13.3,0.1,19.4,3,947.9,4.8
Arar - TVTC,31.027395,40.906419,1/11/2021 0:00,17.2,0.5,55,4,1.7,0.1,2.1,,1242.6,58.3,469.1,5412.9,270.1,2394.1,3895.1,155.7,805.9,14.9,0.1,35.3,3,950.9,4.8
Arar - TVTC,31.027395,40.906419,1/12/2021 0:00,11.6,0.5,283,4,2.3,0.1,2.4,,1379,80.1,545.8,4174.4,256.6,2381.3,3266.2,132.1,549.3,17.6,0.1,43.8,3,951.7,4.8
Al Wajh - TVTC,26.256,36.443,1/1/2017 0:00,19.5,0.5,335,4,2.9,0.1,1.4,,1323.6,457.4,459.7,5446,1488.6,2063,4200.7,1006.9,501.8,13.1,0.1,47.2,3,1013.9,5.1
Al Wajh - TVTC,26.256,36.443,1/2/2017 0:00,19.3,0.5,333,4,3,0.1,1.4,,1525.6,488.3,550.7,6045.2,1647.9,1632.9,5057.4,1168.4,418.9,12.5,0.1,35.9,3,1014.3,5.1
Al Wajh - TVTC,26.256,36.443,1/3/2017 0:00,21.7,0.5,312,4,2.9,0.1,1.7,,1725,687.6,747.5,5803.6,1776.5,2028,5541.5,1339.3,787,12.5,0.1,52.4,3,1009.5,5.1
Al Wajh - TVTC,26.256,36.443,1/4/2017 0:00,25.3,0.5,,,,,,,2389.2,697.5,894.3,5170.5,1783.4,2787.4,6136.7,1433.2,1321.8,,,58,3,1007.1,5
Al Wajh - TVTC,26.256,36.443,1/5/2017 0:00,27.5,0.5,,,,,,,2143.7,613.6,805.4,6746.4,1769.2,1828.1,7123.6,1481.3,422.9,,,64,3,1005.3,5
Al Wajh - TVTC,26.256,36.443,1/6/2017 0:00,28.4,0.5,,,,,,,1764.6,456.2,376.7,7613.1,1756.2,876.7,7393.5,1468.4,151.5,,,69.4,3,1001.6,5
Al Wajh - TVTC,26.256,36.443,1/9/2017 0:00,28.8,0.5,,,,,,,2181.9,189.9,432.4,5805.2,414.6,903.7,6284.2,418,283.5,,,74.5,3,1003.6,5
Al Wajh - TVTC,26.256,36.443,1/10/2017 0:00,26.2,0.5,,,,,,,1221.8,99.4,305.7,7260.9,488,939,5634,350.8,400.9,,,66.3,3,1007.3,5
Al Wajh - TVTC,26.256,36.443,1/11/2017 0:00,24.2,0.5,330,3.8,2.6,0.1,1.4,,1275.5,62.7,501.3,6355.6,240.1,1926.3,4630.7,145.3,589.2,13.1,0.1,50.1,3,1011.1,5
Al Wajh - TVTC,26.256,36.443,1/3/2018 0:00,24.1,0.5,313,4,2.7,0.1,1.7,,1793.9,98.9,833.1,7248.1,285.7,2343.9,6522.6,225.1,695.7,13.9,0.1,55.3,3,1009.5,5.1
Al Wajh - TVTC,26.256,36.443,1/4/2018 0:00,25.3,0.5,297,4,2.7,0.1,1.5,,2354.4,101.3,719.3,6860.2,280.1,1764,7375.2,266.5,502,12.5,0.1,56.4,3,1007.2,5
Al Wajh - TVTC,26.256,36.443,1/5/2018 0:00,29.8,0.5,301,4,2.8,0.1,1.8,,2985.8,117.5,911,5446.4,258.5,2505.1,7155.7,226.6,1047.1,15.2,0.1,48.4,3,1005.1,5
Al Wajh - TVTC,26.256,36.443,1/6/2018 0:00,30.1,0.5,308,3.7,3.1,0.1,1.7,,2297,104.4,808.2,7721.7,261,1791.1,8075.8,225.8,378,12.5,0.1,58.8,3,1003.2,5
Al Wajh - TVTC,26.256,36.443,1/7/2018 0:00,30.8,0.5,,,,,,,2021.9,230.7,900.4,7514.8,563.9,1815.8,7584.6,464.8,295.7,,,67.4,3,1001,5
Al Wajh - TVTC,26.256,36.443,1/8/2018 0:00,31.1,0.5,,,,,,,1617.3,138.5,483.6,7831.6,539.6,1240.8,7246.9,449.9,344.4,,,71.3,3,1001.3,5
Al Wajh - TVTC,26.256,36.443,1/9/2018 0:00,30.4,0.5,,,,,,,2581.4,179.9,418,4666,431,1208.5,5974.5,394.2,512.6,,,74,3,1003.1,5
Al Wajh - TVTC,26.256,36.443,1/10/2018 0:00,28.9,0.5,,,,,,,1708.5,143.9,523.1,5840.1,439.4,1579.3,5379.5,351.1,510.9,,,60.1,3,1007.6,5
Al Wajh - TVTC,26.256,36.443,1/11/2018 0:00,25.1,0.5,,,,,,,1346.7,141.5,511.4,5326.9,465.4,2337.4,4152.1,288.4,801.3,,,55.3,3,1009.8,5
Al Wajh - TVTC,26.256,36.443,1/12/2018 0:00,21.7,0.5,,,,,,,1276.8,116.6,497.6,5468.4,473.6,2166.4,3922.9,264.6,568.9,,,52,3,1012.9,5
Al Wajh - TVTC,26.256,36.443,1/1/2019 0:00,19.5,0.5,338,4,2.6,0.1,1.2,,1595.7,73.3,471.4,4439.3,211.6,2423.4,3929.6,154.6,1065.6,13.9,0.1,49.8,3,1014,5.1
Al Wajh - TVTC,26.256,36.443,1/2/2019 0:00,20.5,0.5,318,3.7,2.9,0.1,1.6,,1733.3,86.3,724.9,5780.7,254.5,2736.5,5101.3,182.3,928.8,14.7,0.1,43.8,3,1013.3,5
Al Wajh - TVTC,26.256,36.443,1/3/2019 0:00,20.9,0.5,308,4,3.1,0.1,1.8,,1869.6,105.8,1015.8,6942.3,280,2828.2,6392,213.6,876.1,14.4,0.1,44.3,3,1011.8,5.1
Al Wajh - TVTC,26.256,36.443,1/4/2019 0:00,24.2,0.5,,,,,,,2309.4,626.8,964.7,6690.2,1370.4,2469.9,7095.4,1325.3,777.7,,,54.5,3,1007.7,5
Al Wajh - TVTC,26.256,36.443,1/5/2019 0:00,28.3,0.5,,,,,,,2086.7,541,731.5,7429.8,1972.5,1683.4,7598.2,1544.8,313.6,,,62,3,1004.6,5
Al Wajh - TVTC,26.256,36.443,1/6/2019 0:00,31,0.5,,,,,,,2096.2,611.6,748.5,7440.1,1864.1,1916.5,7618.4,1569.3,576.9,,,61.4,3,1002.4,5
Al Wajh - TVTC,26.256,36.443,1/7/2019 0:00,30.5,0.5,291,4,2.6,0.1,1.7,,1699.1,78.9,542.5,8707.4,277.9,1182.1,8071.9,259.1,246.2,12.3,0.1,65.1,3,1002,5
Al Wajh - TVTC,26.256,36.443,1/8/2019 0:00,31.1,0.5,288,4,2.6,0.1,1.7,,1678.4,65,438.3,8204.4,266,1248.4,7581.2,227.9,406.3,12.5,0.1,65.5,3,1003.5,5
Al Wajh - TVTC,26.256,36.443,1/9/2019 0:00,29.5,0.5,,,,,,,1869.6,167.6,484.8,6561,522.6,1256,6427.1,424.1,364.9,,,75.6,3,1002.8,5
Al Wajh - TVTC,26.256,36.443,1/10/2019 0:00,29.9,0.5,,,,,,,1827.1,174.3,690.7,5548,512.5,1941.3,5213.4,344.7,510.2,,,63.2,3.2,1006.7,5.4
Al Wajh - TVTC,26.256,36.443,1/11/2019 0:00,25.9,0.5,337,4,2.4,0,1.1,,1294,59.5,515.3,6403.2,262.4,1890.2,4649.9,164.5,508.4,10.4,0.1,47.3,3,1010.2,5.1
Al Wajh - TVTC,26.256,36.443,1/12/2019 0:00,21.5,0.5,,,,,,,949.2,97.6,373,6927.3,487.2,1436.1,4278.2,262.9,299.3,,,47.8,3,1012.4,5
Al Wajh - TVTC,26.256,36.443,1/1/2020 0:00,18.3,0.5,,,,,,,1137.7,339.6,438.5,6504.4,1675.2,2041.6,4438.8,1005.3,639.4,,,49.6,3,1015.2,5.1
Al Wajh - TVTC,26.256,36.443,1/2/2020 0:00,19.2,0.5,319,4,2.8,0.1,1.6,,1261.4,495.5,689.1,7373.9,1803.8,2595.1,5416.4,1186.3,840,14.1,0.1,49.1,3,1014.7,5.1
Al Wajh - TVTC,26.256,36.443,1/3/2020 0:00,22.5,0.5,,,,,,,2055.1,574.8,763.5,6305.4,1814.2,2364.5,6270.9,1335.9,888,,,53.8,3,1008.7,5
Al Wajh - TVTC,26.256,36.443,1/4/2020 0:00,23.9,0.5,301,3.7,2.9,0.1,1.9,,2108.3,652.8,759.4,7510.5,1820.9,1654.2,7491.1,1483.4,307.2,13.1,0.1,56.7,3,1008.6,5
Al Wajh - TVTC,26.256,36.443,1/5/2020 0:00,28.3,0.5,,,,,,,2302.6,703,888.4,7170.1,1919.9,2184.3,7571.5,1579.6,638.8,,,61.9,3,1005.4,5
Al Wajh - TVTC,26.256,36.443,1/9/2020 0:00,32.6,0.5,,,,,,,2005.9,521,406.4,6218.9,1522.1,917.8,6376.3,1334.1,227.3,,,64.9,3,1002.1,5
Al Wajh - TVTC,26.256,36.443,1/10/2020 0:00,30.6,0.5,,,,,,,1443.5,408.5,430.7,6727.9,1560.2,1201.6,5565.5,1153.7,388.5,,,53.9,3,1007,5
Al Wajh - TVTC,26.256,36.443,1/11/2020 0:00,25.7,0.5,,,,,,,1066.7,313.4,342.7,6599.3,1534,1578.3,4546.4,954.9,540.2,,,53.2,3,1010.1,5.1
Al Wajh - TVTC,26.256,36.443,1/12/2020 0:00,23.1,0.5,,,,,,,1233.5,363.4,424.3,5560.4,1545,1889.1,3981,864.5,648.1,,,50.1,3,1011.6,5
Al Wajh - TVTC,26.256,36.443,1/1/2021 0:00,21.4,0.5,0,0,0,0,0,,933.3,444.4,848.7,6264,1574,1807.2,4163.9,1004.6,898.5,0,0,46.8,3,1013.6,5
Al Wajh - TVTC,26.256,36.443,1/2/2021 0:00,21.8,0.5,,,,,,,1321.5,433.3,543,6569.9,1766.5,2596.7,5125.4,1200.2,1032.5,,,49.2,3,1011.8,5.1
Al Wajh - TVTC,26.256,36.443,1/3/2021 0:00,23.5,0.5,,,,,,,2059,586.9,777,6567.4,1651.2,1825.2,6429.2,1355,448.5,,,54.7,3,1008.8,5.1
Al Wajh - TVTC,26.256,36.443,1/4/2021 0:00,25,0.5,0,0,0,0,0,,2188.7,620,710.2,7759.7,1949.3,1757.5,7780.5,1574.3,415.8,0,0,56,3,1008.7,5
Al Wajh - TVTC,26.256,36.443,1/5/2021 0:00,29.7,0.5,,,,,,,2069.7,659.7,752.4,7661.1,1859.3,1984.5,7678.6,1577.6,665.8,,,61.4,3,1003.7,5
Al Wajh - TVTC,26.256,36.443,1/7/2021 0:00,30.3,0.5,0,0,0,0,0,,2075.4,591.4,685.7,8229.8,1826.7,1830.7,8133.6,1623.9,592.6,0,0,64.9,3,1001.1,5
Al Wajh - TVTC,26.256,36.443,1/8/2021 0:00,31.9,0.5,,,,,,,2000.6,195.9,807.9,6977.5,521.1,1827.6,7084.7,442.9,422.1,,,70.6,3,1000.7,5
Al Wajh - TVTC,26.256,36.443,1/9/2021 0:00,29.9,0.5,,,,,,,1957.7,647.3,660.9,6267,1587.3,1497.2,6297.7,1305,369.5,,,73.7,3,1002.7,5
Al Wajh - TVTC,26.256,36.443,1/10/2021 0:00,,,0,0,0,0,0,,1616,76,452.4,6556.2,340.7,1343.3,5712.4,301,443,0,0,,,,
Al Wajh - TVTC,26.256,36.443,1/11/2021 0:00,25.7,0.5,,,,,,,1124.4,90.8,308.5,6227.8,452.7,1615.4,4448.2,289.9,715.8,,,58.7,3,1009.6,5.1
Al Wajh - TVTC,26.256,36.443,1/12/2021 0:00,22,0.5,,,,,,,1564.4,134.8,524.2,4225.1,427.1,2218.6,3662.4,259.7,664,,,49.6,3,1012.2,5
Hagl - SWCC,29.28997,34.93002,1/1/2017 0:00,16.9,0.5,25,4,6.9,0.1,3.3,,1209.4,377.4,521,4966.8,1407.7,2502.3,3583.5,854.5,902.6,21.9,0.2,50.7,3,1015.9,5.1
Hagl - SWCC,29.28997,34.93002,2/1/2017 0:00,17.7,0.5,23,4,6.5,0.1,3,,1326,449.3,529,6195.3,1653.5,2194.2,4743.2,1052.2,812,18.1,0.1,45.7,3,1016.2,5.1
Hagl - SWCC,29.28997,34.93002,3/1/2017 0:00,21.3,0.5,16,4,6.1,0.1,3.4,,1606.2,545.9,713.2,6199.7,1678.1,2501.3,5558.3,1196.3,893.4,20,0.1,50.5,3,1010.3,5.1
Hagl - SWCC,29.28997,34.93002,4/1/2017 0:00,24.9,0.5,20,4,6.7,0.1,3.7,,2098.2,676.9,883.3,6201.1,1830.3,2691.3,6497.3,1427.8,1187.3,23.5,0.2,47.1,3,1010,5.1
Hagl - SWCC,29.28997,34.93002,5/1/2017 0:00,27.9,0.5,19,4,6.1,0.1,3.2,,1730.9,533,682.6,7562.2,1799.8,2004.9,7248.7,1484.6,718.1,19.7,0.1,46.4,3,1008,5
Hagl - SWCC,29.28997,34.93002,6/1/2017 0:00,29.7,0.5,18,4,7.3,0.1,2.4,,1297,381.3,360.2,8543.8,1864,879,7480.6,1480.6,179.9,17.3,0.1,49.7,3,1005.2,5
Hagl - SWCC,29.28997,34.93002,9/1/2017 0:00,29.5,0.5,15,4,7.6,0.1,2.7,,1554.4,167.5,349.9,7044.8,538.6,881.4,6280.5,532.6,279.4,16.3,0.1,60.7,3,1006.9,5.1
Hagl - SWCC,29.28997,34.93002,10/1/2017 0:00,26.5,0.5,16,4,6.7,0.1,2.8,,1177.5,102.5,367.2,7072,483.8,1041.2,5308.3,333.8,388.7,17.1,0.1,57.8,3,1010.4,5
Hagl - SWCC,29.28997,34.93002,11/1/2017 0:00,22.7,0.5,22,3.9,6.9,0.1,3.2,,1172.9,125.6,385.1,6017.5,469.8,1405.2,4213.1,289.1,382.7,19.5,0.1,55.3,3,1012.8,5
Hagl - SWCC,29.28997,34.93002,3/1/2018 0:00,23.4,0.5,23,4,6.1,0.1,3.8,,1877.6,198.8,875.5,6505.4,664.5,2444.1,6067.1,422.7,675.4,21.6,0.2,43.1,3,1010.2,5
Hagl - SWCC,29.28997,34.93002,4/1/2018 0:00,24.8,0.5,17,4,5.9,0.1,3.4,,2386.5,199.3,779.8,5939.1,598.3,2411.8,6662.6,479.9,1054.4,22.1,0.1,44.6,3,1008,5
Hagl - SWCC,29.28997,34.93002,5/1/2018 0:00,29.3,0.5,18,4,4.9,0.1,3.1,,2875.1,223.1,903.2,5215.4,525.8,2625.7,6864.1,472.2,1190.1,20.5,0.1,42.7,3,1005.5,5
Hagl - SWCC,29.28997,34.93002,6/1/2018 0:00,30.3,0.5,16,4,6.8,0.1,2.8,,1845.1,195.8,619.1,8272.2,636.4,1275.4,7953.3,514.2,228.5,17.1,0.1,46,3,1004.5,5
Hagl - SWCC,29.28997,34.93002,7/1/2018 0:00,31.4,0.5,11,3.7,5.3,0.1,2.8,,1649.4,171.8,737.5,8439.4,666,1550.8,7799.3,561.5,267,16.3,0.1,47.3,3,1002.7,5
Hagl - SWCC,29.28997,34.93002,8/1/2018 0:00,31.2,0.5,13,4,7,0.1,2.4,,1215.1,88.3,345,8765.8,607.8,1018.2,7365.1,466.3,358.3,15.7,0.1,52.4,3,1003.6,5
Hagl - SWCC,29.28997,34.93002,9/1/2018 0:00,29.9,0.5,21,4,7.8,0.1,2.3,,1860.6,167.8,560.4,6244.5,603.3,1740.8,6092.9,429,678.3,17.3,0.1,54.5,3,1006.4,5
Hagl - SWCC,29.28997,34.93002,10/1/2018 0:00,27.4,0.5,17,3.9,6.5,0.1,2.8,,1624,149.5,559.6,5618.9,488.2,1866.9,5005.6,347,765.1,18.7,0.1,54.2,3,1010,5
Hagl - SWCC,29.28997,34.93002,11/1/2018 0:00,23.5,0.5,27,3.7,5.7,0.1,2.8,,1182.7,115.2,438.7,5706.6,529.2,1984.2,4118.3,300.8,643.4,17.3,0.1,50.7,3,1011.9,5
Hagl - SWCC,29.28997,34.93002,12/1/2018 0:00,19.4,0.5,26,3.7,5.5,0.1,3,,994.5,107.7,394.5,5997.1,543.2,1858.2,3741.9,280,500.7,19.7,0.1,48.5,3,1015.3,5
Hagl - SWCC,29.28997,34.93002,1/1/2019 0:00,17.9,0.5,16,3.7,4.6,0.1,3.4,,1455,120.9,463.2,4569.2,438.6,2131,3689,264.4,786.9,18.9,0.1,44.6,3,1014.3,5
Hagl - SWCC,29.28997,34.93002,2/1/2019 0:00,18.8,0.5,18,3.9,5.2,0.1,4,,1379.3,135.9,570.6,6049.8,533.2,2422.2,4761.4,326.4,1045.3,20.8,0.1,45.7,3,1014.3,5
Hagl - SWCC,29.28997,34.93002,3/1/2019 0:00,20,0.5,10,4,5.6,0.1,4,,1746,189.8,901.1,6498,608,2816.2,5880.7,405.2,911.5,19.7,0.1,45,3,1012.4,5.1
Hagl - SWCC,29.28997,34.93002,4/1/2019 0:00,23,0.5,19,4,6,0.1,4.5,,2146.5,537,785.2,6370,1257,2484.3,6665.1,1260.3,1177.2,24,0.2,44.9,3,1010.3,5.1
Hagl - SWCC,29.28997,34.93002,5/1/2019 0:00,28.3,0.5,23,4,5.8,0.1,3.8,,2163.4,719.2,920.7,6630.6,1829.5,2082.3,7078.2,1448.6,525.4,20.3,0.1,40.5,3,1007,5
Hagl - SWCC,29.28997,34.93002,6/1/2019 0:00,30.6,0.5,20,4,5.4,0.1,3.5,,1772,519.2,503.7,7819.5,1867.6,1672.1,7575.9,1583.8,682.7,16.3,0.1,47.5,3,1005,5
Hagl - SWCC,29.28997,34.93002,7/1/2019 0:00,31.4,0.5,18,4,5.9,0.1,3.1,,1405.7,181.4,570.7,9070,667.1,1415.8,7943,508.1,352.6,17.3,0.1,47.4,3,1002.5,5
Hagl - SWCC,29.28997,34.93002,8/1/2019 0:00,31.8,0.5,15,4,5.1,0.1,3.5,,1369.2,102.9,233.6,8400.7,571.6,681.6,7335,467.3,315.4,17.9,0.1,50.6,3,1003.6,5
Hagl - SWCC,29.28997,34.93002,9/1/2019 0:00,29.3,0.5,19,3.7,7.6,0.1,2.4,,1303.6,108.4,324.5,7710.3,530.9,945.4,6414.9,402.8,349.5,18.7,0.1,57.5,3,1006,5
Hagl - SWCC,29.28997,34.93002,10/1/2019 0:00,27.3,0.5,24,4.2,6.3,0.1,3.1,,1307.9,121.1,323,6387.8,483.5,1270.6,5094.8,350.6,502.9,16.5,0.1,56.2,3.2,1009.2,5.4
Hagl - SWCC,29.28997,34.93002,11/1/2019 0:00,24.5,0.5,31,4.1,5.1,0.1,3.5,,1197.9,107.7,366,5960.9,458.9,1218.8,4235.4,291.5,275.9,17.6,0.1,44.3,3.1,1011.4,5.2
Hagl - SWCC,29.28997,34.93002,12/1/2019 0:00,19.7,0.5,23,4,4.3,0.1,3.5,,967.5,96.7,394.6,6272.7,443.1,1460.4,3858.7,237.6,240.7,16.5,0.1,44.5,3,1014.8,5
Hagl - SWCC,29.28997,34.93002,1/1/2020 0:00,16.7,0.5,21,3.8,4.4,0.1,3.3,,1121,365.5,500.2,5386.5,1524,2690.6,3731,887.2,912.1,17.6,0.1,47.9,3,1017.4,5
Hagl - SWCC,29.28997,34.93002,2/1/2020 0:00,18.1,0.5,18,4,4.6,0.1,3.3,,1219.8,406.9,541.8,6475.9,1679,2433.5,4778,1101.8,976.5,19.5,0.1,51.2,3,1015.7,5.1
Hagl - SWCC,29.28997,34.93002,3/1/2020 0:00,20.7,0.5,11,4,4.7,0.1,3.8,,1968,624.1,814.1,5681.5,1773.3,2873.8,5607.3,1279.8,1437.9,23.5,0.1,50,3,1010.5,5.1
Hagl - SWCC,29.28997,34.93002,4/1/2020 0:00,23.5,0.5,16,4,6,0.1,3.5,,2123.8,762.8,1023.3,6580.8,1799.6,2597.6,6767.8,1443,776.7,18.1,0.1,49.7,3,1009.2,5.1
Hagl - SWCC,29.28997,34.93002,5/1/2020 0:00,27.5,0.5,22,4.1,5.8,0.1,3.7,,1935.2,193.1,814.7,7163.8,589.3,2330.5,7163.3,462.5,845.3,22.6,0.1,43.3,3.1,1008,5.2
Hagl - SWCC,29.28997,34.93002,9/1/2020 0:00,32.1,0.5,24,4,6.5,0.1,2.9,,1840.4,531.7,523.7,6202.2,1547.3,1259.2,6086.8,1274.9,343.2,18.1,0.1,52.7,3,1004.9,5
Hagl - SWCC,29.28997,34.93002,10/1/2020 0:00,28.9,0.5,24,4,5.8,0.1,3.3,,1280.4,340.2,315.6,6602.2,1587,1073.4,5200.8,1118.9,425,18.4,0.1,55.2,3,1009.6,5.1
Hagl - SWCC,29.28997,34.93002,11/1/2020 0:00,23.7,0.5,26,3.7,5.4,0.1,2.8,,1018.4,264,224,6326.1,1402.7,759.4,4228.7,868.7,195.5,16.8,0.1,50.6,3,1012.3,5
Hagl - SWCC,29.28997,34.93002,12/1/2020 0:00,21,0.5,37,4,5.4,0.1,3.3,,1127.8,343.6,419.2,5298.5,1388.3,1890.4,3585.6,769.8,494,18.7,0.1,49.1,3,1014,5.1
Hagl - SWCC,29.28997,34.93002,1/1/2021 0:00,19.8,0.5,27,4,5.7,0.1,3.2,,1159.1,364.5,405.2,5757.5,1562.7,1801.6,3970.8,896.3,545.5,19.7,0.1,45.2,3,1015,5.1
Hagl - SWCC,29.28997,34.93002,2/1/2021 0:00,19.8,0.5,19,4,5.9,0.1,3.5,,1226,396,492.6,6526.8,1679.6,2261.6,4891.3,1113.6,923,19.2,0.1,49.4,3,1014.2,5.1
Hagl - SWCC,29.28997,34.93002,3/1/2021 0:00,21.1,0.5,22,4,6.9,0.1,3.7,,1819.4,588.6,797.4,6718.9,1778.8,2199.2,6155,1357.8,616.3,21.1,0.2,46.2,3,1012.2,5
Hagl - SWCC,29.28997,34.93002,4/1/2021 0:00,24.8,0.5,24,4,6.5,0.1,3.6,,1940.6,628.9,717.3,7505.9,1832.5,1778.7,7286,1531.6,419.2,19.2,0.1,41.6,3,1010.7,5
Hagl - SWCC,29.28997,34.93002,5/1/2021 0:00,29.1,0.5,22,3.7,5.5,0.1,3.1,,1874,570.2,749.9,8142.2,1999.6,2011.4,7801.4,1604,710.8,21.3,0.1,41.3,3,1006.8,5
Hagl - SWCC,29.28997,34.93002,7/1/2021 0:00,31.6,0.5,22,4,4.9,0.1,2.8,,1346.5,422.1,405.4,9040,1957.9,1092.8,7859.4,1574.6,292,14.9,0.1,47.4,3,1001.9,5
Hagl - SWCC,29.28997,34.93002,8/1/2021 0:00,32.2,0.5,18,4,5,0.1,3.5,,1620.8,155,550.9,7617.8,528.8,1526.8,7092.8,438.3,424.2,16,0.1,50.8,3,1003,5
Hagl - SWCC,29.28997,34.93002,9/1/2021 0:00,29.5,0.5,19,4,3.8,0.1,3.8,,1365.9,350.3,300.5,7494.1,1651.6,660.4,6335.6,1280.3,249.2,16.5,0.1,53.8,3,1006.6,5
Hagl - SWCC,29.28997,34.93002,10/1/2021 0:00,26.9,0.5,23,0,0,0,0,,1368.1,131.6,479.6,6158.4,480.8,1898.3,5029.6,332.8,727,10.9,0,55.8,3,1010.4,5.1
Hagl - SWCC,29.28997,34.93002,11/1/2021 0:00,24.3,0.5,25,0,0,0,0,,1119.1,112.3,386.7,5762.7,460.1,1742.1,4057.2,269.6,619.9,5.3,0,50.2,3,1012.2,5.1
Hagl - SWCC,29.28997,34.93002,12/1/2021 0:00,19.7,0.5,13,4,0,0,0,,1366.7,127.4,549.4,4299,438.7,2274.1,3391.2,228.8,541.5,6.7,0,47.9,3,1014.6,5.1
Hagl - SWCC,29.28997,34.93002,1/1/2017 0:00,16.9,0.5,25,4,6.9,0.1,3.3,,1209.4,377.4,521,4966.8,1407.7,2502.3,3583.5,854.5,902.6,21.9,0.2,50.7,3,1015.9,5.1
Hagl - SWCC,29.28997,34.93002,2/1/2017 0:00,17.7,0.5,23,4,6.5,0.1,3,,1326,449.3,529,6195.3,1653.5,2194.2,4743.2,1052.2,812,18.1,0.1,45.7,3,1016.2,5.1
Hagl - SWCC,29.28997,34.93002,3/1/2017 0:00,21.3,0.5,16,4,6.1,0.1,3.4,,1606.2,545.9,713.2,6199.7,1678.1,2501.3,5558.3,1196.3,893.4,20,0.1,50.5,3,1010.3,5.1
Hagl - SWCC,29.28997,34.93002,4/1/2017 0:00,24.9,0.5,20,4,6.7,0.1,3.7,,2098.2,676.9,883.3,6201.1,1830.3,2691.3,6497.3,1427.8,1187.3,23.5,0.2,47.1,3,1010,5.1
Hagl - SWCC,29.28997,34.93002,5/1/2017 0:00,27.9,0.5,19,4,6.1,0.1,3.2,,1730.9,533,682.6,7562.2,1799.8,2004.9,7248.7,1484.6,718.1,19.7,0.1,46.4,3,1008,5
Hagl - SWCC,29.28997,34.93002,6/1/2017 0:00,29.7,0.5,18,4,7.3,0.1,2.4,,1297,381.3,360.2,8543.8,1864,879,7480.6,1480.6,179.9,17.3,0.1,49.7,3,1005.2,5
Hagl - SWCC,29.28997,34.93002,9/1/2017 0:00,29.5,0.5,15,4,7.6,0.1,2.7,,1554.4,167.5,349.9,7044.8,538.6,881.4,6280.5,532.6,279.4,16.3,0.1,60.7,3,1006.9,5.1
Hagl - SWCC,29.28997,34.93002,10/1/2017 0:00,26.5,0.5,16,4,6.7,0.1,2.8,,1177.5,102.5,367.2,7072,483.8,1041.2,5308.3,333.8,388.7,17.1,0.1,57.8,3,1010.4,5
Hagl - SWCC,29.28997,34.93002,11/1/2017 0:00,22.7,0.5,22,3.9,6.9,0.1,3.2,,1172.9,125.6,385.1,6017.5,469.8,1405.2,4213.1,289.1,382.7,19.5,0.1,55.3,3,1012.8,5
Hagl - SWCC,29.28997,34.93002,3/1/2018 0:00,23.4,0.5,23,4,6.1,0.1,3.8,,1877.6,198.8,875.5,6505.4,664.5,2444.1,6067.1,422.7,675.4,21.6,0.2,43.1,3,1010.2,5
Hagl - SWCC,29.28997,34.93002,4/1/2018 0:00,24.8,0.5,17,4,5.9,0.1,3.4,,2386.5,199.3,779.8,5939.1,598.3,2411.8,6662.6,479.9,1054.4,22.1,0.1,44.6,3,1008,5
Hagl - SWCC,29.28997,34.93002,5/1/2018 0:00,29.3,0.5,18,4,4.9,0.1,3.1,,2875.1,223.1,903.2,5215.4,525.8,2625.7,6864.1,472.2,1190.1,20.5,0.1,42.7,3,1005.5,5
Hagl - SWCC,29.28997,34.93002,6/1/2018 0:00,30.3,0.5,16,4,6.8,0.1,2.8,,1845.1,195.8,619.1,8272.2,636.4,1275.4,7953.3,514.2,228.5,17.1,0.1,46,3,1004.5,5
Hagl - SWCC,29.28997,34.93002,7/1/2018 0:00,31.4,0.5,11,3.7,5.3,0.1,2.8,,1649.4,171.8,737.5,8439.4,666,1550.8,7799.3,561.5,267,16.3,0.1,47.3,3,1002.7,5
Hagl - SWCC,29.28997,34.93002,8/1/2018 0:00,31.2,0.5,13,4,7,0.1,2.4,,1215.1,88.3,345,8765.8,607.8,1018.2,7365.1,466.3,358.3,15.7,0.1,52.4,3,1003.6,5
Hagl - SWCC,29.28997,34.93002,9/1/2018 0:00,29.9,0.5,21,4,7.8,0.1,2.3,,1860.6,167.8,560.4,6244.5,603.3,1740.8,6092.9,429,678.3,17.3,0.1,54.5,3,1006.4,5
Hagl - SWCC,29.28997,34.93002,10/1/2018 0:00,27.4,0.5,17,3.9,6.5,0.1,2.8,,1624,149.5,559.6,5618.9,488.2,1866.9,5005.6,347,765.1,18.7,0.1,54.2,3,1010,5
Hagl - SWCC,29.28997,34.93002,11/1/2018 0:00,23.5,0.5,27,3.7,5.7,0.1,2.8,,1182.7,115.2,438.7,5706.6,529.2,1984.2,4118.3,300.8,643.4,17.3,0.1,50.7,3,1011.9,5
Hagl - SWCC,29.28997,34.93002,12/1/2018 0:00,19.4,0.5,26,3.7,5.5,0.1,3,,994.5,107.7,394.5,5997.1,543.2,1858.2,3741.9,280,500.7,19.7,0.1,48.5,3,1015.3,5
Hagl - SWCC,29.28997,34.93002,1/1/2019 0:00,17.9,0.5,16,3.7,4.6,0.1,3.4,,1455,120.9,463.2,4569.2,438.6,2131,3689,264.4,786.9,18.9,0.1,44.6,3,1014.3,5
Hagl - SWCC,29.28997,34.93002,2/1/2019 0:00,18.8,0.5,18,3.9,5.2,0.1,4,,1379.3,135.9,570.6,6049.8,533.2,2422.2,4761.4,326.4,1045.3,20.8,0.1,45.7,3,1014.3,5
Hagl - SWCC,29.28997,34.93002,3/1/2019 0:00,20,0.5,10,4,5.6,0.1,4,,1746,189.8,901.1,6498,608,2816.2,5880.7,405.2,911.5,19.7,0.1,45,3,1012.4,5.1
Hagl - SWCC,29.28997,34.93002,4/1/2019 0:00,23,0.5,19,4,6,0.1,4.5,,2146.5,537,785.2,6370,1257,2484.3,6665.1,1260.3,1177.2,24,0.2,44.9,3,1010.3,5.1
Hagl - SWCC,29.28997,34.93002,5/1/2019 0:00,28.3,0.5,23,4,5.8,0.1,3.8,,2163.4,719.2,920.7,6630.6,1829.5,2082.3,7078.2,1448.6,525.4,20.3,0.1,40.5,3,1007,5
Hagl - SWCC,29.28997,34.93002,6/1/2019 0:00,30.6,0.5,20,4,5.4,0.1,3.5,,1772,519.2,503.7,7819.5,1867.6,1672.1,7575.9,1583.8,682.7,16.3,0.1,47.5,3,1005,5
Hagl - SWCC,29.28997,34.93002,7/1/2019 0:00,31.4,0.5,18,4,5.9,0.1,3.1,,1405.7,181.4,570.7,9070,667.1,1415.8,7943,508.1,352.6,17.3,0.1,47.4,3,1002.5,5
Hagl - SWCC,29.28997,34.93002,8/1/2019 0:00,31.8,0.5,15,4,5.1,0.1,3.5,,1369.2,102.9,233.6,8400.7,571.6,681.6,7335,467.3,315.4,17.9,0.1,50.6,3,1003.6,5
Hagl - SWCC,29.28997,34.93002,9/1/2019 0:00,29.3,0.5,19,3.7,7.6,0.1,2.4,,1303.6,108.4,324.5,7710.3,530.9,945.4,6414.9,402.8,349.5,18.7,0.1,57.5,3,1006,5
Hagl - SWCC,29.28997,34.93002,10/1/2019 0:00,27.3,0.5,24,4.2,6.3,0.1,3.1,,1307.9,121.1,323,6387.8,483.5,1270.6,5094.8,350.6,502.9,16.5,0.1,56.2,3.2,1009.2,5.4
Hagl - SWCC,29.28997,34.93002,11/1/2019 0:00,24.5,0.5,31,4.1,5.1,0.1,3.5,,1197.9,107.7,366,5960.9,458.9,1218.8,4235.4,291.5,275.9,17.6,0.1,44.3,3.1,1011.4,5.2
Hagl - SWCC,29.28997,34.93002,12/1/2019 0:00,19.7,0.5,23,4,4.3,0.1,3.5,,967.5,96.7,394.6,6272.7,443.1,1460.4,3858.7,237.6,240.7,16.5,0.1,44.5,3,1014.8,5
Hagl - SWCC,29.28997,34.93002,1/1/2020 0:00,16.7,0.5,21,3.8,4.4,0.1,3.3,,1121,365.5,500.2,5386.5,1524,2690.6,3731,887.2,912.1,17.6,0.1,47.9,3,1017.4,5
Hagl - SWCC,29.28997,34.93002,2/1/2020 0:00,18.1,0.5,18,4,4.6,0.1,3.3,,1219.8,406.9,541.8,6475.9,1679,2433.5,4778,1101.8,976.5,19.5,0.1,51.2,3,1015.7,5.1
Hagl - SWCC,29.28997,34.93002,3/1/2020 0:00,20.7,0.5,11,4,4.7,0.1,3.8,,1968,624.1,814.1,5681.5,1773.3,2873.8,5607.3,1279.8,1437.9,23.5,0.1,50,3,1010.5,5.1
Hagl - SWCC,29.28997,34.93002,4/1/2020 0:00,23.5,0.5,16,4,6,0.1,3.5,,2123.8,762.8,1023.3,6580.8,1799.6,2597.6,6767.8,1443,776.7,18.1,0.1,49.7,3,1009.2,5.1
Hagl - SWCC,29.28997,34.93002,5/1/2020 0:00,27.5,0.5,22,4.1,5.8,0.1,3.7,,1935.2,193.1,814.7,7163.8,589.3,2330.5,7163.3,462.5,845.3,22.6,0.1,43.3,3.1,1008,5.2
Hagl - SWCC,29.28997,34.93002,9/1/2020 0:00,32.1,0.5,24,4,6.5,0.1,2.9,,1840.4,531.7,523.7,6202.2,1547.3,1259.2,6086.8,1274.9,343.2,18.1,0.1,52.7,3,1004.9,5
Hagl - SWCC,29.28997,34.93002,10/1/2020 0:00,28.9,0.5,24,4,5.8,0.1,3.3,,1280.4,340.2,315.6,6602.2,1587,1073.4,5200.8,1118.9,425,18.4,0.1,55.2,3,1009.6,5.1
Hagl - SWCC,29.28997,34.93002,11/1/2020 0:00,23.7,0.5,26,3.7,5.4,0.1,2.8,,1018.4,264,224,6326.1,1402.7,759.4,4228.7,868.7,195.5,16.8,0.1,50.6,3,1012.3,5
Hagl - SWCC,29.28997,34.93002,12/1/2020 0:00,21,0.5,37,4,5.4,0.1,3.3,,1127.8,343.6,419.2,5298.5,1388.3,1890.4,3585.6,769.8,494,18.7,0.1,49.1,3,1014,5.1
Hagl - SWCC,29.28997,34.93002,1/1/2021 0:00,19.8,0.5,27,4,5.7,0.1,3.2,,1159.1,364.5,405.2,5757.5,1562.7,1801.6,3970.8,896.3,545.5,19.7,0.1,45.2,3,1015,5.1
Hagl - SWCC,29.28997,34.93002,2/1/2021 0:00,19.8,0.5,19,4,5.9,0.1,3.5,,1226,396,492.6,6526.8,1679.6,2261.6,4891.3,1113.6,923,19.2,0.1,49.4,3,1014.2,5.1
Hagl - SWCC,29.28997,34.93002,3/1/2021 0:00,21.1,0.5,22,4,6.9,0.1,3.7,,1819.4,588.6,797.4,6718.9,1778.8,2199.2,6155,1357.8,616.3,21.1,0.2,46.2,3,1012.2,5
Hagl - SWCC,29.28997,34.93002,4/1/2021 0:00,24.8,0.5,24,4,6.5,0.1,3.6,,1940.6,628.9,717.3,7505.9,1832.5,1778.7,7286,1531.6,419.2,19.2,0.1,41.6,3,1010.7,5
Hagl - SWCC,29.28997,34.93002,5/1/2021 0:00,29.1,0.5,22,3.7,5.5,0.1,3.1,,1874,570.2,749.9,8142.2,1999.6,2011.4,7801.4,1604,710.8,21.3,0.1,41.3,3,1006.8,5
Hagl - SWCC,29.28997,34.93002,7/1/2021 0:00,31.6,0.5,22,4,4.9,0.1,2.8,,1346.5,422.1,405.4,9040,1957.9,1092.8,7859.4,1574.6,292,14.9,0.1,47.4,3,1001.9,5
Hagl - SWCC,29.28997,34.93002,8/1/2021 0:00,32.2,0.5,18,4,5,0.1,3.5,,1620.8,155,550.9,7617.8,528.8,1526.8,7092.8,438.3,424.2,16,0.1,50.8,3,1003,5
Hagl - SWCC,29.28997,34.93002,9/1/2021 0:00,29.5,0.5,19,4,3.8,0.1,3.8,,1365.9,350.3,300.5,7494.1,1651.6,660.4,6335.6,1280.3,249.2,16.5,0.1,53.8,3,1006.6,5
Hagl - SWCC,29.28997,34.93002,10/1/2021 0:00,26.9,0.5,23,0,0,0,0,,1368.1,131.6,479.6,6158.4,480.8,1898.3,5029.6,332.8,727,10.9,0,55.8,3,1010.4,5.1
Hagl - SWCC,29.28997,34.93002,11/1/2021 0:00,24.3,0.5,25,0,0,0,0,,1119.1,112.3,386.7,5762.7,460.1,1742.1,4057.2,269.6,619.9,5.3,0,50.2,3,1012.2,5.1
Hagl - SWCC,29.28997,34.93002,12/1/2021 0:00,19.7,0.5,13,4,0,0,0,,1366.7,127.4,549.4,4299,438.7,2274.1,3391.2,228.8,541.5,6.7,0,47.9,3,1014.6,5.1
Hafar Al Batin - TVTC,28.33202,45.95708,1/1/2017 0:00,12.7,0.5,13,4,4.3,0.1,2.2,,1535.2,469.8,588.2,4742.4,1178.1,1980,3902.6,857.2,452.1,17.3,0.1,43.6,3,973.2,4.9
Hafar Al Batin - TVTC,28.33202,45.95708,1/2/2017 0:00,12.3,0.5,343,4,4.4,0.1,2.3,,1876.9,564,757.6,5046.3,1689.1,2734.2,4710.6,1128.6,885.4,20.3,0.1,36.8,3,973.8,4.9
Hafar Al Batin - TVTC,28.33202,45.95708,1/3/2017 0:00,20.7,0.5,93,4,5.1,0.1,2.7,,2670.1,770,873.7,3775.7,1574.5,2634.7,5192.7,1228.7,1230.8,21.6,0.1,40.2,3,967.8,4.9
Hafar Al Batin - TVTC,28.33202,45.95708,1/4/2017 0:00,27.7,0.5,14,4,5.3,0.1,2.6,,3244.6,875.7,1117.2,3715,1781.2,2947.1,5980.1,1453,1358.5,22.4,0.1,25.5,3,967.4,4.9
Hafar Al Batin - TVTC,28.33202,45.95708,1/5/2017 0:00,34.1,0.5,5,4,4.8,0.1,2.4,,3760.3,281.1,798.1,3863.1,418.5,1867.1,6822.1,450.7,940,21.9,0.1,17.2,3,964,4.8
Hafar Al Batin - TVTC,28.33202,45.95708,1/6/2017 0:00,37.2,0.5,335,4,5.5,0.1,2.6,,2295.8,741.7,766,7768.6,1968.5,1599.2,8093.5,1635.1,276,19.7,0.1,11.3,3,960.3,4.8
Hafar Al Batin - TVTC,28.33202,45.95708,1/9/2017 0:00,36.3,0.5,346,4,4.2,0.1,2.2,,2163.1,177.2,308.8,6523.4,641.4,942.8,6699.5,598.1,388,19.5,0.1,12.1,3,963.1,4.8
Hafar Al Batin - TVTC,28.33202,45.95708,1/10/2017 0:00,29.6,0.5,87,3.7,4.5,0.1,1.9,,1988.4,147.5,424.5,5629.1,385.7,1329.7,5477.1,344.6,496.8,17.9,0.1,20.9,3,967.5,4.8
Hafar Al Batin - TVTC,28.33202,45.95708,1/11/2017 0:00,21,0.5,92,4,4.1,0.1,1.7,,1820.8,185.7,658.2,4263.4,423.1,2052.4,4058.3,280.5,707.2,15.7,0.1,35.2,3,971.6,4.9
Hafar Al Batin - TVTC,28.33202,45.95708,1/3/2018 0:00,23.6,0.5,78,4,4.4,0.1,2.2,,2586.4,199.4,622.5,5077.5,436.4,2119.6,5984.3,400.9,1098,21.1,0.1,24.3,3,968.4,4.9
Hafar Al Batin - TVTC,28.33202,45.95708,1/4/2018 0:00,25.1,0.5,130,4,4.5,0.1,2.5,,3517.5,264,1009.2,3686.9,515.7,2532.1,6230,466.6,1248.6,32.5,0.1,36.1,3,965.4,4.9
Hafar Al Batin - TVTC,28.33202,45.95708,1/5/2018 0:00,31.6,0.5,36,4,4.3,0.1,2.3,,3506.6,278.8,1110,4693.5,489.3,2781.6,7129.9,475,1033.2,37.3,0.1,22.2,3,963.7,4.8
Hafar Al Batin - TVTC,28.33202,45.95708,1/6/2018 0:00,36,0.5,332,4,6.1,0.1,3.1,,3209.5,261.2,883,5972.5,498,1807.2,7805.1,485.2,460,22.4,0.1,13.8,3,959.1,4.8
Hafar Al Batin - TVTC,28.33202,45.95708,1/7/2018 0:00,37,0.5,317,4,6.6,0.1,2.9,,2769.3,214.7,614.1,6397.1,542.9,1632.4,7640.7,551.4,823.4,24.5,0.2,12.5,3,956.4,4.8
Hafar Al Batin - TVTC,28.33202,45.95708,1/8/2018 0:00,36.3,0.5,315,4,5.4,0.1,2.9,,1881,152.8,575.2,7857,597.2,1357.9,7509.3,506,370.1,22.6,0.1,13.9,3,958.2,4.8
Hafar Al Batin - TVTC,28.33202,45.95708,1/9/2018 0:00,36.6,0.5,353,4,4,0.1,2.1,,2380.7,174.7,430,5730.7,446.1,1073.3,6395.5,409.5,379.4,18.4,0.1,13.1,3,963,4.8
Hafar Al Batin - TVTC,28.33202,45.95708,1/10/2018 0:00,28.5,0.5,159,3.7,4,0.1,1.8,,2070.6,152.8,424.4,5040.5,410.8,1518.6,5214.2,348.6,634,19.5,0.1,28,3,968.9,4.8
Hafar Al Batin - TVTC,28.33202,45.95708,1/11/2018 0:00,17.4,0.5,102,3.7,3.9,0.1,2,,1705.9,176,615.7,3019.9,409.9,2368.6,3269.8,302,1223.7,19.2,0.1,78.1,3,972.2,4.8
Hafar Al Batin - TVTC,28.33202,45.95708,1/12/2018 0:00,15,0.5,93,3.9,4.1,0.1,1.9,,1556.9,123.3,455.9,3977.4,376,1992.2,3483.6,241.6,590,16.3,0.1,66.6,3,973.8,4.8
Hafar Al Batin - TVTC,28.33202,45.95708,1/2/2019 0:00,14.4,0.5,43,4,4.3,0.1,2.2,,1811.9,185.5,729.7,4751.4,506.9,3116.9,4466.5,338.2,1284.1,16.5,0.1,49.9,3,972.1,4.9
Hafar Al Batin - TVTC,28.33202,45.95708,1/3/2019 0:00,18.1,0.5,184,4,5.7,0.1,3.2,,2266.7,203.3,976.7,5595.6,517,2914.3,5871.1,407.1,1100.7,26.6,0.2,34.5,3,968.5,4.9
Hafar Al Batin - TVTC,28.33202,45.95708,1/4/2019 0:00,23.8,0.5,337,4,4.9,0.1,2.7,,2708,576.9,861.6,5520.2,1331.1,2559.2,6712.2,1245.3,1095.3,23.2,0.1,30.9,3,966.9,4.9
Hafar Al Batin - TVTC,28.33202,45.95708,1/5/2019 0:00,32.8,0.5,13,4,4.4,0.1,2.2,,3250.1,849.9,751.2,4945.1,1435,1852,7069.7,1488.2,680.5,21.1,0.1,17.4,3,964.2,4.8
Hafar Al Batin - TVTC,28.33202,45.95708,1/6/2019 0:00,37.6,0.5,327,4,5.1,0.1,2.6,,2219,650.5,561.4,7868.3,1847.3,1209.9,8091.9,1617.2,220.3,22.4,0.1,11.3,3,960.2,4.8
Hafar Al Batin - TVTC,28.33202,45.95708,1/7/2019 0:00,37.1,0.5,312,4,5.7,0.1,2.9,,1892.6,215.6,602.4,8414.4,561.7,1281.3,8045.2,480.8,245.6,22.1,0.1,12.4,3,956.9,4.8
Hafar Al Batin - TVTC,28.33202,45.95708,1/8/2019 0:00,37.1,0.5,310,4,5.8,0.1,2.9,,2008.3,165.1,517.6,7588.7,509.3,1084.2,7512.5,469.5,301.2,23.7,0.1,12.1,3,958.2,4.8
Hafar Al Batin - TVTC,28.33202,45.95708,1/9/2019 0:00,35.7,0.5,13,4,3.8,0.1,1.9,,1896.7,160.6,444.8,6757.5,514.9,1166.7,6538,428,360.4,16.5,0.1,14.8,3,962.5,4.8
Hafar Al Batin - TVTC,28.33202,45.95708,1/10/2019 0:00,29.7,0.5,62,4,4,0.1,1.9,,2146.8,158.4,403.1,4383,383.8,1675.1,4904.8,338.8,755.4,40.5,0.1,32.7,3,967.1,4.8
Hafar Al Batin - TVTC,28.33202,45.95708,1/11/2019 0:00,19.4,0.5,74,4,3.7,0.1,1.9,,1668.2,148.5,529.2,4093,400.3,2159.7,3795.8,271.4,868,17.9,0.1,46.4,3,971.4,4.9
Hafar Al Batin - TVTC,28.33202,45.95708,1/12/2019 0:00,14.5,0.5,150,4,4.5,0.1,2.2,,1121.3,110.6,434.7,5525.4,489.7,2204.6,3700.1,248.9,706.2,17.1,0.1,52.2,3,972.1,4.9
Hafar Al Batin - TVTC,28.33202,45.95708,1/1/2020 0:00,12.1,0.5,272,4,4.8,0.1,2.9,,1183.7,403.1,531.4,6099.9,1593.8,1932.3,4174.6,935.7,436.9,20.3,0.1,45,3,972.7,4.9
Hafar Al Batin - TVTC,28.33202,45.95708,1/2/2020 0:00,15.4,0.5,179,4,5.4,0.1,2.8,,1817,625.8,851.7,5455,1760.1,2695,4878.4,1122.1,662.6,23.2,0.1,36.6,3,971.9,4.9
Hafar Al Batin - TVTC,28.33202,45.95708,1/3/2020 0:00,19.9,0.5,262,4,5.3,0.1,3,,2339.1,706.9,953.1,5400.9,1741.2,2504.9,5863.8,1312,818.1,22.6,0.1,33.9,3,967.6,4.9
Hafar Al Batin - TVTC,28.33202,45.95708,1/4/2020 0:00,25.9,0.5,48,4,4.9,0.1,2.5,,3014.2,868.6,913.9,5000.1,1722,2347.4,6630.8,1465.6,985,36,0.1,27.8,3,965.5,4.9
Hafar Al Batin - TVTC,28.33202,45.95708,1/5/2020 0:00,31.5,0.5,331,4,4.8,0.1,2.7,,3154.7,253.5,913.8,5501.1,513.7,2322.3,7335.8,462.4,990.3,28,0.1,16.4,3,964.7,4.8
Hafar Al Batin - TVTC,28.33202,45.95708,1/9/2020 0:00,35.5,0.5,330,4,4,0.1,2.3,,1854.5,518.7,404.2,7033.9,1580.7,945.6,6631.2,1385.8,325.9,21.9,0.1,12.4,3,962.4,4.8
Hafar Al Batin - TVTC,28.33202,45.95708,1/10/2020 0:00,27.2,0.5,308,4,3.1,0.1,1.9,,1214.4,296,203.6,7657.2,1601.6,600.2,5695.4,1174.1,311.7,17.6,0.1,16.8,3,968.7,4.9
Hafar Al Batin - TVTC,28.33202,45.95708,1/11/2020 0:00,20.3,0.5,102,4,4.4,0.1,2.1,,1696.9,496.6,631.2,4056.9,1551.1,2696.5,3830.6,964.8,985.1,23.2,0.1,47,3,970.9,4.9
Hafar Al Batin - TVTC,28.33202,45.95708,1/12/2020 0:00,13.5,0.5,49,4,3.1,0.1,2.1,,1335.2,378.8,497.4,3665.1,1399,2760.9,3067.8,789.4,1125.5,14.7,0.1,65.9,3,974.4,4.9
Hafar Al Batin - TVTC,28.33202,45.95708,1/1/2021 0:00,13.3,0.5,307,4,3.4,0.1,2.4,,1482.7,409.6,553.5,4943.7,1527.5,2189,3939,867.7,592.8,16.8,0.1,43.7,3,974.3,4.9
Hafar Al Batin - TVTC,28.33202,45.95708,1/2/2021 0:00,15.5,0.5,113,3.7,4.1,0.1,2.6,,1756.2,536.9,681.1,4525.7,1670.2,2705.7,4359.8,1109.1,1185.3,19.7,0.1,47.8,3,972.5,4.8
Hafar Al Batin - TVTC,28.33202,45.95708,1/3/2021 0:00,21.2,0.5,23,4,5,0.1,2.8,,2619,732.3,894.2,4537.6,1566.9,2112.4,5652.9,1213.8,688,23.5,0.1,26.9,3,968.6,4.9
Hafar Al Batin - TVTC,28.33202,45.95708,1/4/2021 0:00,27.8,0.5,342,3.7,4.7,0.1,2.6,,2763.5,615.7,903,5212.9,1517,2254,6570.6,1318,656.6,36.2,0.1,17.3,3,967.3,4.8
Hafar Al Batin - TVTC,28.33202,45.95708,1/5/2021 0:00,34,0.5,275,3.7,4.2,0.1,2.2,,2706.7,530.6,899.1,5982.7,1361.6,2332.9,7198.4,1349.3,964.9,27.5,0.1,12.9,3,962.4,4.8
Hafar Al Batin - TVTC,28.33202,45.95708,1/7/2021 0:00,39.4,0.5,327,4,4.5,0.1,2.6,,2191.7,531.8,591.1,7567.2,1765.2,1440.4,7820.6,1589.7,468,20.8,0.1,12.5,3,956,4.8
Hafar Al Batin - TVTC,28.33202,45.95708,1/8/2021 0:00,37.9,0.5,318,4,4,0.1,2.6,,2074.4,167.5,490.6,7244.1,544,1172.8,7351.9,451.5,333.6,20.5,0.1,13.2,3,958.8,4.8
Hafar Al Batin - TVTC,28.33202,45.95708,1/9/2021 0:00,33.6,0.5,342,3.7,4.1,0.1,2.5,,1649.2,463.5,449.3,7565.5,1783.6,1089.4,6662.7,1354.4,261.5,18.9,0.1,15.7,3,962.5,4.8
Hafar Al Batin - TVTC,28.33202,45.95708,1/10/2021 0:00,29.2,0.5,65,3.7,3.6,0.1,1.9,,1722.6,191.7,437.5,5921.6,434.8,1457.5,5328.4,358.3,553,14.4,0.1,20.3,3,968,4.8
Hafar Al Batin - TVTC,28.33202,45.95708,1/11/2021 0:00,20.6,0.5,317,4,3.8,0.1,2.1,,1460.7,139.1,511.2,5313.9,450.8,1867,4208.3,282.2,503.2,17.9,0.1,32.2,3,971,4.9
Hafar Al Batin - TVTC,28.33202,45.95708,1/12/2021 0:00,14.3,0.5,14,4,3.7,0.1,2.2,,1624.8,129.6,488.9,3357.8,446.5,2518.1,3209.2,250.1,910.7,16.8,0.1,48.7,3,973.2,4.9
Hafar Al Batin - TVTC,28.33202,45.95708,1/1/2017 0:00,12.7,0.5,13,4,4.3,0.1,2.2,,1535.2,469.8,588.2,4742.4,1178.1,1980,3902.6,857.2,452.1,17.3,0.1,43.6,3,973.2,4.9
Hafar Al Batin - TVTC,28.33202,45.95708,2/1/2017 0:00,12.3,0.5,343,4,4.4,0.1,2.3,,1876.9,564,757.6,5046.3,1689.1,2734.2,4710.6,1128.6,885.4,20.3,0.1,36.8,3,973.8,4.9
Hafar Al Batin - TVTC,28.33202,45.95708,3/1/2017 0:00,20.7,0.5,93,4,5.1,0.1,2.7,,2670.1,770,873.7,3775.7,1574.5,2634.7,5192.7,1228.7,1230.8,21.6,0.1,40.2,3,967.8,4.9
Hafar Al Batin - TVTC,28.33202,45.95708,4/1/2017 0:00,27.7,0.5,14,4,5.3,0.1,2.6,,3244.6,875.7,1117.2,3715,1781.2,2947.1,5980.1,1453,1358.5,22.4,0.1,25.5,3,967.4,4.9
Hafar Al Batin - TVTC,28.33202,45.95708,5/1/2017 0:00,34.1,0.5,5,4,4.8,0.1,2.4,,3760.3,281.1,798.1,3863.1,418.5,1867.1,6822.1,450.7,940,21.9,0.1,17.2,3,964,4.8
Hafar Al Batin - TVTC,28.33202,45.95708,6/1/2017 0:00,37.2,0.5,335,4,5.5,0.1,2.6,,2295.8,741.7,766,7768.6,1968.5,1599.2,8093.5,1635.1,276,19.7,0.1,11.3,3,960.3,4.8
Hafar Al Batin - TVTC,28.33202,45.95708,9/1/2017 0:00,36.3,0.5,346,4,4.2,0.1,2.2,,2163.1,177.2,308.8,6523.4,641.4,942.8,6699.5,598.1,388,19.5,0.1,12.1,3,963.1,4.8
Hafar Al Batin - TVTC,28.33202,45.95708,10/1/2017 0:00,29.6,0.5,87,3.7,4.5,0.1,1.9,,1988.4,147.5,424.5,5629.1,385.7,1329.7,5477.1,344.6,496.8,17.9,0.1,20.9,3,967.5,4.8
Hafar Al Batin - TVTC,28.33202,45.95708,11/1/2017 0:00,21,0.5,92,4,4.1,0.1,1.7,,1820.8,185.7,658.2,4263.4,423.1,2052.4,4058.3,280.5,707.2,15.7,0.1,35.2,3,971.6,4.9
Hafar Al Batin - TVTC,28.33202,45.95708,3/1/2018 0:00,23.6,0.5,78,4,4.4,0.1,2.2,,2586.4,199.4,622.5,5077.5,436.4,2119.6,5984.3,400.9,1098,21.1,0.1,24.3,3,968.4,4.9
Hafar Al Batin - TVTC,28.33202,45.95708,4/1/2018 0:00,25.1,0.5,130,4,4.5,0.1,2.5,,3517.5,264,1009.2,3686.9,515.7,2532.1,6230,466.6,1248.6,32.5,0.1,36.1,3,965.4,4.9
Hafar Al Batin - TVTC,28.33202,45.95708,5/1/2018 0:00,31.6,0.5,36,4,4.3,0.1,2.3,,3506.6,278.8,1110,4693.5,489.3,2781.6,7129.9,475,1033.2,37.3,0.1,22.2,3,963.7,4.8
Hafar Al Batin - TVTC,28.33202,45.95708,6/1/2018 0:00,36,0.5,332,4,6.1,0.1,3.1,,3209.5,261.2,883,5972.5,498,1807.2,7805.1,485.2,460,22.4,0.1,13.8,3,959.1,4.8
Hafar Al Batin - TVTC,28.33202,45.95708,7/1/2018 0:00,37,0.5,317,4,6.6,0.1,2.9,,2769.3,214.7,614.1,6397.1,542.9,1632.4,7640.7,551.4,823.4,24.5,0.2,12.5,3,956.4,4.8
Hafar Al Batin - TVTC,28.33202,45.95708,8/1/2018 0:00,36.3,0.5,315,4,5.4,0.1,2.9,,1881,152.8,575.2,7857,597.2,1357.9,7509.3,506,370.1,22.6,0.1,13.9,3,958.2,4.8
Hafar Al Batin - TVTC,28.33202,45.95708,9/1/2018 0:00,36.6,0.5,353,4,4,0.1,2.1,,2380.7,174.7,430,5730.7,446.1,1073.3,6395.5,409.5,379.4,18.4,0.1,13.1,3,963,4.8
Hafar Al Batin - TVTC,28.33202,45.95708,10/1/2018 0:00,28.5,0.5,159,3.7,4,0.1,1.8,,2070.6,152.8,424.4,5040.5,410.8,1518.6,5214.2,348.6,634,19.5,0.1,28,3,968.9,4.8
Hafar Al Batin - TVTC,28.33202,45.95708,11/1/2018 0:00,17.4,0.5,102,3.7,3.9,0.1,2,,1705.9,176,615.7,3019.9,409.9,2368.6,3269.8,302,1223.7,19.2,0.1,78.1,3,972.2,4.8
Hafar Al Batin - TVTC,28.33202,45.95708,12/1/2018 0:00,15,0.5,93,3.9,4.1,0.1,1.9,,1556.9,123.3,455.9,3977.4,376,1992.2,3483.6,241.6,590,16.3,0.1,66.6,3,973.8,4.8
Hafar Al Batin - TVTC,28.33202,45.95708,2/1/2019 0:00,14.4,0.5,43,4,4.3,0.1,2.2,,1811.9,185.5,729.7,4751.4,506.9,3116.9,4466.5,338.2,1284.1,16.5,0.1,49.9,3,972.1,4.9
Hafar Al Batin - TVTC,28.33202,45.95708,3/1/2019 0:00,18.1,0.5,184,4,5.7,0.1,3.2,,2266.7,203.3,976.7,5595.6,517,2914.3,5871.1,407.1,1100.7,26.6,0.2,34.5,3,968.5,4.9
Hafar Al Batin - TVTC,28.33202,45.95708,4/1/2019 0:00,23.8,0.5,337,4,4.9,0.1,2.7,,2708,576.9,861.6,5520.2,1331.1,2559.2,6712.2,1245.3,1095.3,23.2,0.1,30.9,3,966.9,4.9
Hafar Al Batin - TVTC,28.33202,45.95708,5/1/2019 0:00,32.8,0.5,13,4,4.4,0.1,2.2,,3250.1,849.9,751.2,4945.1,1435,1852,7069.7,1488.2,680.5,21.1,0.1,17.4,3,964.2,4.8
Hafar Al Batin - TVTC,28.33202,45.95708,6/1/2019 0:00,37.6,0.5,327,4,5.1,0.1,2.6,,2219,650.5,561.4,7868.3,1847.3,1209.9,8091.9,1617.2,220.3,22.4,0.1,11.3,3,960.2,4.8
Hafar Al Batin - TVTC,28.33202,45.95708,7/1/2019 0:00,37.1,0.5,312,4,5.7,0.1,2.9,,1892.6,215.6,602.4,8414.4,561.7,1281.3,8045.2,480.8,245.6,22.1,0.1,12.4,3,956.9,4.8
Hafar Al Batin - TVTC,28.33202,45.95708,8/1/2019 0:00,37.1,0.5,310,4,5.8,0.1,2.9,,2008.3,165.1,517.6,7588.7,509.3,1084.2,7512.5,469.5,301.2,23.7,0.1,12.1,3,958.2,4.8
Hafar Al Batin - TVTC,28.33202,45.95708,9/1/2019 0:00,35.7,0.5,13,4,3.8,0.1,1.9,,1896.7,160.6,444.8,6757.5,514.9,1166.7,6538,428,360.4,16.5,0.1,14.8,3,962.5,4.8
Hafar Al Batin - TVTC,28.33202,45.95708,10/1/2019 0:00,29.7,0.5,62,4,4,0.1,1.9,,2146.8,158.4,403.1,4383,383.8,1675.1,4904.8,338.8,755.4,40.5,0.1,32.7,3,967.1,4.8
Hafar Al Batin - TVTC,28.33202,45.95708,11/1/2019 0:00,19.4,0.5,74,4,3.7,0.1,1.9,,1668.2,148.5,529.2,4093,400.3,2159.7,3795.8,271.4,868,17.9,0.1,46.4,3,971.4,4.9
Hafar Al Batin - TVTC,28.33202,45.95708,12/1/2019 0:00,14.5,0.5,150,4,4.5,0.1,2.2,,1121.3,110.6,434.7,5525.4,489.7,2204.6,3700.1,248.9,706.2,17.1,0.1,52.2,3,972.1,4.9
Hafar Al Batin - TVTC,28.33202,45.95708,1/1/2020 0:00,12.1,0.5,272,4,4.8,0.1,2.9,,1183.7,403.1,531.4,6099.9,1593.8,1932.3,4174.6,935.7,436.9,20.3,0.1,45,3,972.7,4.9
Hafar Al Batin - TVTC,28.33202,45.95708,2/1/2020 0:00,15.4,0.5,179,4,5.4,0.1,2.8,,1817,625.8,851.7,5455,1760.1,2695,4878.4,1122.1,662.6,23.2,0.1,36.6,3,971.9,4.9
Hafar Al Batin - TVTC,28.33202,45.95708,3/1/2020 0:00,19.9,0.5,262,4,5.3,0.1,3,,2339.1,706.9,953.1,5400.9,1741.2,2504.9,5863.8,1312,818.1,22.6,0.1,33.9,3,967.6,4.9
Hafar Al Batin - TVTC,28.33202,45.95708,4/1/2020 0:00,25.9,0.5,48,4,4.9,0.1,2.5,,3014.2,868.6,913.9,5000.1,1722,2347.4,6630.8,1465.6,985,36,0.1,27.8,3,965.5,4.9
Hafar Al Batin - TVTC,28.33202,45.95708,5/1/2020 0:00,31.5,0.5,331,4,4.8,0.1,2.7,,3154.7,253.5,913.8,5501.1,513.7,2322.3,7335.8,462.4,990.3,28,0.1,16.4,3,964.7,4.8
Hafar Al Batin - TVTC,28.33202,45.95708,9/1/2020 0:00,35.5,0.5,330,4,4,0.1,2.3,,1854.5,518.7,404.2,7033.9,1580.7,945.6,6631.2,1385.8,325.9,21.9,0.1,12.4,3,962.4,4.8
Hafar Al Batin - TVTC,28.33202,45.95708,10/1/2020 0:00,27.2,0.5,308,4,3.1,0.1,1.9,,1214.4,296,203.6,7657.2,1601.6,600.2,5695.4,1174.1,311.7,17.6,0.1,16.8,3,968.7,4.9
Hafar Al Batin - TVTC,28.33202,45.95708,11/1/2020 0:00,20.3,0.5,102,4,4.4,0.1,2.1,,1696.9,496.6,631.2,4056.9,1551.1,2696.5,3830.6,964.8,985.1,23.2,0.1,47,3,970.9,4.9
Hafar Al Batin - TVTC,28.33202,45.95708,12/1/2020 0:00,13.5,0.5,49,4,3.1,0.1,2.1,,1335.2,378.8,497.4,3665.1,1399,2760.9,3067.8,789.4,1125.5,14.7,0.1,65.9,3,974.4,4.9
Hafar Al Batin - TVTC,28.33202,45.95708,1/1/2021 0:00,13.3,0.5,307,4,3.4,0.1,2.4,,1482.7,409.6,553.5,4943.7,1527.5,2189,3939,867.7,592.8,16.8,0.1,43.7,3,974.3,4.9
Hafar Al Batin - TVTC,28.33202,45.95708,2/1/2021 0:00,15.5,0.5,113,3.7,4.1,0.1,2.6,,1756.2,536.9,681.1,4525.7,1670.2,2705.7,4359.8,1109.1,1185.3,19.7,0.1,47.8,3,972.5,4.8
Hafar Al Batin - TVTC,28.33202,45.95708,3/1/2021 0:00,21.2,0.5,23,4,5,0.1,2.8,,2619,732.3,894.2,4537.6,1566.9,2112.4,5652.9,1213.8,688,23.5,0.1,26.9,3,968.6,4.9
Hafar Al Batin - TVTC,28.33202,45.95708,4/1/2021 0:00,27.8,0.5,342,3.7,4.7,0.1,2.6,,2763.5,615.7,903,5212.9,1517,2254,6570.6,1318,656.6,36.2,0.1,17.3,3,967.3,4.8
Hafar Al Batin - TVTC,28.33202,45.95708,5/1/2021 0:00,34,0.5,275,3.7,4.2,0.1,2.2,,2706.7,530.6,899.1,5982.7,1361.6,2332.9,7198.4,1349.3,964.9,27.5,0.1,12.9,3,962.4,4.8
Hafar Al Batin - TVTC,28.33202,45.95708,7/1/2021 0:00,39.4,0.5,327,4,4.5,0.1,2.6,,2191.7,531.8,591.1,7567.2,1765.2,1440.4,7820.6,1589.7,468,20.8,0.1,12.5,3,956,4.8
Hafar Al Batin - TVTC,28.33202,45.95708,8/1/2021 0:00,37.9,0.5,318,4,4,0.1,2.6,,2074.4,167.5,490.6,7244.1,544,1172.8,7351.9,451.5,333.6,20.5,0.1,13.2,3,958.8,4.8
Hafar Al Batin - TVTC,28.33202,45.95708,9/1/2021 0:00,33.6,0.5,342,3.7,4.1,0.1,2.5,,1649.2,463.5,449.3,7565.5,1783.6,1089.4,6662.7,1354.4,261.5,18.9,0.1,15.7,3,962.5,4.8
Hafar Al Batin - TVTC,28.33202,45.95708,10/1/2021 0:00,29.2,0.5,65,3.7,3.6,0.1,1.9,,1722.6,191.7,437.5,5921.6,434.8,1457.5,5328.4,358.3,553,14.4,0.1,20.3,3,968,4.8
Hafar Al Batin - TVTC,28.33202,45.95708,11/1/2021 0:00,20.6,0.5,317,4,3.8,0.1,2.1,,1460.7,139.1,511.2,5313.9,450.8,1867,4208.3,282.2,503.2,17.9,0.1,32.2,3,971,4.9
Hafar Al Batin - TVTC,28.33202,45.95708,12/1/2021 0:00,14.3,0.5,14,4,3.7,0.1,2.2,,1624.8,129.6,488.9,3357.8,446.5,2518.1,3209.2,250.1,910.7,16.8,0.1,48.7,3,973.2,4.9
Al Ahsa - KFU,25.34616,49.5956,1/1/2017 0:00,17,0.5,311,3.7,1.9,0,1.1,,1691.9,498,540.5,3758.5,1081.4,1775.5,3707.6,856,505.1,10.7,0,37.9,3,1000.6,5
Al Ahsa - KFU,25.34616,49.5956,2/1/2017 0:00,15.4,0.5,327,4,1.8,0,1.1,,2081.7,561.8,595.6,2698.7,1337.8,2286.7,3725,1068,1394,10.7,0.1,44.8,3,1001.4,5
Al Ahsa - KFU,25.34616,49.5956,3/1/2017 0:00,22.3,0.5,55,4,1.6,0,0.9,,2750.5,663.4,635.2,2633,1165.6,2003.6,4575.6,1181.8,1336.6,14.7,0,40.7,3,995.9,5
Al Ahsa - KFU,25.34616,49.5956,4/1/2017 0:00,30,0.5,14,4,2,0,1.1,,3259.5,769,558.6,3821.9,1288.3,1432.4,6136.1,1374.7,664.2,11.2,0.1,21.6,3,993.7,5
Al Ahsa - KFU,25.34616,49.5956,5/1/2017 0:00,35.9,0.5,,,,,,,3368.5,237.9,625.2,3835.6,347.1,1365.6,6429,390,591.5,,,22.7,3,989.3,5
Al Ahsa - KFU,25.34616,49.5956,6/1/2017 0:00,38.3,0.5,,,,,,,2647.2,775.1,830.2,5790.2,1567.2,1659.9,7095.7,1465.5,475.4,,,17.1,3,984,4.9
Al Ahsa - KFU,25.34616,49.5956,9/1/2017 0:00,35.7,0.5,102,4,1.2,0,0.7,,2166.1,92.5,328.4,6297.6,271.1,865.3,6667.4,265.5,357.8,7.2,0,29.6,3,988.3,4.9
Al Ahsa - KFU,25.34616,49.5956,10/1/2017 0:00,31.3,0.5,,,,,,,1810.4,145.9,342.2,5806.2,409.1,687.8,5578.1,368.8,297.4,,,41.2,3,993.4,5
Al Ahsa - KFU,25.34616,49.5956,11/1/2017 0:00,23.7,0.5,326,4,1.4,0,0.9,,1673,68.7,518.6,4803.4,187,2242.3,4347.2,138.1,915.9,10.1,0,37.8,3,998.8,5
Al Ahsa - KFU,25.34616,49.5956,12/1/2017 0:00,17.8,0.6,296,4.4,1.6,0,1.2,,1195.7,144.5,409.9,6085.2,517.5,1557,4260.2,336.6,345.3,10.9,0.1,31.2,3.3,1002.5,5.6
Al Ahsa - KFU,25.34616,49.5956,3/1/2018 0:00,26.5,0.5,,,,,,,2594.9,210.9,722.6,5065.8,427.1,1801.6,6156.6,413,615.7,,,29.7,3,995.3,5
Al Ahsa - KFU,25.34616,49.5956,4/1/2018 0:00,29,0.5,,,,,,,3382.3,261.2,781.5,3096.8,402,2044.1,5825.6,444.5,1276.7,,,34.3,3,992.1,5
Al Ahsa - KFU,25.34616,49.5956,5/1/2018 0:00,34.1,0.5,,,,,,,3589.6,264.9,889.6,4073.6,434.2,2160.1,6810.5,462.1,935.3,,,24.1,3,989.4,5
Al Ahsa - KFU,25.34616,49.5956,6/1/2018 0:00,39.4,0.5,,,,,,,3508.9,274.2,662,4942.5,424.6,1357.2,7462.1,474.7,412.9,,,16.2,3,983,4.9
Al Ahsa - KFU,25.34616,49.5956,7/1/2018 0:00,40.1,0.5,,,,,,,3397.9,274.9,761.5,4703.5,408.8,1836.5,7126.5,483.2,704.8,,,17.1,3,979.8,4.9
Al Ahsa - KFU,25.34616,49.5956,1/1/2019 0:00,19.1,0.5,,,,,,,2113.9,173.5,520,3295.8,377.7,1511.3,3938.4,271.2,397.7,,,43.5,3,1000.7,5
Al Ahsa - KFU,25.34616,49.5956,2/1/2019 0:00,18.9,0.5,,,,,,,1949.7,164.8,747.4,4073.7,518.7,2561.2,4460.8,350.1,971.1,,,49.8,3,999.1,4.9
Al Ahsa - KFU,25.34616,49.5956,3/1/2019 0:00,21.4,0.5,3,3,1.9,0,1.1,,2431.1,87.5,832.6,5091.9,337.4,2590.5,5956.1,203,1037.5,19.2,0.1,34.6,3,996.9,5
Al Ahsa - KFU,25.34616,49.5956,4/1/2019 0:00,27.1,0.5,,,,,,,3102.5,638.6,676.5,3401.7,1012.8,2159.5,5689.5,1175.2,1391.9,,,37.5,3,993.3,5
Al Ahsa - KFU,25.34616,49.5956,5/1/2019 0:00,34.3,0.5,240,4,1.7,0,1,,3126.1,851.9,713.6,3401.6,1253.1,1704.5,5879.3,1519.2,809.4,14.4,0,18.6,3,990.6,5
Al Ahsa - KFU,25.34616,49.5956,6/1/2019 0:00,39.8,0.5,,,,,,,2632.6,685,593.6,5981.6,1542.9,1138.2,7298.6,1481.2,255.4,,,17.3,3,984.1,4.9
Al Ahsa - KFU,25.34616,49.5956,7/1/2019 0:00,38.8,0.5,336,4,2,0,1.1,,2768.7,117.7,649.6,5921.1,211.3,1340.5,7450.6,225.6,516.5,11.2,0.1,14.9,3,981.1,4.9
Al Ahsa - KFU,25.34616,49.5956,8/1/2019 0:00,38.7,0.5,317,4,1.9,0,1.2,,2596.3,98.2,712.6,6001.1,203,1422,7203.9,218.7,397.9,13.3,0.1,17,3,982.8,4.9
Al Ahsa - KFU,25.34616,49.5956,9/1/2019 0:00,36.6,0.5,,,,,,,1940.3,144.1,302.9,5956.5,467.8,910.6,6280.8,416.7,536.8,,,29.9,3,986.8,5
Al Ahsa - KFU,25.34616,49.5956,10/1/2019 0:00,32.5,0.5,,,,,,,1832.2,130.4,308.8,5212.3,339.2,631.7,5272.4,336.7,294.9,,,42.1,3,992.8,4.9
Al Ahsa - KFU,25.34616,49.5956,11/1/2019 0:00,23.3,0.5,319,3.7,1.4,0,0.9,,1743.9,62.5,430.3,4166.4,176.8,1968.6,4107.6,133.7,920.1,10.9,0,43.8,3,999,5
Al Ahsa - KFU,25.34616,49.5956,12/1/2019 0:00,19.1,0.5,,,,,,,1320.2,107.7,370.6,4325.5,371.8,2340.2,3559.2,244.3,935.4,,,58.7,3,999.7,5
Al Ahsa - KFU,25.34616,49.5956,1/1/2020 0:00,16.3,0.5,,,,,,,1366.1,435.1,477.7,4799.8,1373.2,2336.3,3973,949.5,1100.4,,,51.9,3,1000.4,5
Al Ahsa - KFU,25.34616,49.5956,2/1/2020 0:00,19.1,0.5,177,4,1.4,0,1.2,,1896,575.3,737.5,4985.1,1587.5,2253.8,4940.6,1113,703.5,13.3,0.1,32.7,3,1000.7,5
Al Ahsa - KFU,25.34616,49.5956,3/1/2020 0:00,23.5,0.5,,,,,,,2797,798.5,1003.5,4266.6,1576.1,2376.2,5794.1,1288.3,936.3,,,39.6,3,994.7,5
Al Ahsa - KFU,25.34616,49.5956,4/1/2020 0:00,28.2,0.6,137,4.4,1.2,0,1.4,,,,,,,,,,,18.1,0.1,30.3,3.3,993.2,5.5
Al Ahsa - KFU,25.34616,49.5956,5/1/2020 0:00,34.3,0.5,,,,,,,2991.5,248.4,849.6,5390.2,432,1910.1,7194.4,446.2,645.7,,,23.2,3,989.8,5
Al Ahsa - KFU,25.34616,49.5956,9/1/2020 0:00,36.1,0.5,93,4.1,1.2,0,0.9,,1902.2,584.5,435.2,6615.8,1643.4,873.2,6638.8,1479.5,279.2,10.9,0,21.4,3,987.9,5.1
Al Ahsa - KFU,25.34616,49.5956,10/1/2020 0:00,29.7,0.5,,,,,,,1372.2,347.9,245.7,6400.8,1432.8,703.9,5501.7,1137.3,338.4,,,42.9,3,994,5
Al Ahsa - KFU,25.34616,49.5956,11/1/2020 0:00,24.4,0.5,293,0,0,0,0,,1402.9,292.7,347.6,5489.3,929.1,1887.3,4461.1,636.6,778.6,0.8,0,41.6,3,999.1,5
Al Ahsa - KFU,25.34616,49.5956,12/1/2020 0:00,19,0.5,,,,,,,1408.1,419.6,424,4654.7,1286.4,1656.7,3848.5,830.1,454.4,,,54.6,3,1001.2,5
Al Ahsa - KFU,25.34616,49.5956,1/1/2021 0:00,17.9,0.5,,,,,,,1611.5,457.4,517.8,4802.2,1445.9,1602.5,4253.5,919.9,446.7,,,44.7,3,1001.4,5
Al Ahsa - KFU,25.34616,49.5956,2/1/2021 0:00,19.7,0.5,,,,,,,1758.4,569.9,605,4909.5,1551.4,2278.8,4782.4,1165.4,917,,,45.6,3,999.4,5
Al Ahsa - KFU,25.34616,49.5956,3/1/2021 0:00,25.3,0.5,,,,,,,3062.8,771.9,672.8,3814.1,1182,1583.8,5820.6,1291.5,733.5,,,29.9,3,995.2,5
Al Ahsa - KFU,25.34616,49.5956,4/1/2021 0:00,30.1,0.5,0,0,0,0,0,,2924.7,776,642.8,5225.1,1423.2,1577,6957.6,1477.5,598,0,0,16.5,3,993.1,4.9
Al Ahsa - KFU,25.34616,49.5956,5/1/2021 0:00,36.3,0.5,,,,,,,2695.9,717.6,640.8,6187.4,1510,1318.6,7523.9,1546.2,405.7,,,19.3,3,987.7,4.9
Al Ahsa - KFU,25.34616,49.5956,7/1/2021 0:00,39.7,0.5,0,0,0,0,0,,2690.6,667.8,530.4,5825.2,1291.3,1327,7299.4,1459.4,598.2,0,0,21.2,3,980.3,4.9
Al Ahsa - KFU,25.34616,49.5956,8/1/2021 0:00,39.6,0.5,,,,,,,2331.4,163,350.5,6107.7,418.3,796.9,7021.1,439.8,272.4,,,26.1,3,983,4.9
Al Ahsa - KFU,25.34616,49.5956,9/1/2021 0:00,35.7,0.5,,,,,,,2036.3,535.3,399.8,5891.9,1320.2,757,6361.6,1318,293.8,,,28.4,3,986.3,4.9
Al Ahsa - KFU,25.34616,49.5956,10/1/2021 0:00,31.2,0.5,67,0,0,0,0.2,,1680.5,99,327.3,6010.6,368.4,1076.5,5573,262.5,469.4,6.1,0,31.4,3,993.7,5
Al Ahsa - KFU,25.34616,49.5956,11/1/2021 0:00,25.1,0.5,,,,,,,1461.8,122.3,322.4,5092.2,369.4,1031,4390.7,296.8,348.3,,,42.6,3,997.3,5
Al Ahsa - KFU,25.34616,49.5956,12/1/2021 0:00,19.3,0.5,,,,,,,1540.5,128.1,474.2,4260.7,410.4,1847.7,3805,260.7,557.5,,,47.5,3,1000.5,5
Abha - TVTC,18.2227,42.546,1/1/2017 0:00,14.3,0.5,1016.6,269.7,302.6,7075.4,1441.7,1063.7,5111.2,1131.5,218.5,58.7,3,789,4,,,,,,,,
Abha - TVTC,18.2227,42.546,2/1/2017 0:00,13.6,0.5,1723.8,579.7,852.2,3633.6,1748.5,2532.3,4087.9,1313.5,1666.1,73.1,3,787.7,3.9,,,,,,,,
Abha - TVTC,18.2227,42.546,3/1/2017 0:00,16.5,0.5,2015.2,602.6,833.9,5422.2,1607.8,2908.8,5744.1,1400.3,1471.1,60,3,787.2,3.9,,,,,,,,
Abha - TVTC,18.2227,42.546,4/1/2017 0:00,19.5,0.5,,,,6293.1,1691.1,2125.8,,,,46.3,3,788.5,4,,,,,,,,
Abha - TVTC,18.2227,42.546,5/1/2017 0:00,20.9,0.5,2451.5,186.9,571,5004.4,391.3,1562.3,6345.9,434.2,1021.9,53.5,3,788.1,3.9,,,,,,,,
Abha - TVTC,18.2227,42.546,6/1/2017 0:00,24,0.5,2900.9,253.2,800.4,5423.1,548.6,2057.9,7080.7,498.3,802.1,35,3,786.4,3.9,,,,,,,,
Abha - TVTC,18.2227,42.546,9/1/2017 0:00,21.9,0.5,2145.9,171.4,476.2,6415.2,511.3,1411.9,6819.1,441.9,652.1,35.1,3,787.1,3.9,,,,,,,,
Abha - TVTC,18.2227,42.546,10/1/2017 0:00,19.1,0.5,1248.2,104.3,250.4,8360.4,571.4,831.3,6770.3,431.4,348.1,39.6,3,788.4,3.9,,,,,,,,
Abha - TVTC,18.2227,42.546,11/1/2017 0:00,15.6,0.5,1156.3,108.5,326.3,7725.8,561.7,1374.4,5790.6,383.7,530.5,60.1,3,788.3,3.9,,,,,,,,
Abha - TVTC,18.2227,42.546,3/1/2018 0:00,16.5,0.5,1429.2,114.8,432.9,7351.4,271.9,1940.2,6885.5,263.7,957.8,42.4,2.8,787.7,3.9,,,,,,,,
Abha - TVTC,18.2227,42.546,4/1/2018 0:00,17,0.5,2512,389.4,669.7,3527,211.9,1995.4,5335.8,489.7,1311.4,56.5,3,787.1,3.9,,,,,,,,
Abha - TVTC,18.2227,42.546,5/1/2018 0:00,21.4,0.5,2352.8,174.5,490.6,5827.4,485.8,1381.3,6832.7,459.8,869.1,44,3,787,3.9,,,,,,,,
Abha - TVTC,18.2227,42.546,6/1/2018 0:00,23.6,0.5,,,,136.4,35.9,30.7,5280,924.5,634.9,28.4,3,786.2,3.9,,,,,,,,
Abha - TVTC,18.2227,42.546,7/1/2018 0:00,22.6,0.5,,,,136.5,32.7,40.5,4867.2,832,816.6,38.7,3,785.6,3.9,,,,,,,,
Abha - TVTC,18.2227,42.546,8/1/2018 0:00,21.6,0.5,,,,1451,129.5,1276.7,4578.8,706.8,770,49.3,3,785.7,3.9,,,,,,,,
Abha - TVTC,18.2227,42.546,9/1/2018 0:00,22.3,0.5,2181.7,160.9,409.9,6057,464.1,1232.7,6598.5,425.7,545,37.5,3,787.3,3.9,,,,,,,,
Abha - TVTC,18.2227,42.546,10/1/2018 0:00,17.8,0.5,1760.5,87.4,655.5,5515.6,234.6,2341.3,5700.9,205.1,1181.9,45.3,3,788.9,3.9,,,,,,,,
Abha - TVTC,18.2227,42.546,11/1/2018 0:00,15.8,0.5,1385.1,144.8,550.5,6340.4,492.6,1965.6,5209.2,341.9,713.2,64.7,3,788.6,3.9,,,,,,,,
Abha - TVTC,18.2227,42.546,12/1/2018 0:00,14.6,0.5,1171.5,103.5,345.5,6859.7,481.3,1357.4,5076.2,318.6,378.5,65.9,3,788.8,3.9,,,,,,,,
Abha - TVTC,18.2227,42.546,1/1/2019 0:00,14.9,0.5,1116.7,44.8,490.8,7997.3,356,1716.9,5818.2,210.9,444.8,45.3,3,789.3,3.9,,,,,,,,
Abha - TVTC,18.2227,42.546,2/1/2019 0:00,14.8,0.5,1677.1,70.2,604.9,5825.4,256.7,2761.6,5562.1,193.6,1269.2,57.8,3,788.2,3.9,,,,,,,,
Abha - TVTC,18.2227,42.546,3/1/2019 0:00,15.7,0.5,1934.2,78.5,663.3,6573.2,252.9,2881.8,6572.9,208.2,1491.5,55.4,3,787.5,3.9,,,,,,,,
Abha - TVTC,18.2227,42.546,4/1/2019 0:00,18.7,0.5,2147.8,228.5,699.8,6164.4,483.6,2201.9,6706.2,435.9,1134.2,61.6,3,787.4,3.9,,,,,,,,
Abha - TVTC,18.2227,42.546,5/1/2019 0:00,19.4,0.5,2409.9,818.8,741.4,4186.3,1422.2,1891.1,5636.4,1486.9,1195,43.5,3,788.1,3.9,,,,,,,,
Abha - TVTC,18.2227,42.546,6/1/2019 0:00,23.5,0.5,2605.2,192.7,454,4652.7,354.4,1230.4,6225.9,424.9,883.5,38.2,3,786.3,3.9,,,,,,,,
Abha - TVTC,18.2227,42.546,7/1/2019 0:00,23.4,0.5,3007,322.3,601.3,3660.1,331.4,1666.6,5907.4,497.8,1073.7,32.7,3,785.1,3.9,,,,,,,,
Abha - TVTC,18.2227,42.546,8/1/2019 0:00,21.3,0.5,2808,119,546.5,4262.2,201.8,1757.2,6146.7,248.5,956.8,45.8,3,786.2,3.9,,,,,,,,
Abha - TVTC,18.2227,42.546,9/1/2019 0:00,22.5,0.5,2240.7,191.6,564.6,5485.5,454.4,1665.7,6266.4,407.3,727.1,38.8,3,786.5,3.9,,,,,,,,
Abha - TVTC,18.2227,42.546,10/1/2019 0:00,18.7,0.5,1759.8,160.3,585.2,5962.5,490.4,1760.4,5709.3,397.3,681.9,51.6,3.1,788,4.1,,,,,,,,
Abha - TVTC,18.2227,42.546,11/1/2019 0:00,15.5,0.5,1524.5,119.6,402.9,5791.5,373,2526.4,5050.6,341.6,1288.4,58.4,3,788,3.9,,,,,,,,
Abha - TVTC,18.2227,42.546,12/1/2019 0:00,14,0.5,1356.7,118,405.2,5951.9,447,1860.4,4771,312,664.2,73.1,3,787.7,3.9,,,,,,,,
Abha - TVTC,18.2227,42.546,1/1/2020 0:00,12.5,0.5,1263.9,134.7,610.2,6037.5,527.6,3247.9,4750.1,347.7,1431.7,69.1,3,787.9,3.9,,,,,,,,
Abha - TVTC,18.2227,42.546,2/1/2020 0:00,15.2,0.5,1691,154.6,602.5,6078.1,525.6,2361.8,5627.8,387.8,1259.8,62.4,3,788.3,3.9,,,,,,,,
Abha - TVTC,18.2227,42.546,3/1/2020 0:00,16.3,0.5,2048.5,190.2,694.9,5975.5,490.1,2599.5,6294.4,433.2,1445.7,63.6,3,786.6,3.9,,,,,,,,
Abha - TVTC,18.2227,42.546,4/1/2020 0:00,18.7,0.5,1910.2,166.4,607.7,6845.4,530.1,2269.4,6954.9,445.9,1290.7,62.4,3,787.3,3.9,,,,,,,,
Abha - TVTC,18.2227,42.546,5/1/2020 0:00,21,0.5,2278.9,173.4,547.3,5216.7,414.8,1874.1,6304,433.4,1068.4,51.6,3,788,3.9,,,,,,,,
Abha - TVTC,18.2227,42.546,9/1/2020 0:00,21.5,0.5,1797.9,550,552.1,6804.4,1790.7,1845.7,6744.3,1532.2,879.4,14.2,2.9,786.7,3.9,,,,,,,,
Abha - TVTC,18.2227,42.546,10/1/2020 0:00,18.4,0.5,1118.5,84.5,286.3,8240.9,534.7,1095.4,6500,399.5,501,31,3,788,3.9,,,,,,,,
Abha - TVTC,18.2227,42.546,11/1/2020 0:00,16.1,0.5,1234.6,193.9,544,,,,5383.9,4375.3,987.6,35.6,3,788.7,3.9,,,,,,,,
Abha - TVTC,18.2227,42.546,12/1/2020 0:00,14.3,0.5,1006.5,93.2,337.6,7426.1,509.9,1454.5,5140.5,318,510.2,66.8,3,788,3.9,,,,,,,,
Abha - TVTC,18.2227,42.546,1/1/2021 0:00,13.3,0.5,1150.7,121,452.4,7214.8,529,2221.3,5275,349.9,955.7,62.1,3,787.5,3.9,,,,,,,,
Abha - TVTC,18.2227,42.546,2/1/2021 0:00,14.2,0.5,1506,147.4,601.1,6171.6,502.2,2651.9,5486.7,378.4,1270.5,62.5,3,787.2,3.9,,,,,,,,
Abha - TVTC,18.2227,42.546,3/1/2021 0:00,17.9,0.5,1630.9,171,575.4,7741.3,518.9,1142.3,7087.4,428.4,341.7,51.1,3,787.3,3.9,,,,,,,,
Abha - TVTC,18.2227,42.546,4/1/2021 0:00,18.1,0.5,2198.2,285,609,5601.7,1755.7,2408.8,6403,1597.8,1346.4,22.1,3,787.9,4,,,,,,,,
Abha - TVTC,18.2227,42.546,5/1/2021 0:00,21.7,0.5,2545.6,195.1,586.1,5141.1,461.3,2240.2,6428.9,446.5,1123.7,42,3,787,3.9,,,,,,,,
Abha - TVTC,18.2227,42.546,7/1/2021 0:00,21.6,0.5,2950.6,652.1,426.2,3389.5,1034,1592.1,5610.6,1258.1,1141.2,25.9,3,784.4,3.9,,,,,,,,
Abha - TVTC,18.2227,42.546,8/1/2021 0:00,23,0.5,2774.9,201.6,535.6,4063.1,385.8,1376.8,5888.3,424.3,866,46.7,3,785.3,3.9,,,,,,,,
Abha - TVTC,18.2227,42.546,9/1/2021 0:00,21.9,0.5,2501,220.3,667.7,4728.9,430.7,1859.9,5963.5,422.9,847,39.3,3,786,3.9,,,,,,,,
Abha - TVTC,18.2227,42.546,10/1/2021 0:00,19.6,0.5,1480.6,132.9,534,6942.9,531.3,1925.4,6096.8,396.8,682.6,36.5,3,788.2,3.9,,,,,,,,
Abha - TVTC,18.2227,42.546,11/1/2021 0:00,16.2,0.5,1103.8,100.7,353.9,7502.6,518.5,1189.2,5576.6,367.3,384.3,52.3,3,788.1,3.9,,,,,,,,
Abha - TVTC,18.2227,42.546,12/1/2021 0:00,14.3,0.5,934.3,99.5,404.6,7762,574.9,2103,5192,332.1,746.3,51,3,788.2,3.9,,,,,,,,
Abha - TVTC,18.2227,42.546,1/1/2017 0:00,14.3,0.5,1016.6,269.7,302.6,7075.4,1441.7,1063.7,5111.2,1131.5,218.5,58.7,3,789,4,,,,,,,,
Abha - TVTC,18.2227,42.546,2/1/2017 0:00,13.6,0.5,1723.8,579.7,852.2,3633.6,1748.5,2532.3,4087.9,1313.5,1666.1,73.1,3,787.7,3.9,,,,,,,,
Abha - TVTC,18.2227,42.546,3/1/2017 0:00,16.5,0.5,2015.2,602.6,833.9,5422.2,1607.8,2908.8,5744.1,1400.3,1471.1,60,3,787.2,3.9,,,,,,,,
Abha - TVTC,18.2227,42.546,4/1/2017 0:00,19.5,0.5,,,,6293.1,1691.1,2125.8,,,,46.3,3,788.5,4,,,,,,,,
Abha - TVTC,18.2227,42.546,5/1/2017 0:00,20.9,0.5,2451.5,186.9,571,5004.4,391.3,1562.3,6345.9,434.2,1021.9,53.5,3,788.1,3.9,,,,,,,,
Abha - TVTC,18.2227,42.546,6/1/2017 0:00,24,0.5,2900.9,253.2,800.4,5423.1,548.6,2057.9,7080.7,498.3,802.1,35,3,786.4,3.9,,,,,,,,
Abha - TVTC,18.2227,42.546,9/1/2017 0:00,21.9,0.5,2145.9,171.4,476.2,6415.2,511.3,1411.9,6819.1,441.9,652.1,35.1,3,787.1,3.9,,,,,,,,
Abha - TVTC,18.2227,42.546,10/1/2017 0:00,19.1,0.5,1248.2,104.3,250.4,8360.4,571.4,831.3,6770.3,431.4,348.1,39.6,3,788.4,3.9,,,,,,,,
Abha - TVTC,18.2227,42.546,11/1/2017 0:00,15.6,0.5,1156.3,108.5,326.3,7725.8,561.7,1374.4,5790.6,383.7,530.5,60.1,3,788.3,3.9,,,,,,,,
Abha - TVTC,18.2227,42.546,3/1/2018 0:00,16.5,0.5,1429.2,114.8,432.9,7351.4,271.9,1940.2,6885.5,263.7,957.8,42.4,2.8,787.7,3.9,,,,,,,,
Abha - TVTC,18.2227,42.546,4/1/2018 0:00,17,0.5,2512,389.4,669.7,3527,211.9,1995.4,5335.8,489.7,1311.4,56.5,3,787.1,3.9,,,,,,,,
Abha - TVTC,18.2227,42.546,5/1/2018 0:00,21.4,0.5,2352.8,174.5,490.6,5827.4,485.8,1381.3,6832.7,459.8,869.1,44,3,787,3.9,,,,,,,,
Abha - TVTC,18.2227,42.546,6/1/2018 0:00,23.6,0.5,,,,136.4,35.9,30.7,5280,924.5,634.9,28.4,3,786.2,3.9,,,,,,,,
Abha - TVTC,18.2227,42.546,7/1/2018 0:00,22.6,0.5,,,,136.5,32.7,40.5,4867.2,832,816.6,38.7,3,785.6,3.9,,,,,,,,
Abha - TVTC,18.2227,42.546,8/1/2018 0:00,21.6,0.5,,,,1451,129.5,1276.7,4578.8,706.8,770,49.3,3,785.7,3.9,,,,,,,,
Abha - TVTC,18.2227,42.546,9/1/2018 0:00,22.3,0.5,2181.7,160.9,409.9,6057,464.1,1232.7,6598.5,425.7,545,37.5,3,787.3,3.9,,,,,,,,
Abha - TVTC,18.2227,42.546,10/1/2018 0:00,17.8,0.5,1760.5,87.4,655.5,5515.6,234.6,2341.3,5700.9,205.1,1181.9,45.3,3,788.9,3.9,,,,,,,,
Abha - TVTC,18.2227,42.546,11/1/2018 0:00,15.8,0.5,1385.1,144.8,550.5,6340.4,492.6,1965.6,5209.2,341.9,713.2,64.7,3,788.6,3.9,,,,,,,,
Abha - TVTC,18.2227,42.546,12/1/2018 0:00,14.6,0.5,1171.5,103.5,345.5,6859.7,481.3,1357.4,5076.2,318.6,378.5,65.9,3,788.8,3.9,,,,,,,,
Abha - TVTC,18.2227,42.546,1/1/2019 0:00,14.9,0.5,1116.7,44.8,490.8,7997.3,356,1716.9,5818.2,210.9,444.8,45.3,3,789.3,3.9,,,,,,,,
Abha - TVTC,18.2227,42.546,2/1/2019 0:00,14.8,0.5,1677.1,70.2,604.9,5825.4,256.7,2761.6,5562.1,193.6,1269.2,57.8,3,788.2,3.9,,,,,,,,
Abha - TVTC,18.2227,42.546,3/1/2019 0:00,15.7,0.5,1934.2,78.5,663.3,6573.2,252.9,2881.8,6572.9,208.2,1491.5,55.4,3,787.5,3.9,,,,,,,,
Abha - TVTC,18.2227,42.546,4/1/2019 0:00,18.7,0.5,2147.8,228.5,699.8,6164.4,483.6,2201.9,6706.2,435.9,1134.2,61.6,3,787.4,3.9,,,,,,,,
Abha - TVTC,18.2227,42.546,5/1/2019 0:00,19.4,0.5,2409.9,818.8,741.4,4186.3,1422.2,1891.1,5636.4,1486.9,1195,43.5,3,788.1,3.9,,,,,,,,
Abha - TVTC,18.2227,42.546,6/1/2019 0:00,23.5,0.5,2605.2,192.7,454,4652.7,354.4,1230.4,6225.9,424.9,883.5,38.2,3,786.3,3.9,,,,,,,,
Abha - TVTC,18.2227,42.546,7/1/2019 0:00,23.4,0.5,3007,322.3,601.3,3660.1,331.4,1666.6,5907.4,497.8,1073.7,32.7,3,785.1,3.9,,,,,,,,
Abha - TVTC,18.2227,42.546,8/1/2019 0:00,21.3,0.5,2808,119,546.5,4262.2,201.8,1757.2,6146.7,248.5,956.8,45.8,3,786.2,3.9,,,,,,,,
Abha - TVTC,18.2227,42.546,9/1/2019 0:00,22.5,0.5,2240.7,191.6,564.6,5485.5,454.4,1665.7,6266.4,407.3,727.1,38.8,3,786.5,3.9,,,,,,,,
Abha - TVTC,18.2227,42.546,10/1/2019 0:00,18.7,0.5,1759.8,160.3,585.2,5962.5,490.4,1760.4,5709.3,397.3,681.9,51.6,3.1,788,4.1,,,,,,,,
Abha - TVTC,18.2227,42.546,11/1/2019 0:00,15.5,0.5,1524.5,119.6,402.9,5791.5,373,2526.4,5050.6,341.6,1288.4,58.4,3,788,3.9,,,,,,,,
Abha - TVTC,18.2227,42.546,12/1/2019 0:00,14,0.5,1356.7,118,405.2,5951.9,447,1860.4,4771,312,664.2,73.1,3,787.7,3.9,,,,,,,,
Abha - TVTC,18.2227,42.546,1/1/2020 0:00,12.5,0.5,1263.9,134.7,610.2,6037.5,527.6,3247.9,4750.1,347.7,1431.7,69.1,3,787.9,3.9,,,,,,,,
Abha - TVTC,18.2227,42.546,2/1/2020 0:00,15.2,0.5,1691,154.6,602.5,6078.1,525.6,2361.8,5627.8,387.8,1259.8,62.4,3,788.3,3.9,,,,,,,,
Abha - TVTC,18.2227,42.546,3/1/2020 0:00,16.3,0.5,2048.5,190.2,694.9,5975.5,490.1,2599.5,6294.4,433.2,1445.7,63.6,3,786.6,3.9,,,,,,,,
Abha - TVTC,18.2227,42.546,4/1/2020 0:00,18.7,0.5,1910.2,166.4,607.7,6845.4,530.1,2269.4,6954.9,445.9,1290.7,62.4,3,787.3,3.9,,,,,,,,
Abha - TVTC,18.2227,42.546,5/1/2020 0:00,21,0.5,2278.9,173.4,547.3,5216.7,414.8,1874.1,6304,433.4,1068.4,51.6,3,788,3.9,,,,,,,,
Abha - TVTC,18.2227,42.546,9/1/2020 0:00,21.5,0.5,1797.9,550,552.1,6804.4,1790.7,1845.7,6744.3,1532.2,879.4,14.2,2.9,786.7,3.9,,,,,,,,
Abha - TVTC,18.2227,42.546,10/1/2020 0:00,18.4,0.5,1118.5,84.5,286.3,8240.9,534.7,1095.4,6500,399.5,501,31,3,788,3.9,,,,,,,,
Abha - TVTC,18.2227,42.546,11/1/2020 0:00,16.1,0.5,1234.6,193.9,544,,,,5383.9,4375.3,987.6,35.6,3,788.7,3.9,,,,,,,,
Abha - TVTC,18.2227,42.546,12/1/2020 0:00,14.3,0.5,1006.5,93.2,337.6,7426.1,509.9,1454.5,5140.5,318,510.2,66.8,3,788,3.9,,,,,,,,
Abha - TVTC,18.2227,42.546,1/1/2021 0:00,13.3,0.5,1150.7,121,452.4,7214.8,529,2221.3,5275,349.9,955.7,62.1,3,787.5,3.9,,,,,,,,
Abha - TVTC,18.2227,42.546,2/1/2021 0:00,14.2,0.5,1506,147.4,601.1,6171.6,502.2,2651.9,5486.7,378.4,1270.5,62.5,3,787.2,3.9,,,,,,,,
Abha - TVTC,18.2227,42.546,3/1/2021 0:00,17.9,0.5,1630.9,171,575.4,7741.3,518.9,1142.3,7087.4,428.4,341.7,51.1,3,787.3,3.9,,,,,,,,
Abha - TVTC,18.2227,42.546,4/1/2021 0:00,18.1,0.5,2198.2,285,609,5601.7,1755.7,2408.8,6403,1597.8,1346.4,22.1,3,787.9,4,,,,,,,,
Abha - TVTC,18.2227,42.546,5/1/2021 0:00,21.7,0.5,2545.6,195.1,586.1,5141.1,461.3,2240.2,6428.9,446.5,1123.7,42,3,787,3.9,,,,,,,,
Abha - TVTC,18.2227,42.546,7/1/2021 0:00,21.6,0.5,2950.6,652.1,426.2,3389.5,1034,1592.1,5610.6,1258.1,1141.2,25.9,3,784.4,3.9,,,,,,,,
Abha - TVTC,18.2227,42.546,8/1/2021 0:00,23,0.5,2774.9,201.6,535.6,4063.1,385.8,1376.8,5888.3,424.3,866,46.7,3,785.3,3.9,,,,,,,,
Abha - TVTC,18.2227,42.546,9/1/2021 0:00,21.9,0.5,2501,220.3,667.7,4728.9,430.7,1859.9,5963.5,422.9,847,39.3,3,786,3.9,,,,,,,,
Abha - TVTC,18.2227,42.546,10/1/2021 0:00,19.6,0.5,1480.6,132.9,534,6942.9,531.3,1925.4,6096.8,396.8,682.6,36.5,3,788.2,3.9,,,,,,,,
Abha - TVTC,18.2227,42.546,11/1/2021 0:00,16.2,0.5,1103.8,100.7,353.9,7502.6,518.5,1189.2,5576.6,367.3,384.3,52.3,3,788.1,3.9,,,,,,,,
Abha - TVTC,18.2227,42.546,12/1/2021 0:00,14.3,0.5,934.3,99.5,404.6,7762,574.9,2103,5192,332.1,746.3,51,3,788.2,3.9,,,,,,,,
Taif - University,21.43278,40.49173,1/1/2017 0:00,18.1,0.5,205,4,2.5,0.1,1.7,,1127.7,270.7,266,6756,1328.6,859.6,4868.6,976.1,135.5,14.7,0.1,43.8,3,851,4.3
Taif - University,21.43278,40.49173,1/2/2017 0:00,15.9,0.5,195,4,3.1,0.1,1.9,,1958.9,588.2,580.7,4114.3,1709,1837.2,4544.6,1314.4,653.6,14.9,0.1,47.1,3,849.8,4.3
Taif - University,21.43278,40.49173,1/3/2017 0:00,20.8,0.5,,,,,,,2292.5,683.5,785,5326.5,1555.9,2222.8,6001.7,1353.3,926,,,46.9,3,847.4,4.2
Taif - University,21.43278,40.49173,1/4/2017 0:00,25.3,0.5,,,,,,,2646.1,765.7,691.7,5138.3,1477.4,1838,6517.8,1415.2,881.2,,,34.3,3,849.1,4.3
Taif - University,21.43278,40.49173,1/5/2017 0:00,26,0.5,242,4,2.6,0.1,1.5,,2870,668.1,547.1,4672.9,1232.2,1351.5,6424.3,1423.1,1155.7,16.8,0.1,33.7,3,849.6,4.3
Taif - University,21.43278,40.49173,1/6/2017 0:00,,,,,,,,,,,,,,,,,,,,,,,
Taif - University,21.43278,40.49173,1/9/2017 0:00,28,0.5,323,4,2.5,0.1,1.6,,2412.9,114.3,518.8,5620.2,226.2,1523.3,6560.7,272.8,669.7,20.2,0.1,18.9,3,848.8,4.2
Taif - University,21.43278,40.49173,1/10/2017 0:00,25,0.5,,,,,,,1354.4,107.5,306.3,7778,534.4,1175.5,6361.2,409.7,542.3,,,33.3,3,850,4.3
Taif - University,21.43278,40.49173,1/11/2017 0:00,20,0.5,194,4,2.3,0,1.3,,1409.4,89.3,406.6,6571.4,332.4,1853,5215.9,250.1,772.4,11.2,0.1,42.1,3,850.6,4.3
Taif - University,21.43278,40.49173,1/3/2018 0:00,21.5,0.5,203,4,2.7,0.1,1.6,,1815.4,63.1,535.5,7489.4,282.9,1593.1,6963.9,232.6,680.1,14.9,0.1,29.7,3,849.6,4.3
Taif - University,21.43278,40.49173,1/4/2018 0:00,21.9,0.5,210,4,3.1,0.1,2,,2318.9,94.5,515.5,6303.2,289.4,1942.6,6959.2,310.1,1183.7,16.8,0.1,38,3,848.1,4.2
Taif - University,21.43278,40.49173,1/5/2018 0:00,26.6,0.5,241,4,2.8,0.1,1.8,,2718.2,118.6,543.1,6136.2,256.3,1685.8,7434.2,286.8,879.8,20.5,0.1,22.9,3,848.5,4.2
Taif - University,21.43278,40.49173,1/6/2018 0:00,29.5,0.5,277,4,3.2,0.1,1.7,,2904.7,156,734.5,5915.2,321.7,2005.1,7557.7,420.5,767,20.5,0.1,15.5,2.9,847.2,4.2
Taif - University,21.43278,40.49173,1/7/2018 0:00,28.3,0.5,275,4,4.2,0.1,1.8,,2744.1,109.3,798,6186.4,263.8,2019.9,7580.5,253.2,705.9,18.1,0.1,18.7,3,846.8,4.2
Taif - University,21.43278,40.49173,1/8/2018 0:00,28.5,0.5,278,4,4.2,0.1,1.8,,2426,108.2,719.4,6352,237.8,2007.5,7265.2,243.8,833.8,21,0.1,19.5,3,846.9,4.2
Taif - University,21.43278,40.49173,1/9/2018 0:00,,,,,,,,,,,,,,,,,,,,,,,
Taif - University,21.43278,40.49173,1/11/2018 0:00,18.3,0.5,176,4,2.3,0.1,1.6,,1618.7,143.3,390,4984.8,482.1,2054.9,4463.3,407.6,1107.1,14.9,0.1,60.2,3,850.6,4.3
Taif - University,21.43278,40.49173,1/12/2018 0:00,17.5,0.5,177,4,2.2,0.1,1.5,,1426.5,199.1,430.2,5956.6,681.1,1729.1,4686.2,565.2,483.7,13.1,0.1,54.9,3,851.2,4.3
Taif - University,21.43278,40.49173,1/1/2019 0:00,18.2,0.5,179,4,2.7,0.1,1.8,,1390.7,56.3,459.3,6733.5,222.6,1522.3,5163.2,160.5,349.1,15.5,0.1,43.7,3,851.1,4.3
Taif - University,21.43278,40.49173,1/2/2019 0:00,17.7,0.5,185,4,3.3,0.1,2,,1904.4,92.4,755.2,6095.4,265.1,2372.4,5702.3,190.9,780.8,16.5,0.1,43.6,3,849.8,4.3
Taif - University,21.43278,40.49173,1/3/2019 0:00,18.7,0.5,216,4,3.7,0.1,2.2,,1888.6,101.3,691.3,7502.6,349.6,1972,7014.5,269.8,569.1,19.5,0.1,30.7,3,849,4.3
Taif - University,21.43278,40.49173,1/4/2019 0:00,23.4,0.5,,,,,,,2399.3,607.8,918.5,6304.3,1204.6,2149.3,6975.1,1288.9,669.9,,,39.3,3,848.2,4.3
Taif - University,21.43278,40.49173,1/5/2019 0:00,25.6,0.5,,,,,,,2576.6,666.2,582.7,4571.6,1268.5,1546.4,6074.9,1404,1146.2,,,39.1,3,848.9,4.2
Taif - University,21.43278,40.49173,1/6/2019 0:00,30.1,0.5,,,,,,,2757.8,690.5,441.9,4995.1,1378.6,1611.5,6682.6,1463.4,940.7,,,21.7,3,847.6,4.2
Taif - University,21.43278,40.49173,1/7/2019 0:00,30.1,0.5,,,,,,,2640.9,268,759.9,6058.5,507,1867.9,7296.8,487,692.7,,,19.3,3,845.9,4.2
Taif - University,21.43278,40.49173,1/8/2019 0:00,28.7,0.5,,,,,,,2310.6,181.4,599.5,6099.7,453,1463.5,6970,438.4,639.3,,,30.4,3,847.1,4.2
Taif - University,21.43278,40.49173,1/9/2019 0:00,29.5,0.5,,,,,,,2272.2,210.5,585.5,5643.2,446.7,1341.7,6418.4,420.2,512.8,,,26.7,3,847.8,4.2
Taif - University,21.43278,40.49173,1/10/2019 0:00,24.8,0.5,,,,,,,1624.2,132.8,312.7,6356.9,498.2,907.3,5812.2,389.6,305.2,,,39.5,3.2,849.9,4.5
Taif - University,21.43278,40.49173,1/11/2019 0:00,20.2,0.5,,,,,,,1624.5,229.7,379.8,4657.7,468.9,1942.6,4331.3,348.6,915.3,,,62.8,3.2,849.6,4.6
Taif - University,21.43278,40.49173,1/12/2019 0:00,17.6,0.5,,,,,,,1291.4,124.7,461.6,5935.3,523.7,1876,4455.6,313.5,565.8,,,61.1,3.1,850,4.4
Taif - University,21.43278,40.49173,1/1/2020 0:00,15,0.5,,,,,,,936.1,283.2,363.4,7780.9,1725.6,1218.8,5160.9,1092.9,322.1,,,49,3,850.2,4.3
Taif - University,21.43278,40.49173,1/2/2020 0:00,17.5,0.5,183,4,3,0.1,1.9,,1637,495.6,474.3,6898.4,1695.6,1578.8,5953.4,1277.1,631.9,17.1,0.1,41.4,3,850.5,4.2
Taif - University,21.43278,40.49173,1/3/2020 0:00,20.5,0.5,,,,,,,2035.4,599.3,629.9,6667.5,1688.4,1856.6,6676.3,1403.8,698.3,,,38.2,3,848.2,4.3
Taif - University,21.43278,40.49173,1/4/2020 0:00,23,0.5,226,4,3.2,0.1,1.9,,2103.6,673,825,7390.6,1922.4,2288.9,7457.6,1553.9,829.7,14.4,0.1,32.4,3,848.7,4.2
Taif - University,21.43278,40.49173,1/5/2020 0:00,25.9,0.5,232,4,2.6,0.1,1.6,,2471.2,601.3,666.8,5410.9,1622,2329.4,6566.1,1485.4,1246.9,15.7,0.1,29.6,3,849.6,4.3
Taif - University,21.43278,40.49173,1/9/2020 0:00,28.2,0.5,348,4,2.4,0,1.4,,2112.4,565.9,492.3,6453.2,1545.4,1725.5,6771.3,1399.3,836.3,16,0.1,20.6,3,848.3,4.2
Taif - University,21.43278,40.49173,1/10/2020 0:00,24.2,0.5,,,,,,,1195,324.5,350.8,7707.8,1768.2,1271.1,6115.2,1264.2,442.2,,,24.3,3,850.6,4.3
Taif - University,21.43278,40.49173,1/11/2020 0:00,20.2,0.5,214,4,2.2,0.1,1.5,,1345.1,356.7,374.9,6446.9,1548.6,1832.5,5037.2,1112.4,816.9,13.1,0.1,48.9,3,850.7,4.3
Taif - University,21.43278,40.49173,1/12/2020 0:00,18.5,0.5,,,,,,,1252.7,337.9,404.4,6093.7,1592.1,1617.5,4483.1,967.7,431.1,,,53.9,3,850.4,4.3
Taif - University,21.43278,40.49173,1/1/2021 0:00,16.5,0.5,179,4,2.2,0,1.5,,1373.4,369.1,522.9,6610.2,1686.1,1894.6,5078.9,1083.3,662.9,14.7,0.1,46.8,3,850.6,4.3
Taif - University,21.43278,40.49173,1/2/2021 0:00,18.1,0.5,,,,,,,1472.2,493.5,520.9,6510.1,1718.7,1855.7,5454.9,1232.4,692.2,,,50.1,3,849.4,4.3
Taif - University,21.43278,40.49173,1/3/2021 0:00,23.3,0.5,,,,,,,1945.7,590.6,650.6,6705.3,1578.4,1440.2,6602.8,1359.6,391.5,,,36.1,3,849,4.3
Taif - University,21.43278,40.49173,1/4/2021 0:00,22.8,0.5,184,3.7,2.5,0.1,1.7,,2491.3,697.8,712.6,5707.1,1642.3,1963.9,6761.1,1526.1,1126.2,16.8,0.1,33.3,3,849.6,4.2
Taif - University,21.43278,40.49173,1/5/2021 0:00,27.4,0.5,,,,,,,2108.2,618.7,716.9,6739.7,2018.4,2262.9,7194.9,1584.4,915.2,,,28.5,3,848.3,4.2
Taif - University,21.43278,40.49173,1/7/2021 0:00,29.3,0.5,276,4,4.4,0.1,1.8,,3065,741.6,567.9,5167.7,1395.4,1652.7,7142.4,1497.6,751.4,17.1,0.1,19.6,3,845.5,4.2
Taif - University,21.43278,40.49173,1/8/2021 0:00,30.6,0.5,,,,,,,2409,181.9,466.4,5781.2,434.7,1249.2,6856.4,431.3,576.3,,,26.7,3,846.6,4.2
Taif - University,21.43278,40.49173,1/9/2021 0:00,28.9,0.5,,,,,,,2531.2,660.2,627.6,4534.4,1410,1801.6,5914.9,1369.5,834.8,,,28.8,3,847.6,4.2
Taif - University,21.43278,40.49173,1/10/2021 0:00,25,0.5,115,4,2.4,0.1,1.5,,1625.4,87.6,547.9,7011.9,271,1862.6,6174,254.7,719.9,13.1,0.1,24.6,3,850.8,4.3
Taif - University,21.43278,40.49173,1/11/2021 0:00,21.3,0.5,,,,,,,1167,123.4,389.2,6596.9,924.4,1731.4,4925.2,580.6,687.2,,,46.6,3,850.4,4.3
Taif - University,21.43278,40.49173,1/12/2021 0:00,18.5,0.5,,,,,,,1147.2,124.1,408.7,6552.4,1036.4,1475.4,4635,653.7,341.6,,,52,3,850.6,4.3
Duba - TVTC,27.34103,35.72295,1/1/2017 0:00,20.1,0.5,308,4,2.3,0,1.3,,1299,347.5,522.2,5473,1531,2302.6,4044.4,925.8,717.7,11.5,0.1,40.8,3,1013.4,5.1
Duba - TVTC,27.34103,35.72295,2/1/2017 0:00,19.9,0.5,319,4,2.5,0.1,1.5,,1447.2,549.3,681.8,6666.4,1735.6,1948.3,5226.7,1108.2,491.5,12.3,0.1,33.5,3,1014,5.1
Duba - TVTC,27.34103,35.72295,3/1/2017 0:00,22.7,0.5,282,4,2.3,0,1.5,,1688.2,581,793.8,6797.4,1686.4,2344.9,6089.8,1287.9,828.1,11.2,0.1,45.1,3,1008.9,5.1
Duba - TVTC,27.34103,35.72295,4/1/2017 0:00,27.3,0.5,285,4,2.7,0.1,1.7,,2330.9,715,965.5,5691.7,1785.4,2746.2,6394.9,1430.7,1235.7,14.7,0.1,43,3,1007.8,5.1
Duba - TVTC,27.34103,35.72295,5/1/2017 0:00,30,0.5,279,4,2.3,0.1,1.5,,1884.1,603.2,767,7278.6,1772.5,1730.9,7236.6,1477.4,361.5,11.5,0.1,46.8,3,1006.3,5
Duba - TVTC,27.34103,35.72295,6/1/2017 0:00,32.8,0.5,288,4,2.8,0.1,1.7,,1497.4,436.4,429.7,8077.4,1795.2,1010.9,7382,1456.2,188.9,13.1,0.1,42.2,3,1002.4,5
Duba - TVTC,27.34103,35.72295,9/1/2017 0:00,31.5,0.5,281,4,2.2,0,1.3,,1794.8,203.4,377.8,6679.9,506.5,896.8,6391.5,531.7,283.9,10.4,0.1,54.7,3,1004.5,5
Duba - TVTC,27.34103,35.72295,10/1/2017 0:00,27.8,0.5,289,3.7,2.2,0,1.3,,1066.2,84.4,285.8,7652.5,508.6,877.4,5606.5,346.7,366.3,10.7,0.1,52.5,3,1008.1,5
Duba - TVTC,27.34103,35.72295,11/1/2017 0:00,24.9,0.5,309,4,2.3,0,1.3,,1155.1,137,513.3,6349.7,493.8,1914.7,4452.6,298.7,536.9,10.7,0.1,45.2,3,1010.5,5.1
Duba - TVTC,27.34103,35.72295,3/1/2018 0:00,25.3,0.5,273,4,2.2,0,1.5,,1788.4,183.7,889.4,7121.2,566.8,2291.7,6387.1,410.6,570,12.5,0.1,42.9,3,1008.7,5
Duba - TVTC,27.34103,35.72295,4/1/2018 0:00,26.3,0.5,274,4,2.3,0,1.4,,2444,252.6,836,6393.4,539.6,1994.1,7102.2,463.6,604.2,11.5,0.1,46.3,3,1006.2,5
Duba - TVTC,27.34103,35.72295,5/1/2018 0:00,31.4,0.5,272,4,2.6,0.1,1.6,,2961,251.6,1113,5579.1,549.4,2644.1,7201.6,476.1,809.1,13.1,0.1,38.2,3,1004.4,5
Duba - TVTC,27.34103,35.72295,6/1/2018 0:00,32.3,0.5,281,4,2.5,0.1,1.5,,2185.4,208.5,781.3,7673.3,557,1739.8,7884.4,490.4,429,12,0.1,44,3,1002.5,5
Duba - TVTC,27.34103,35.72295,7/1/2018 0:00,31.2,0.5,246,3.7,2,0,1.2,,1849.7,212.4,930.5,8097.8,636,1862.9,7742.1,537.9,277.9,10.9,0.1,56.6,3,1001.7,5
Duba - TVTC,27.34103,35.72295,8/1/2018 0:00,31.7,0.5,256,4,2.1,0,1.2,,1394.7,115.6,406.6,8415.6,549,1090.6,7342.3,452.4,343.5,11.2,0.1,61,3,1001.8,5
Duba - TVTC,27.34103,35.72295,9/1/2018 0:00,31.8,0.5,280,4,2.4,0.1,1.4,,2329.6,166.9,554,5452,519.6,1411.6,6162.5,397.5,403.7,11.5,0.1,54.2,3,1003.9,5
Duba - TVTC,27.34103,35.72295,10/1/2018 0:00,29.1,0.5,294,3.7,2.3,0,1.3,,1544.3,138,555.1,6273.1,503.7,1763.6,5367,343.9,547.6,13.1,0.1,49,3,1008.4,5
Duba - TVTC,27.34103,35.72295,11/1/2018 0:00,24.8,0.5,294,3.9,2.1,0,1,,1158.7,117.5,437.2,6127.4,608.9,1991.7,4328.8,385.9,651.9,10.4,0,45.5,3,1010.5,5
Duba - TVTC,27.34103,35.72295,12/1/2018 0:00,21,0.5,308,3.7,2.3,0,1.1,,1126.7,125.5,489.5,6047.5,478.4,2063.8,3974.1,270.3,457.8,10.7,0.1,43.5,3,1013.6,5
Duba - TVTC,27.34103,35.72295,1/1/2019 0:00,19,0.5,289,3.7,2.2,0,1.2,,1550.7,131.5,506.3,4377.5,452.4,2531.7,3792,290,1073,14.9,0.1,47.4,3,1013.3,5
Duba - TVTC,27.34103,35.72295,2/1/2019 0:00,20.3,0.5,297,3.7,2.5,0,1.3,,1629.7,164.2,743.9,5832.3,545.2,2932.1,4931.3,341,1076.2,11.5,0.1,40.4,3,1012.6,5
Duba - TVTC,27.34103,35.72295,3/1/2019 0:00,20.8,0.5,282,4,2.6,0.1,1.5,,1821.7,225.9,1104.8,7042,576.1,2918.6,6290.2,410,812,12.8,0.1,41.5,3,1011,5.1
Duba - TVTC,27.34103,35.72295,4/1/2019 0:00,24.7,0.5,289,4,2.6,0.1,1.6,,2103.9,461.6,713.6,6972.8,1361.9,2380.9,7047.2,1358.1,1052.5,12,0.1,39.1,3,1008.3,5.1
Duba - TVTC,27.34103,35.72295,5/1/2019 0:00,29.9,0.5,273,4,2.2,0,1.4,,2119.4,613,770.9,7435.5,1960.7,1799.8,7601.9,1538.3,365.9,13.1,0.1,42.9,3,1005.3,5
Duba - TVTC,27.34103,35.72295,6/1/2019 0:00,32.3,0.5,269,4,2.1,0,1.4,,1959.9,693.7,786.9,7861.7,1972.9,2064.6,7745.1,1607.1,594,12,0.1,46.5,3,1003.4,5
Duba - TVTC,27.34103,35.72295,7/1/2019 0:00,31.8,0.5,260,4,2.2,0,1.4,,1560.2,191.3,575.4,8718.2,574.1,1244.3,7879.6,483.8,224.6,12,0.1,53.4,3,1000.9,5
Duba - TVTC,27.34103,35.72295,8/1/2019 0:00,31.6,0.5,249,4,1.9,0,1.4,,1440.5,112.7,291.4,8349.2,549.8,882.1,7363.8,463.8,320,12,0.1,59.2,3,1002.6,5
Duba - TVTC,27.34103,35.72295,9/1/2019 0:00,30.7,0.5,275,4,1.8,0,1.5,,1607.9,135.8,432.7,7569.2,617.8,1207.1,6733.8,454,327.9,10.1,0.1,56.5,3,1003.5,5
Duba - TVTC,27.34103,35.72295,10/1/2019 0:00,30.1,0.5,286,4,1.9,0,1.4,,1709.8,171.2,594.1,6070.2,613.9,2210.4,5376.6,412.1,757.7,11.2,0.1,47,3,1007.3,5
Duba - TVTC,27.34103,35.72295,11/1/2019 0:00,26,0.5,319,4,2.1,0,1.3,,1253.5,139.9,463.8,6988.9,735.3,1895.4,4825.1,412.9,581.4,10.9,0.1,42.5,3,1009.5,5.1
Duba - TVTC,27.34103,35.72295,12/1/2019 0:00,21.1,0.5,319,4,2.4,0,1.2,,960.2,115.6,406.7,7830.2,816.6,1751.9,4586.9,426.3,336.4,10.1,0.1,40.6,3,1013,5.1
Duba - TVTC,27.34103,35.72295,1/1/2020 0:00,17.7,0.5,313,4,2.4,0,1.4,,1041.6,295.8,370.4,7589.1,1899.6,2163.1,4702,1028.7,785.4,13.3,0.1,43.4,3,1015.7,5.1
Duba - TVTC,27.34103,35.72295,2/1/2020 0:00,19.1,0.5,284,4,2.2,0,1.3,,1084.3,483.5,598.1,8304.3,1965.9,2706.8,5603.1,1255.5,913.4,11.2,0.1,45.8,3,1013.8,5.1
Duba - TVTC,27.34103,35.72295,3/1/2020 0:00,22,0.5,269,4,2.4,0.1,1.5,,1922,618.2,785.7,6556.7,1892.4,2850.2,6184.2,1369.7,1219.5,13.3,0.1,43.7,3,1009.1,5.1
Duba - TVTC,27.34103,35.72295,4/1/2020 0:00,24.3,0.5,268,4,2.2,0,1.5,,2114,760.2,832.1,7323.4,1882.5,1836.2,7341.8,1491.5,390.9,11.2,0.1,49,3,1007.5,5
Duba - TVTC,27.34103,35.72295,5/1/2020 0:00,29.2,0.5,276,4,2.3,0.1,1.6,,2208.2,686.3,939.2,7030.1,1841.3,2392.9,7401.7,1545.9,817.9,16.8,0.1,42.9,3,1006.1,5
Duba - TVTC,27.34103,35.72295,9/1/2020 0:00,34.2,0.5,283,4,2.2,0,1.3,,1908.9,469.4,410.4,6454.4,1682.3,948.9,6361.4,1317.4,219.4,11.5,0.1,45.7,3,1003,5
Duba - TVTC,27.34103,35.72295,10/1/2020 0:00,31,0.5,284,4,1.8,0,1.1,,1375.3,361.5,434.3,7169.2,1685.5,1363.6,5646.5,1178.5,407,10.4,0.1,39.5,3,1007.7,5
Duba - TVTC,27.34103,35.72295,11/1/2020 0:00,25.1,0.5,299,4,2.1,0,1.1,,1022.6,384.8,370.9,7449.3,1753.9,1285.7,4804.9,1023.3,239,9.6,0.1,44.9,3,1010.8,5.1
Duba - TVTC,27.34103,35.72295,12/1/2020 0:00,22.7,0.5,326,4,2.3,0,1.2,,1237.4,348.5,395.9,6179.5,1655.3,1881.5,4169.9,925.5,508.1,10.7,0.1,42.6,3,1012.4,5.1
Duba - TVTC,27.34103,35.72295,1/1/2021 0:00,21.7,0.5,314,4,2.4,0,1.4,,1299.2,421.7,518.8,6481,1693,1886.3,4525.7,1014.2,569.6,13.6,0.1,42,3,1013.1,5.1
Duba - TVTC,27.34103,35.72295,2/1/2021 0:00,21.4,0.5,299,4,2.6,0.1,1.5,,1311.2,452.1,563.8,7016.4,1729.6,2128.7,5247.7,1174.7,741,17.1,0.1,41.2,3,1012.5,5.1
Duba - TVTC,27.34103,35.72295,3/1/2021 0:00,23.4,0.5,287,4,2.5,0.1,1.7,,1948.5,653.5,958.7,6919.7,1842.7,2393.9,6446.8,1385,496.3,12.8,0.1,42.3,3,1009.6,5.1
Duba - TVTC,27.34103,35.72295,4/1/2021 0:00,26.9,0.5,281,4,2.4,0.1,1.5,,2056.9,641.1,762.5,7514.4,1877.2,1806.5,7415.4,1521.8,388.2,12.5,0.1,39.1,3,1008.2,5.1
Duba - TVTC,27.34103,35.72295,5/1/2021 0:00,31.7,0.5,286,3.7,2.6,0,1.5,,1888,548,706,8243.7,2013.7,1793.9,7911,1604.2,454.5,14.4,0.1,40,3,1004.5,5
Duba - TVTC,27.34103,35.72295,7/1/2021 0:00,32.2,0.5,257,4,2.3,0,1.3,,1646,479.5,643.6,8452.1,1942.1,1566.2,7761.3,1578,418.1,10.9,0.1,51.6,3,1000.2,5
Duba - TVTC,27.34103,35.72295,8/1/2021 0:00,32.9,0.5,265,4,2.1,0,1.3,,1773.1,168.7,723,7564.6,558.8,1693.6,7187.6,442.5,381.4,10.9,0.1,54.4,3,1001.4,5
Duba - TVTC,27.34103,35.72295,9/1/2021 0:00,31.6,0.5,286,4,2.6,0.1,1.5,,1661.4,444.7,438.1,7003.2,1623.8,965.6,6412.8,1306.1,230.5,11.7,0.1,51.6,3,1003.5,5
Duba - TVTC,27.34103,35.72295,10/1/2021 0:00,28.6,0.5,281,4,2.1,0,1.3,,1384,129.4,491.4,6668.9,493.4,1641.3,5379.8,355.9,563.3,12,0.1,52.6,3,1007.7,5
Duba - TVTC,27.34103,35.72295,11/1/2021 0:00,25.9,0.5,291,4,2,0,1.1,,1130.9,95.7,314.1,6184.3,449.3,1526.6,4362.8,279.4,581,10.4,0.1,43.7,3,1010.3,5.1
Duba - TVTC,27.34103,35.72295,12/1/2021 0:00,21.3,0.5,313,4,2,0,1.2,,1345.8,119.9,441.5,4909.8,428.9,2048.6,3703.4,247,568.8,12.3,0.1,42.1,3,1012.8,5.1
Madinah - Taibah University,24.4846,39.5418,1/1/2017 0:00,20.8,0.5,222,4,2.6,0.1,1.5,,1233.5,345.6,412.1,5525.1,1370.9,1381.7,4222.1,899.5,387.2,15.2,0.1,29.3,3,942.8,4.7
Madinah - Taibah University,24.4846,39.5418,1/2/2017 0:00,19,0.5,167,4,3.4,0.1,1.4,,1754.9,516.7,634.1,5120.1,1562,1832.6,4885,1061.9,502.5,13.1,0.1,26.1,3,943,4.7
Madinah - Taibah University,24.4846,39.5418,1/3/2017 0:00,24.7,0.5,281,4,2.8,0.1,1.6,,2255.1,648.4,850.3,4567.7,1450,2182.2,5364.2,1231.1,702.6,18.4,0.1,22.9,3,938.5,4.7
Madinah - Taibah University,24.4846,39.5418,1/4/2017 0:00,31.1,0.5,269,4,3.3,0.1,1.8,,2710.5,649.8,655.1,4359.3,1465.4,1730.4,6008.7,1339.1,837.6,18.4,0.1,14.2,3,938.7,4.7
Madinah - Taibah University,24.4846,39.5418,1/5/2017 0:00,33.5,0.5,283,4,3.2,0.1,1.8,,2688.4,627.9,544.8,4873.5,1383,1862.6,6402,1372.5,1080.4,19.2,0.1,16.9,3,937.3,4.7
Madinah - Taibah University,24.4846,39.5418,1/6/2017 0:00,,,,,,,,,,,,,,,,,,,,,,,
Madinah - Taibah University,24.4846,39.5418,1/9/2017 0:00,36.7,0.5,268,4,2.7,0.1,1.6,,2421.1,285.8,488.8,5438.2,497.1,1283.2,6414.2,588.9,444,20.2,0.1,10.7,3,936.4,4.7
Madinah - Taibah University,24.4846,39.5418,1/10/2017 0:00,32,0.5,276,3.7,2.2,0,1.2,,1478.9,86.9,180.5,6881.4,369.8,609.1,5871,310.2,375.1,13.1,0.1,14.9,3,939.1,4.7
Madinah - Taibah University,24.4846,39.5418,1/11/2017 0:00,25.8,0.5,195,4,2.1,0,1.1,,1559.4,92.9,351.4,5081.5,433.1,1539,4467.8,280.1,638.6,13.6,0.1,31.9,3,941.1,4.7
Madinah - Taibah University,24.4846,39.5418,1/3/2018 0:00,27.9,0.5,262,4,2,0,1.2,,1970.9,92,705.2,6658.6,321.4,1856.9,6500.1,250.9,566.5,14.9,0.1,17.7,3,939.6,4.7
Madinah - Taibah University,24.4846,39.5418,1/4/2018 0:00,28.9,0.5,266,4,2.5,0,1.3,,2356.2,104.2,787.7,6789.1,269.6,2093.9,7350,229.3,710.6,15.5,0.1,17.9,3,937,4.7
Madinah - Taibah University,24.4846,39.5418,1/5/2018 0:00,33.4,0.5,291,4,2.7,0.1,1.4,,3111,153.5,776.4,5224.7,228.1,2205.1,7147.6,279.2,892,17.1,0.1,14.6,3,936.4,4.7
Madinah - Taibah University,24.4846,39.5418,1/6/2018 0:00,37.1,0.5,305,4,2.8,0.1,1.5,,2342.5,183.9,761.9,7021.4,676.9,1960.1,7666.6,666.8,708.1,18.6,0.1,9.8,3,934.3,4.7
Madinah - Taibah University,24.4846,39.5418,1/7/2018 0:00,37.1,0.5,,,,,,,2512.4,235.2,906.3,6571,597.5,2126.5,7518.9,539.2,602,,,15.1,3,931.7,4.6
Madinah - Taibah University,24.4846,39.5418,1/8/2018 0:00,37.7,0.5,,,,,,,1992.7,190.9,541.6,7113.6,584.3,1473.8,7271.9,539.6,480.6,,,16.8,3,932,4.7
Madinah - Taibah University,24.4846,39.5418,1/12/2018 0:00,20.6,0.5,141,4,1.8,0,1,,1306.6,306.6,451.6,5278.1,1045.7,2042.5,4058.1,765,603.7,10.1,0.1,43.9,3,943,4.7
Madinah - Taibah University,24.4846,39.5418,1/1/2019 0:00,20.2,0.5,264,4,2,0,1.2,,1825.2,76.5,498,3850.2,219.3,2041,3951.3,159.8,786.7,12.8,0.1,43.2,3,942.5,4.7
Madinah - Taibah University,24.4846,39.5418,1/2/2019 0:00,19.7,0.5,285,4,2.3,0,1.2,,1636.1,94.7,626.5,5366,449.3,2804.2,4928.8,323.5,1323.7,12.8,0.1,34.2,3,942,4.7
Madinah - Taibah University,24.4846,39.5418,1/3/2019 0:00,22,0.5,287,4,2.5,0,1.3,,1678.1,89.9,838.8,7233.4,599.5,2664.9,6546.7,334.4,1093,15.7,0.1,23,3,940.4,4.7
Madinah - Taibah University,24.4846,39.5418,1/4/2019 0:00,27.1,0.5,292,4,2.5,0,1.2,,2332,624.8,973.4,6259.7,1371.8,2497.5,6879.1,1374.6,782.8,14.1,0.1,20,3,938.6,4.7
Madinah - Taibah University,24.4846,39.5418,1/5/2019 0:00,33.7,0.5,284,4,2.4,0,1.3,,2539.7,572.2,382.1,5503.5,1419.5,1161.5,6784.8,1530.2,594.8,17.3,0.1,15.4,3,937.1,4.7
Madinah - Taibah University,24.4846,39.5418,1/6/2019 0:00,37.9,0.5,,,,,,,2584.3,638.3,541.1,6288.8,1685.3,1558.8,7467.4,1583.2,638.4,,,13.5,3,933.5,4.7
Madinah - Taibah University,24.4846,39.5418,1/7/2019 0:00,36.6,0.5,307,4,3,0.1,1.4,,2073.5,449.5,754.6,7454.2,1690.9,1934.2,7652.5,1529.7,651.8,16,0.1,12.1,3,932.9,4.7
Madinah - Taibah University,24.4846,39.5418,1/8/2019 0:00,37.1,0.5,,,,,,,1962.7,189,593.4,7253.9,528.6,1534.4,7356.7,465.2,467.5,,,17.1,3,932.7,4.7
Madinah - Taibah University,24.4846,39.5418,1/9/2019 0:00,37.7,0.5,,,,,,,2176.4,201.4,556.3,5754.2,529.5,1605.7,6343.3,426.4,574.3,,,15.9,3,933.8,4.7
Madinah - Taibah University,24.4846,39.5418,1/10/2019 0:00,32.5,0.5,,,,,,,1838.6,151.5,560.7,5371.8,439.4,1637.9,5289.9,333.7,535.5,,,25,3,937.6,4.7
Madinah - Taibah University,24.4846,39.5418,1/11/2019 0:00,25.4,0.5,156,4.1,2,0,1,,1378.9,49.6,377.8,5787.4,210.9,1325.6,4642,157.3,405.9,12,0.1,31.5,3.1,940.6,4.9
Madinah - Taibah University,24.4846,39.5418,1/12/2019 0:00,21.3,0.5,,,,,,,1022.9,104,375.5,6685,455.4,1348.9,4441.8,270.9,269.9,,,32.9,3,940.8,4.7
Madinah - Taibah University,24.4846,39.5418,1/1/2020 0:00,17.2,0.5,,,,,,,1173.2,125,496.5,6718.7,486.8,1888.1,4706.7,304.9,589.7,,,32.9,3,942.4,4.7
Madinah - Taibah University,24.4846,39.5418,1/2/2020 0:00,21.2,0.5,,,,,,,1610.8,533.5,699.4,6465.4,1804,2270.3,5452.2,1243.9,712.6,,,29.7,3,941.1,4.7
Madinah - Taibah University,24.4846,39.5418,1/3/2020 0:00,25.2,0.5,,,,,,,2364,712.9,929.7,5981.5,1797.1,2608.5,6454.8,1391.6,982.9,,,21.4,3,937.6,4.7
Madinah - Taibah University,24.4846,39.5418,1/9/2020 0:00,36.4,0.5,116,3.7,2.1,0,1.1,,2010.6,86.2,361.1,6596.9,271.2,1153.3,6649.2,287,453.6,15.7,0.1,9.2,3,936,4.7
Madinah - Taibah University,24.4846,39.5418,1/10/2020 0:00,31.6,0.5,,,,,,,1371,354.1,313.6,7164.2,1556,876.7,5895.4,1186.7,231.4,,,13.3,3,939,4.7
Madinah - Taibah University,24.4846,39.5418,1/11/2020 0:00,25.3,0.5,271,3.7,2,0,1.1,,,,,,,,,,,13.1,0.1,33.4,3,940.9,4.7
Madinah - Taibah University,24.4846,39.5418,1/12/2020 0:00,21.7,0.5,,,,,,,1462.9,397.7,438.7,5052.1,1517.9,1789.5,4091.5,905,509.1,,,36.7,3,941.1,4.7
Madinah - Taibah University,24.4846,39.5418,1/1/2021 0:00,20.3,0.5,157,4,2,0,1.1,,1812.8,550.3,625.4,5565,1626.9,2018.8,4856,1073.2,518.1,12.3,0.1,31.5,3,943,4.7
Madinah - Taibah University,24.4846,39.5418,1/2/2021 0:00,21.8,0.5,,,,,,,1573.8,553.7,649.4,6165.9,1741.8,2445.4,5296.9,1218.4,917,,,32.8,3,940.2,4.7
Madinah - Taibah University,24.4846,39.5418,1/3/2021 0:00,27.9,0.5,,,,,,,2437.6,772.2,843.7,5743,1503.7,1850.6,6398.6,1328.3,458.7,,,21.5,3,937.9,4.7
Madinah - Taibah University,24.4846,39.5418,1/4/2021 0:00,29.8,0.5,235,3.8,2.6,0,1.2,,2805.7,114,652.9,6357.5,340.1,1705.6,7540,301.2,604.7,14.9,0.1,15.7,2.9,939.1,4.8
Madinah - Taibah University,24.4846,39.5418,1/5/2021 0:00,35.9,0.5,,,,,,,2387.2,649.3,700.4,6804.6,1740.6,1848.9,7549,1567.7,589.8,,,13.8,3,934.5,4.6
Madinah - Taibah University,24.4846,39.5418,1/7/2021 0:00,38,0.5,309,4,3.4,0.1,1.5,,,,,6750.9,224.9,1511.4,,,,12.8,0.1,12.4,3,931.7,4.7
Madinah - Taibah University,24.4846,39.5418,1/8/2021 0:00,39.2,0.5,,,,,,,2134.4,182.3,632.5,6839.5,521.2,1670.1,7256.5,444.2,521.4,,,14.2,3,932,4.7
Madinah - Taibah University,24.4846,39.5418,1/9/2021 0:00,37.5,0.5,,,,,,,2440,666,508,5232,1303.1,1351.9,6279,1342.6,544.8,,,16.4,3,933.4,4.6
Madinah - Taibah University,24.4846,39.5418,1/10/2021 0:00,32.9,0.5,145,4,1.7,0,1,,1698.3,84.3,288.8,6348,285,650.7,5769.9,292.5,317.1,9.9,0,12.4,3,939.3,4.7
Madinah - Taibah University,24.4846,39.5418,1/11/2021 0:00,26.4,0.5,,,,,,,1254.9,118.9,298.6,6173.3,449.6,1503.6,4682.5,303.6,691.6,,,25.5,3,939.9,4.7
Madinah - Taibah University,24.4846,39.5418,1/12/2021 0:00,21.5,0.5,,,,,,,1493.4,130.1,570.7,4478.1,447.4,2405.4,3820.1,264.2,930.6,,,37,3,941.2,4.7
Majmaah - University,25.85891,45.41889,1/1/2017 0:00,14,0.5,81,4,3.1,0.1,1.7,,1611.9,493.5,541.1,4846.9,1203.2,1870.5,4179.1,942.8,474.5,13.6,0.1,40.7,3,936.6,4.7
Majmaah - University,25.85891,45.41889,2/1/2017 0:00,12.6,0.5,90,4,3.3,0.1,1.9,,1949.1,561.9,615.5,4732.1,1663.3,2537.3,4783.2,1152.2,1048,14.4,0.1,39.6,3,937,4.7
Majmaah - University,25.85891,45.41889,3/1/2017 0:00,20.4,0.5,130,4,4.2,0.1,2.2,,2868.3,729.9,683.9,3001.6,1052.2,2010.6,4958.5,1207.5,1208.5,19.2,0.1,40.8,3,932.1,4.7
Majmaah - University,25.85891,45.41889,4/1/2017 0:00,27.1,0.5,111,4,3.7,0.1,2,,3386.2,876.1,815.8,3876.1,1503,2205.5,6331.3,1450.8,998.7,26.4,0.1,25.8,3,932.5,4.7
Majmaah - University,25.85891,45.41889,5/1/2017 0:00,32.4,0.5,149,4,3.3,0.1,1.8,,3634.7,925.3,715.6,4113.2,1200.7,1649.1,6955.8,1492.7,774.9,23.5,0.1,19.4,3,929.8,4.7
Majmaah - University,25.85891,45.41889,6/1/2017 0:00,34.9,0.5,20,4,3,0.1,2,,2535.3,905.3,769.9,7085.1,1694.7,1719.8,7907.4,1611.5,645.5,15.2,0.1,10,3,926.7,4.6
Majmaah - University,25.85891,45.41889,9/1/2017 0:00,32.7,0.5,36,4,2.5,0.1,1.8,,2161.9,252.8,522.8,6542.7,605,1205.7,6766.3,596.4,364.1,15.2,0.1,10.3,3,929.3,4.7
Majmaah - University,25.85891,45.41889,10/1/2017 0:00,28.1,0.5,173,3.7,2.7,0.1,1.8,,1768.2,124.1,333.5,6498.1,429.2,748.8,5844.2,360.7,254.6,13.1,0.1,15.7,3,932.9,4.6
Majmaah - University,25.85891,45.41889,11/1/2017 0:00,20.3,0.5,130,4,2.8,0.1,1.7,,1633.2,151.8,534.6,4861.8,446.5,2274.9,4333.5,329.6,1102.2,12.5,0.1,34.6,3,935.5,4.7
Majmaah - University,25.85891,45.41889,3/1/2018 0:00,23.7,0.5,140,4,3.4,0.1,2,,2598,209.1,701.7,5142.9,427.9,2252.8,6130.1,422,1006.4,15.7,0.1,26.2,3,933.4,4.7
Majmaah - University,25.85891,45.41889,4/1/2018 0:00,24.4,0.5,150,4,3.7,0.1,2.2,,3363.6,286.1,669,3562.8,369.8,2213.8,6129.9,468.3,1434.8,26.1,0.1,39.6,3,930.6,4.7
Majmaah - University,25.85891,45.41889,5/1/2018 0:00,30.8,0.5,122,4,3.7,0.1,2.1,,3902.2,294.7,640.7,3921.6,346.2,1534.2,7065.5,454.3,796.7,19.2,0.1,21.9,3,929.4,4.7
Majmaah - University,25.85891,45.41889,6/1/2018 0:00,35.1,0.5,336,4,3.3,0.1,2.1,,2888.6,208.7,571.5,6422.5,524.6,1263,7908.9,486.4,421.4,14.7,0.1,13.7,3,926,4.6
Majmaah - University,25.85891,45.41889,7/1/2018 0:00,35.6,0.5,338,3.7,3.4,0.1,2.1,,2710.9,209.2,587.9,6677,512.1,1217.6,7835.9,544.3,378.4,18.7,0.1,12.5,3,923.8,4.6
Majmaah - University,25.85891,45.41889,8/1/2018 0:00,34.7,0.5,352,4,3,0.1,2,,2030.7,154.7,505.3,7539.3,519.1,1216.9,7566.4,467.7,328.2,17.1,0.1,13.9,3,925.3,4.6
Majmaah - University,25.85891,45.41889,9/1/2018 0:00,34.3,0.5,60,4,2.5,0.1,1.7,,2471.2,191.5,472.3,5573.8,462.3,1243.3,6466.1,410.1,444.2,13.9,0.1,13.8,3,929.3,4.7
Majmaah - University,25.85891,45.41889,10/1/2018 0:00,26.7,0.5,119,3.7,2.5,0.1,1.7,,2007.8,167.4,543.1,5048,428.2,2355.6,5257.5,358.9,1032.3,17.9,0.1,30.6,3,934.6,4.7
Majmaah - University,25.85891,45.41889,11/1/2018 0:00,18.2,0.5,107,3.7,3,0.1,1.6,,1777.1,162.4,537.8,3202.3,381.8,2224.7,3507.4,277.7,1184.5,13.3,0.1,73.9,3,936.1,4.6
Majmaah - University,25.85891,45.41889,12/1/2018 0:00,16,0.5,132,4,2.8,0.1,1.5,,1580.7,123.6,428.2,4396.7,380.3,1703.4,3834.7,262.4,655.8,11.7,0.1,63.4,3,937.4,4.7
Majmaah - University,25.85891,45.41889,1/1/2019 0:00,15.9,0.5,167,3.7,3.4,0.1,2,,2300.2,180.9,558,2693.9,336,1691.2,3751.2,265.2,704.2,16.8,0.1,45.9,3,936.6,4.6
Majmaah - University,25.85891,45.41889,2/1/2019 0:00,15.1,0.5,113,4,3.1,0.1,1.9,,1931.1,191.7,818.6,4659.4,529.6,2890.4,4669.5,349.1,1392.5,18.4,0.1,50.2,3,935.6,4.7
Majmaah - University,25.85891,45.41889,3/1/2019 0:00,18.6,0.5,187,3.7,3.7,0.1,2.3,,2521.7,228.2,1045.2,5628.1,544.4,2857.9,6289.7,414.7,920.7,20.8,0.1,34,3,933,4.6
Majmaah - University,25.85891,45.41889,4/1/2019 0:00,22.9,0.5,139,4,3.5,0.1,2.1,,2687.9,640.7,855.5,5345.6,1194,2587.1,6665.8,1206.4,1189,26.1,0.1,37.5,3,931.8,4.7
Majmaah - University,25.85891,45.41889,5/1/2019 0:00,31.1,0.5,183,4,3.2,0.1,2.1,,3170.8,820.1,703,4996.2,1478.3,2048,7049.7,1532.9,959.5,21.3,0.1,23.5,3,930,4.7
Majmaah - University,25.85891,45.41889,6/1/2019 0:00,35.7,0.5,3,3,2.7,0.1,2,,2665.1,800.9,691.7,6546.3,1576.4,1491.4,7681.9,1545.5,419.9,15.7,0.1,12.5,3,926.9,4.6
Majmaah - University,25.85891,45.41889,7/1/2019 0:00,35.7,0.5,346,4,3,0.1,1.9,,2278.9,222.3,688.9,7614,540.8,1491,7979.4,482.3,336.8,15.5,0.1,12.5,3,924.1,4.6
Majmaah - University,25.85891,45.41889,8/1/2019 0:00,35.2,0.5,332,4,3.3,0.1,2.1,,2120.6,157.4,381.2,7502.3,519.4,785.6,7647.6,477.6,253,16,0.1,12.7,3,925.4,4.6
Majmaah - University,25.85891,45.41889,9/1/2019 0:00,33.4,0.5,90,3.7,2.3,0.1,1.5,,2047.6,193.3,552.2,6776.3,496.8,1303.1,6796.3,429.9,345.7,15.2,0.1,15,3,928.7,4.6
Majmaah - University,25.85891,45.41889,10/1/2019 0:00,29,0.5,135,4,2.5,0.1,1.6,,1924.1,153.2,504.4,5750.9,465.6,1396.2,5595,370,408.4,20.3,0.1,26,3,932.5,4.7
Majmaah - University,25.85891,45.41889,11/1/2019 0:00,20,0.5,132,4,2.6,0.1,1.5,,1744.2,150.8,571.9,4032.4,446.4,2439.7,3986.5,293.3,1163.6,12,0.1,49.9,3,935.5,4.7
Majmaah - University,25.85891,45.41889,12/1/2019 0:00,16.1,0.5,165,4,2.8,0.1,1.9,,1230.7,120.1,491.1,6304,539.5,1858.8,4336.2,282.1,365.6,13.9,0.1,45.6,3,936,4.7
Majmaah - University,25.85891,45.41889,1/1/2020 0:00,12.9,0.5,270,4,2.7,0.1,2.3,,1206,342.2,514.4,6848.5,1713.2,1896.6,4748.2,1036.6,499.6,14.9,0.1,40.3,3,936.7,4.7
Majmaah - University,25.85891,45.41889,2/1/2020 0:00,17,0.5,193,4,2.7,0.1,2.3,,2049.9,631.7,820.5,5507.8,1766.8,2526.2,5303,1232.3,746.8,17.1,0.1,31.2,3,936,4.7
Majmaah - University,25.85891,45.41889,3/1/2020 0:00,20.6,0.5,275,4,2.9,0.1,2.2,,2846.5,767.9,917.9,5154.7,1708.2,2372.8,6373.3,1379.8,725.7,15.5,0.1,26.9,3,932.4,4.7
Majmaah - University,25.85891,45.41889,4/1/2020 0:00,25.8,0.5,144,4,3.6,0.1,2.2,,3119.7,845.7,821.6,5160.7,1644.3,2143.5,7018.7,1520.2,885.4,19.2,0.1,31.5,3,930.7,4.7
Majmaah - University,25.85891,45.41889,5/1/2020 0:00,30.8,0.5,44,4,2.6,0.1,2.1,,3267.9,904.9,898.4,4921.1,1605.3,2494.5,7073.8,1537.2,1063.3,17.9,0.1,17.8,3,930.6,4.7
Majmaah - University,25.85891,45.41889,9/1/2020 0:00,32.8,0.5,21,4,1.8,0.1,1.9,,2086.8,643.3,590.4,6745.1,1612.1,1408.4,6787.4,1399.5,332.5,16,0.1,13.6,3,928.9,4.7
Majmaah - University,25.85891,45.41889,10/1/2020 0:00,25.4,0.5,19,4,1.5,0,1.6,,1186.7,319.6,264.1,8279.5,1752.2,695.2,6164,1257.5,276.1,11.2,0.1,16.4,3,934.1,4.7
Majmaah - University,25.85891,45.41889,11/1/2020 0:00,21.3,0.5,164,4,2.4,0.1,2.2,,1622.1,493.8,543.9,5097,1652.5,2521.1,4415.4,1071,1142.7,14.7,0.1,39.5,3,935.3,4.7
Majmaah - University,25.85891,45.41889,12/1/2020 0:00,15,0.5,116,4,2.1,0,1.6,,1507.5,411.8,445.3,4625.1,1435.6,2287.2,3855.8,869.7,748.8,14.4,0.1,58.6,3,937.6,4.7
Majmaah - University,25.85891,45.41889,1/1/2021 0:00,14.5,0.5,129,4,2,0.1,1.8,,1537.6,407.9,451,5340.9,1516,2253.1,4355.3,976.7,888.8,13.9,0.1,46.1,3,937.7,4.7
Majmaah - University,25.85891,45.41889,2/1/2021 0:00,16.1,0.5,115,4,2.5,0.1,2.1,,1963.9,625.1,752.5,5057.5,1751,2758.1,4928.3,1205.8,991.8,16,0.1,44,3,936.1,4.7
Majmaah - University,25.85891,45.41889,3/1/2021 0:00,22.7,0.5,140,4,2.9,0.1,2.2,,2965.9,845,811,4796.5,1285.2,1880.3,6328.4,1388.2,694.7,21.1,0.1,23.9,3,933.2,4.7
Majmaah - University,25.85891,45.41889,4/1/2021 0:00,26.8,0.5,26,3.7,2.2,0.1,2.1,,3155.4,814.4,650.3,4764.8,1575.3,2339,6740.4,1553.8,1406.9,19.5,0.1,19.4,3,932.5,4.6
Majmaah - University,25.85891,45.41889,5/1/2021 0:00,32.7,0.5,51,3.7,2.1,0,1.9,,2866.7,728.8,783.3,6559.5,1755.6,1695.2,7892.9,1612.9,428.9,16.8,0.1,12.9,3,928.5,4.6
Majmaah - University,25.85891,45.41889,7/1/2021 0:00,37.4,0.5,27,4,2.2,0.1,2,,2531.9,692.4,573.6,7053.2,1602.3,1372.5,7874.2,1593.1,449.6,13.9,0.1,13.9,3,922.9,4.6
Majmaah - University,25.85891,45.41889,8/1/2021 0:00,35.9,0.5,8,4,2,0.1,1.9,,2223.4,163.4,496.8,7254.2,545.8,1297.8,7591.7,461.6,368.1,16.5,0.1,12.5,3,925.6,4.6
Majmaah - University,25.85891,45.41889,9/1/2021 0:00,31.9,0.5,26,3.7,1.8,0,1.8,,1863,534.9,450.1,7363.6,1719.9,1053.9,6960.1,1420.3,279.1,13.1,0.1,15.6,3,928.5,4.6
Majmaah - University,25.85891,45.41889,10/1/2021 0:00,28.6,0.5,123,4,1.8,0,1.6,,1752.6,150.9,296.3,6505,437.8,946.9,5851.7,378.3,409.4,13.3,0.1,18.9,3,933.2,4.7
Majmaah - University,25.85891,45.41889,11/1/2021 0:00,21.1,0.5,123,4,1.4,0,1.7,,1544.8,137.6,410.2,5806.2,474,1440.2,4731.8,322.3,412.8,13.9,0.1,31.7,3,935.6,4.7
Majmaah - University,25.85891,45.41889,12/1/2021 0:00,16,0.5,162,4,1.7,0.1,1.9,,1762.6,150.3,563.5,3957.5,460.3,2507.2,3769.1,285.1,934.5,11.5,0.1,39.9,3,937,4.7
Wadi Addawasir - TVTC,20.43008,44.89433,1/1/2017 0:00,18.6,0.5,128,4,2.7,0.1,1.8,,1579.1,460.8,503,5955.5,1182.4,1371.9,4977.4,973.6,193.8,11.2,0.1,28.5,3,941.9,4.7
Wadi Addawasir - TVTC,20.43008,44.89433,1/2/2017 0:00,18.1,0.5,106,4,3.5,0.1,1.7,,2572.6,709.9,716.6,3716.9,1245.8,1916.5,5020.4,1128.6,795.4,12.5,0.1,36.1,3,942,4.7
Wadi Addawasir - TVTC,20.43008,44.89433,1/3/2017 0:00,25.2,0.5,110,4,3.2,0.1,1.7,,2967.1,798.9,771.3,3884.9,1162.9,1775,5831.1,1251.7,630.2,21.6,0.1,32.7,3,937.2,4.7
Wadi Addawasir - TVTC,20.43008,44.89433,1/4/2017 0:00,29.6,0.5,125,4,3,0.1,1.9,,2843.7,769.9,829.5,5392.9,1546.8,2001.2,6901.4,1487.4,756,16.5,0.1,16.8,3,937.4,4.7
Wadi Addawasir - TVTC,20.43008,44.89433,1/5/2017 0:00,33.6,0.5,103,4,2.5,0.1,1.5,,3274.7,812,759.7,4561.7,1389.8,1567.7,6876.1,1442.4,657.8,14.4,0.1,19,3,935.2,4.7
Wadi Addawasir - TVTC,20.43008,44.89433,1/6/2017 0:00,35.9,0.5,,,,,,,3493.6,1106.7,1298,5369.4,1700.4,2617.6,7656.9,1592.7,634.2,,,12.2,3,931.2,4.7
Wadi Addawasir - TVTC,20.43008,44.89433,1/9/2017 0:00,33.2,0.5,,,,,,,2055.9,159.7,341.1,6929.5,480.5,900.1,7081,449.6,282.3,,,15,3,933.6,4.7
Wadi Addawasir - TVTC,20.43008,44.89433,1/10/2017 0:00,27.7,0.5,,,,,,,1492.2,112.6,343.7,7684.3,505.6,787.2,6463.6,410.7,262.3,,,20.1,3,938.2,4.7
Wadi Addawasir - TVTC,20.43008,44.89433,1/11/2017 0:00,23,0.5,,,,,,,1329.6,138.3,345.9,6941.8,559.9,1639.2,5366.9,394.7,681.7,,,34.5,3,940.5,4.7
Wadi Addawasir - TVTC,20.43008,44.89433,1/3/2018 0:00,26.4,0.5,,,,,,,2311,181.3,662.4,6246.8,512.3,2097.2,6714.6,448.3,910.7,,,24.8,3,938.2,4.7
Wadi Addawasir - TVTC,20.43008,44.89433,1/4/2018 0:00,28.7,0.5,,,,,,,3710.5,300.5,768.4,3792.3,364.3,1700,6720.8,448.4,686.7,,,35.9,3,935.8,4.7
Wadi Addawasir - TVTC,20.43008,44.89433,1/5/2018 0:00,33.2,0.5,,,,,,,3238.1,240.6,720.4,5626.9,419.5,1301.6,7643.6,457.4,235.6,,,18.7,3,934,4.7
Wadi Addawasir - TVTC,20.43008,44.89433,1/6/2018 0:00,36.6,0.5,,,,,,,4063.2,308.4,1105.8,3866.6,417.4,2376.5,7147.7,462.5,778.1,,,14.6,3,930.8,4.7
Wadi Addawasir - TVTC,20.43008,44.89433,1/7/2018 0:00,37.4,0.5,,,,,,,3868.4,295.5,941.4,4012.5,401.2,1971.3,7049.2,456.3,676.8,,,12.4,3,928.8,4.6
Wadi Addawasir - TVTC,20.43008,44.89433,1/8/2018 0:00,36.9,0.5,,,,,,,3278.2,271.2,859.6,4916.8,405.5,1577.9,7147.1,437.7,353.3,,,14.2,3,929.5,4.7
Wadi Addawasir - TVTC,20.43008,44.89433,1/9/2018 0:00,34,0.5,,,,,,,2324,182.9,498.9,6317.9,436.8,991,6937.7,420.9,251.9,,,16.6,3,933.7,4.7
Wadi Addawasir - TVTC,20.43008,44.89433,1/10/2018 0:00,28.5,0.5,,,,,,,1947.8,182.4,648.5,6147.5,452.2,1874.3,5999.9,390.3,672.3,,,29.9,3,938.9,4.7
Wadi Addawasir - TVTC,20.43008,44.89433,1/11/2018 0:00,24.9,0.5,,,,,,,1765.5,156.6,508.3,5425.4,417.1,1832.7,4991.5,315.4,629.8,,,38.2,3,940,4.7
Wadi Addawasir - TVTC,20.43008,44.89433,1/12/2018 0:00,20.1,0.5,,,,,,,1186.9,91.2,394.4,6985.8,475.9,1079.1,4963.3,300.2,194.9,,,40.9,3,942.1,4.7
Wadi Addawasir - TVTC,20.43008,44.89433,1/1/2019 0:00,19.9,0.5,,,,,,,2237.6,206.7,786.8,4757.7,424.8,2016.4,4992.5,314.7,379.5,,,34.2,3,941.9,4.7
Wadi Addawasir - TVTC,20.43008,44.89433,1/2/2019 0:00,21.8,0.5,,,,,,,2583.3,205.1,572.3,4513.1,383.5,1395.9,5575.7,396.9,473.1,,,32.7,3,940.2,4.7
Wadi Addawasir - TVTC,20.43008,44.89433,1/3/2019 0:00,25.3,0.5,,,,,,,3287.5,273.1,844.2,4237.2,372.2,1664.3,6456.4,411.6,474.1,,,24.1,3,937.8,4.7
Wadi Addawasir - TVTC,20.43008,44.89433,1/4/2019 0:00,29.1,0.5,,,,,,,3193.8,773.7,1117.6,4778.8,1211.9,2232.6,6905.2,1358.7,649.3,,,30.2,3,936.3,4.7
Wadi Addawasir - TVTC,20.43008,44.89433,1/5/2019 0:00,32.1,0.5,91,4,3.1,0.1,1.8,,3115.5,808.5,652.9,4327.2,1287.7,1922.3,6581.4,1467.2,958,21,0.1,20.8,3,935.8,4.7
Wadi Addawasir - TVTC,20.43008,44.89433,1/6/2019 0:00,36.7,0.5,,,,,,,3100.6,851.1,727.4,5431.3,1427.8,1538.2,7355.3,1498.8,462.2,,,14.1,3,931.3,4.7
Wadi Addawasir - TVTC,20.43008,44.89433,1/7/2019 0:00,38.1,0.5,,,,,,,3341.4,399.7,672.3,5180.3,906.6,1275.9,7462.9,1375.1,317.9,,,12.1,3,928.5,4.7
Wadi Addawasir - TVTC,20.43008,44.89433,1/8/2019 0:00,36.8,0.5,,,,,,,2912.2,252.8,832.2,5705.1,473.1,1646.8,7323.9,443.6,328.5,,,15.1,3,930.3,4.7
Wadi Addawasir - TVTC,20.43008,44.89433,1/9/2019 0:00,34,0.5,,,,,,,2260,192.5,550.8,6402.3,493.6,1159.9,6920.2,446.9,345.2,,,18.7,3,933,4.7
Wadi Addawasir - TVTC,20.43008,44.89433,1/10/2019 0:00,29.7,0.5,,,,,,,1566.6,134,355.6,7186,480,877.9,6251.5,380.7,224.6,,,22.6,3,937.4,4.7
Wadi Addawasir - TVTC,20.43008,44.89433,1/11/2019 0:00,23.8,0.5,,,,,,,1620,144.9,465,5902.1,443.1,1810.1,5141,329.8,631.7,,,38,3,940.1,4.7
Wadi Addawasir - TVTC,20.43008,44.89433,1/12/2019 0:00,20.7,0.5,,,,,,,1441.6,131,516.4,5973.2,456.1,1992.5,4703.3,300.3,639.4,,,41.3,3,941,4.7
Wadi Addawasir - TVTC,20.43008,44.89433,1/1/2020 0:00,17.8,0.5,,,,,,,1416,409.6,438.2,6757.7,1604.6,1556.4,5225,1092,601.5,,,36,3,942,4.7
Wadi Addawasir - TVTC,20.43008,44.89433,1/2/2020 0:00,20.9,0.5,113,3.7,3.3,0.1,1.7,,2203.6,654.2,811.9,5644.7,1502.9,1981.9,5844.4,1224.3,516.8,13.3,0.1,21.8,3,941.5,4.7
Wadi Addawasir - TVTC,20.43008,44.89433,1/3/2020 0:00,25.7,0.5,,,,,,,3115.6,829.1,771.5,4808,1287.6,1597.1,6652.4,1368.6,544.8,,,23.8,3,937.4,4.7
Wadi Addawasir - TVTC,20.43008,44.89433,1/4/2020 0:00,30.1,0.5,123,3.7,3.2,0.1,1.8,,2829.1,738.6,633.7,5323.9,1390.8,1802.8,6929.7,1432.7,1042.7,17.9,0.1,27.1,3,936,4.7
Wadi Addawasir - TVTC,20.43008,44.89433,1/5/2020 0:00,33.5,0.5,93,4,2.8,0.1,1.7,,3240.3,774.1,690.1,4594.4,1179.7,1521.8,6863.4,1368.3,552.8,13.6,0.1,15,3,935.3,4.7
Wadi Addawasir - TVTC,20.43008,44.89433,1/9/2020 0:00,32.6,0.5,85,4,1.9,0,1.2,,2038.8,519.7,419,6992.3,1524.5,1104.3,7092.6,1385.5,379,11.7,0.1,12.4,3,933.7,4.7
Wadi Addawasir - TVTC,20.43008,44.89433,1/10/2020 0:00,26.5,0.5,,,,,,,1291.1,321.2,208.3,7873.3,1620.1,425,6343.9,1289,259.5,,,19.3,3,938.7,4.7
Wadi Addawasir - TVTC,20.43008,44.89433,1/11/2020 0:00,22.6,0.5,128,4,2.5,0.1,1.7,,1207.5,353.3,362.3,7472.4,1747.4,1710.3,5538.1,1180.9,652.8,12.3,0.1,27,3,941,4.7
Wadi Addawasir - TVTC,20.43008,44.89433,1/12/2020 0:00,19.4,0.5,,,,,,,1245.9,357,434.4,6724.7,1536.5,1211.8,4890.8,983.2,228.1,,,41.4,3,942.1,4.7
Wadi Addawasir - TVTC,20.43008,44.89433,1/1/2021 0:00,17.4,0.5,118,4,2.9,0.1,1.8,,1607.7,486.2,609.5,6255.2,1537.9,1978.9,5181,1066.2,632.5,12,0.1,30.7,3,942.8,4.7
Wadi Addawasir - TVTC,20.43008,44.89433,1/2/2021 0:00,20.7,0.5,,,,,,,1728.3,529.9,559.3,6311,1592.6,1942.3,5736.5,1207.8,701.4,,,33.2,3,940.7,4.7
Wadi Addawasir - TVTC,20.43008,44.89433,1/3/2021 0:00,26.4,0.5,,,,,,,2633.2,869.4,1021.3,5694.8,1555.6,2291.8,6687.4,1411.8,738.9,,,19.6,3,937.9,4.7
Wadi Addawasir - TVTC,20.43008,44.89433,1/4/2021 0:00,29,0.5,111,3.7,2.7,0.1,1.7,,2725.9,678.8,657.6,6052.8,1666.3,1915.2,7354.2,1501.8,708.4,16.8,0.1,14.1,2.9,937.4,4.7
Wadi Addawasir - TVTC,20.43008,44.89433,1/5/2021 0:00,34.4,0.5,,,,,,,2963.9,733,590.5,5867.8,1508,1234.8,7533.5,1521.7,361.6,,,13.6,3,933.3,4.6
Wadi Addawasir - TVTC,20.43008,44.89433,1/7/2021 0:00,36,0.5,313,4,2.6,0.1,1.7,,3141.6,674.8,679.6,4847.9,1376.3,2189.8,6964.2,1481.5,1165.5,18.6,0.1,18.5,3,928.1,4.6
Wadi Addawasir - TVTC,20.43008,44.89433,1/8/2021 0:00,37.3,0.5,,,,,,,3016.6,234.5,704.1,5073.4,407.2,1405.5,6966.6,423.4,410.4,,,15.8,3,929.9,4.7
Wadi Addawasir - TVTC,20.43008,44.89433,1/9/2021 0:00,33,0.5,,,,,,,2284.1,556.9,419.5,5999.8,1430.3,1389.7,6697.1,1391,771.6,,,16.6,3,932.9,4.7
Wadi Addawasir - TVTC,20.43008,44.89433,1/10/2021 0:00,28.2,0.5,107,4,2,0.1,1.6,,1683.5,75.4,446,7204.1,342.4,967.8,6404.1,296.4,239,11.7,0.1,18.2,3,938.5,4.7
Wadi Addawasir - TVTC,20.43008,44.89433,1/11/2021 0:00,23.6,0.5,,,,,,,1290.3,92.4,224.1,6903.7,451.6,739.1,5306.6,329.5,304.2,,,30.4,3,940.4,4.7
Wadi Addawasir - TVTC,20.43008,44.89433,1/12/2021 0:00,18.8,0.5,,,,,,,1272.4,117.8,524.9,6621.2,484.8,1671.3,4872.5,306.1,336.4,,,39.3,3,942.1,4.7
Rania - TVTC,21.21501,42.84853,1/1/2017 0:00,,,,,,,,,,,,,,,,,,,,,,,
Rania - TVTC,21.21501,42.84853,1/2/2017 0:00,17.8,0.5,144,4,3.4,0.1,1.7,,2489.3,560.8,620.2,3360.3,1138.2,1940.2,4696.4,1091.8,1034.7,22.6,0.1,36.1,3,912.8,4.6
Rania - TVTC,21.21501,42.84853,1/3/2017 0:00,24.9,0.5,178,4,3.8,0.1,2.4,,2849.3,288,718.4,3924,524.3,1841,5689.1,598.9,819.1,21.3,0.1,33.7,3,909.1,4.6
Rania - TVTC,21.21501,42.84853,1/4/2017 0:00,30.3,0.5,,,,,,,3141.5,756.8,763.9,4917.6,1343.3,1962.5,6940.9,1511,996.2,,,17.7,3,908.5,4.5
Rania - TVTC,21.21501,42.84853,1/5/2017 0:00,32,0.5,256,4,3.1,0.1,1.9,,3045.4,733.2,643.2,4398.2,1070.7,1209.7,6588.7,1363.3,770,24.2,0.1,24.7,3,908.4,4.6
Rania - TVTC,21.21501,42.84853,1/6/2017 0:00,,,,,,,,,,,,,,,,,,,,,,,
Rania - TVTC,21.21501,42.84853,1/9/2017 0:00,32.2,0.5,107,4,2.4,0.1,1.6,,2290.2,395,440.7,6135.3,1084,1205.2,6773,1117.6,376.1,15.7,0.1,10.7,3,907.5,4.5
Rania - TVTC,21.21501,42.84853,1/10/2017 0:00,27.6,0.5,,,,,,,1491.3,129.9,353.3,7963,549.8,914.3,6572.9,418,318.7,,,14,3.1,909.9,4.7
Rania - TVTC,21.21501,42.84853,1/11/2017 0:00,23.2,0.5,181,4,3.4,0.1,1.7,,1461.4,119.2,419.8,6553.3,442.3,1926.8,5252.1,320.3,872.8,14.7,0.1,27.3,3,912.5,4.6
Rania - TVTC,21.21501,42.84853,1/3/2018 0:00,25.9,0.5,184,4,3.7,0.1,1.9,,2201.4,82,589.8,6323.8,254.2,2017.6,6647.4,222.4,981.3,29.3,0.1,21.7,3,910.6,4.6
Rania - TVTC,21.21501,42.84853,1/4/2018 0:00,26.5,0.5,215,4,3.7,0.1,2.3,,2885.1,141.8,776.9,4650.2,244.5,2138.4,6467.7,284.8,1108.3,33.3,0.1,33.9,3,908.7,4.5
Rania - TVTC,21.21501,42.84853,1/5/2018 0:00,32.2,0.5,174,4,3.4,0.1,2,,3333.3,149.6,789.4,5330.2,206,1731.6,7521.3,246.1,655,24.2,0.1,15.8,3,907.5,4.5
Rania - TVTC,21.21501,42.84853,1/1/2019 0:00,20.6,0.5,,,,,,,2171.8,664.3,747,4634.6,1419.4,1948,4864.6,1052.1,373.1,,,32.7,3,912.1,4.6
Rania - TVTC,21.21501,42.84853,1/2/2019 0:00,21.3,0.5,,,,,,,2401.2,547.4,720.5,4490.4,1107.9,1937.2,5330.1,1254,679.8,,,33.5,3,910.8,4.6
Rania - TVTC,21.21501,42.84853,1/3/2019 0:00,23.5,0.5,224,4,4,0.1,3.1,,2723,100.6,822.9,5245,217.9,1928.1,6513.2,220.8,547.5,23.7,0.1,21.2,3,910.1,4.6
Rania - TVTC,21.21501,42.84853,1/4/2019 0:00,26.6,0.5,260,4,3.3,0.1,2.3,,2881.5,767,1008.7,4203.2,842.2,2063.3,6275.2,1204.3,790.1,25.8,0.1,30.5,3,909.1,4.6
Rania - TVTC,21.21501,42.84853,1/5/2019 0:00,29.9,0.5,272,4,3.5,0.1,2.3,,2986.6,900.4,658.8,3704,1206.9,1998,6095.7,1386.7,1324.9,23.7,0.1,27.3,3,908.9,4.6
Rania - TVTC,21.21501,42.84853,1/6/2019 0:00,35.5,0.5,267,4,3.5,0.1,2.3,,3051.8,713.4,443.1,5318.3,1356.6,1316.9,7328.3,1464.7,506.7,21.9,0.1,11,3,905.7,4.5
Rania - TVTC,21.21501,42.84853,1/7/2019 0:00,36.2,0.5,281,4,4.6,0.1,2.6,,,,,3278.8,1259.3,3109.4,7619.2,1478.7,449,17.6,0.1,9.7,3,903.3,4.5
Rania - TVTC,21.21501,42.84853,1/8/2019 0:00,34.7,0.5,265,4,4.5,0.1,3.1,,2803,120.1,647.5,5779.2,218.8,1411.8,7292.2,250.1,400.5,19.5,0.1,14.6,3,904.7,4.5
Rania - TVTC,21.21501,42.84853,1/9/2019 0:00,33.3,0.5,262,4,2.4,0.1,2,,2417.9,116.9,596.3,6088.5,232.3,1306,6885.3,243.3,375,16.5,0.1,13.3,3,906.8,4.5
Rania - TVTC,21.21501,42.84853,1/10/2019 0:00,29.1,0.5,266,4.1,2.4,0.1,1.8,,1826.4,84.9,458,6564.4,291.8,1268.7,6154.9,222.3,359,17.3,0.1,17.7,3.1,910.3,4.7
Rania - TVTC,21.21501,42.84853,1/11/2019 0:00,23.2,0.5,282,4,3.3,0.1,1.9,,1798.3,74.3,501.7,5284.9,282.4,2038.2,4930.5,195.8,1020.7,28.5,0.1,36.1,3,911.8,4.6
Rania - TVTC,21.21501,42.84853,1/12/2019 0:00,20.5,0.5,,,,,,,1436.2,119.7,482.3,5667.1,439,2042.3,4502.5,276.9,673.9,,,38.1,3,911.5,4.6
Rania - TVTC,21.21501,42.84853,1/1/2020 0:00,17.4,0.5,,,,,,,1322.7,402.7,416.3,6688.5,1674.4,1438.4,5079,1204.5,468.9,,,35.4,3,912.3,4.5
Rania - TVTC,21.21501,42.84853,1/2/2020 0:00,21,0.5,270,4,3,0.1,2.4,,2340.1,683.1,732.4,4962.5,1463,1619.2,5547.4,1216.6,459.6,17.6,0.1,24.9,3,912.6,4.6
Rania - TVTC,21.21501,42.84853,1/3/2020 0:00,24.5,0.5,268,4,3.1,0.1,2.8,,2867.5,694.9,709.3,5040.8,1412.8,1757.8,6522.9,1382.8,616.9,19.5,0.1,19.3,3,909.6,4.6
Rania - TVTC,21.21501,42.84853,1/4/2020 0:00,28.8,0.5,288,4,2.6,0.1,2.6,,2695.2,706.4,805,5478.2,1595.6,2225.6,6893.6,1471.6,909.4,25.3,0.1,24.1,3,908.5,4.5
Rania - TVTC,21.21501,42.84853,1/5/2020 0:00,32,0.6,276,4.2,2.8,0.1,2.6,,3106.1,987.8,861.9,4200.3,1527.5,1863.1,6454.6,1673.9,905.4,22.1,0.1,20,3.4,908.6,5.1
Rania - TVTC,21.21501,42.84853,1/9/2020 0:00,32.2,0.6,232,3.9,2.1,0.1,1.9,,2153.8,634.5,446.4,6819.7,1724.1,1130.7,7093.5,1632.1,357.4,17.1,0.1,10.8,3.2,906.9,5.1
Rania - TVTC,21.21501,42.84853,1/10/2020 0:00,26.7,0.5,,,,,,,1252.9,324.9,248.9,8017,1674.8,564.2,6358.1,1290.3,253.8,,,15.1,3,910.3,4.5
Rania - TVTC,21.21501,42.84853,1/11/2020 0:00,23.5,0.5,279,4,3,0.1,2.1,,1298.6,394.9,407.7,7125.5,1642.2,1779.5,5419.3,1118.4,662.7,15.7,0.1,25.1,3,912.2,4.6
Rania - TVTC,21.21501,42.84853,1/12/2020 0:00,19.8,0.5,,,,,,,1421.2,456.7,587.3,6091.2,1466.5,1634.2,4739.6,962.4,307.5,,,37.3,3,912.1,4.5
Rania - TVTC,21.21501,42.84853,1/1/2021 0:00,18.4,0.5,272,4,2.7,0.1,2,,1789.6,559.6,803.9,5867.5,1553.3,2033.9,5111.7,1047.1,477.8,15.2,0.1,30.1,3,913.5,4.6
Rania - TVTC,21.21501,42.84853,1/2/2021 0:00,20.5,0.5,,,,,,,1937.8,608.5,716.5,5553.2,1626.8,2124,5454.9,1170.1,683.1,,,31.5,3,910.8,4.5
Rania - TVTC,21.21501,42.84853,1/3/2021 0:00,,,,,,,,,,,,,,,,,,,,,,,
Rania - TVTC,21.21501,42.84853,1/4/2021 0:00,27.9,0.5,268,3.7,2.6,0.1,2.4,,2861.2,804,674.3,5265.2,1551.9,2154.3,6991.2,1552.1,1028.5,34.1,0.1,20.4,2.8,909.9,4.5
Rania - TVTC,21.21501,42.84853,1/5/2021 0:00,33.4,0.5,273,4,2.4,0.1,2.3,,2755.5,742.4,741.7,6359.7,1572.9,2079.8,7704.7,1563.1,897.6,26.1,0.1,10.9,3,907,4.5
Rania - TVTC,21.21501,42.84853,1/7/2021 0:00,36.1,0.5,269,4,4.2,0.1,2.9,,3245.5,730.6,624.1,4820.7,1354.1,1893.8,7095.6,1494.1,1208.2,24,0.1,14.2,3,902.2,4.5
Rania - TVTC,21.21501,42.84853,1/8/2021 0:00,36,0.5,258,3.7,3.4,0.1,2.7,,2841,114.4,636.9,5704.4,229.9,1490,7290.2,230.3,452.5,16.8,0.1,12.7,3,904.4,4.5
Rania - TVTC,21.21501,42.84853,1/9/2021 0:00,33.3,0.5,,,,,,,2384.3,633.7,552,5764,1358.4,1135.5,6654.8,1372.8,273,,,13.5,3,905.3,4.5
Rania - TVTC,21.21501,42.84853,1/10/2021 0:00,28.6,0.5,275,4,2.4,0.1,1.9,,1759.3,86.4,453.2,6942.6,359.5,956.9,6307.4,293.2,269.2,13.6,0.1,14.5,3,910.8,4.6
Rania - TVTC,21.21501,42.84853,1/11/2021 0:00,24.2,0.5,,,,,,,1300.9,108.4,269.8,6853.3,465.7,818.6,5272.3,335.7,307.8,,,25.5,3,911.2,4.5
Rania - TVTC,21.21501,42.84853,1/12/2021 0:00,19.4,0.5,,,,,,,1391,126.7,562.5,6074.7,472.5,2022.5,4676.4,301.3,546.3,,,34.8,3,912.4,4.5
Thuwal - KAUST,22.3065,39.107,1/1/2017 0:00,23.9,0.5,337,4,2.2,0,1.2,,1551,392.1,335.8,5142.7,1155.2,1194.4,4441.4,947.2,374,11.2,0.1,83.6,3,1012.4,5.1
Thuwal - KAUST,22.3065,39.107,1/2/2017 0:00,23.3,0.5,356,4,2.7,0.1,1.3,,2316.1,648.2,711.9,3523.9,1496.4,2611.8,4529.6,1149.1,1238.8,13.1,0.1,65.1,3,1012.1,5.1
Thuwal - KAUST,22.3065,39.107,1/3/2017 0:00,24.6,0.5,321,4,2.6,0,1.4,,2544.1,777,853.4,4485.6,1359.6,2334.2,5726.5,1258.3,961.1,11.7,0.1,83.6,3,1008.4,5
Thuwal - KAUST,22.3065,39.107,1/4/2017 0:00,27.9,0.5,305,4,2.8,0.1,1.5,,3026.8,703.7,550.7,3978,1284.1,1399.8,6098.8,1267.6,599,16,0.1,80.6,3,1007.1,5
Thuwal - KAUST,22.3065,39.107,1/5/2017 0:00,29.8,0.5,312,4,2.6,0.1,1.3,,2851.5,665.1,445.3,4210.5,1143.6,1473.9,6160.8,1314.9,902.6,12,0.1,83.8,3,1005.5,5
Thuwal - KAUST,22.3065,39.107,1/6/2017 0:00,29.9,0.5,289,4,2.5,0.1,1.5,,2344.2,601.2,541.8,5721,1614.2,1266.8,6778.2,1405.8,278.8,14.7,0.1,92.4,3,1001.6,5
Thuwal - KAUST,22.3065,39.107,1/9/2017 0:00,31.4,0.5,289,4,2.5,0.1,1.5,,2630.7,189.5,342.2,4680.7,340.4,754.5,6160.3,406.3,251.4,12.3,0.1,93.7,3,1003.3,5
Thuwal - KAUST,22.3065,39.107,1/10/2017 0:00,29,0.5,309,4,2.1,0,1.5,,1788.8,125.4,239.3,5825.1,394,712.4,5630.4,355.6,370.7,10.7,0.1,95.9,3,1007,5
Thuwal - KAUST,22.3065,39.107,1/11/2017 0:00,27.5,0.5,322,4,2.3,0,1.3,,1685.6,135.1,353,4843,377.3,1392.6,4537.8,290.3,563.1,11.7,0.1,88.8,3,1009.6,5.1
Thuwal - KAUST,22.3065,39.107,1/3/2018 0:00,26,0.5,0,0,0,0,0,,2089.3,169.2,680.4,6161.7,464,1660.6,6375.2,406,451.8,0,0,68.9,3,1008.3,5
Thuwal - KAUST,22.3065,39.107,1/4/2018 0:00,27,0.5,0,0,0,0,0,,2507.9,232.6,684.2,6022.8,475.3,1607.6,7031.1,442.8,481.2,0,0,65.5,3,1006.2,5
Thuwal - KAUST,22.3065,39.107,1/5/2018 0:00,30.2,0.5,0,0,0,0,0,,3128,248,768.1,5108,447.6,1584,7120.5,454.8,407.7,0,0,62,3,1003.9,5
Thuwal - KAUST,22.3065,39.107,1/6/2018 0:00,30.9,0.5,0,0,0,0,0,,2970.5,252.2,913.3,5355.5,479.9,2036.6,7152.3,457.4,534.6,0,0,68.2,3,1001.6,5
Thuwal - KAUST,22.3065,39.107,1/7/2018 0:00,31.9,0.5,0,0,0,0,0,,2769.9,223.7,716.2,5444.7,473.9,1530.8,7036.3,455.5,350.7,0,0,65.5,3,1001.7,5
Thuwal - KAUST,22.3065,39.107,1/8/2018 0:00,32.1,0.5,0,0,0,0,0,,2421.2,186.3,548,5502.2,433.3,1455.5,6668.6,421.5,509.2,0,0,69.5,3,1001.9,5
Thuwal - KAUST,22.3065,39.107,1/9/2018 0:00,31.6,0.5,0,0,0,0,0,,3004.4,214.2,421.5,3679.4,291.3,872.8,5840.5,356.3,288.4,0,0,79.2,3,1003.4,5
Thuwal - KAUST,22.3065,39.107,1/10/2018 0:00,29.9,0.5,0,0,0,0,0,,2043.4,159.1,429.4,4577.8,370,1721.6,5111.6,337.2,1114,0,0,71.9,3,1007.7,5
Thuwal - KAUST,22.3065,39.107,1/11/2018 0:00,26.9,0.5,0,0,0,0,0,,1619,138,440.4,4521.7,445.4,2022.4,4224.2,292.9,844.4,0,0,61.5,3,1009.8,5.1
Thuwal - KAUST,22.3065,39.107,1/12/2018 0:00,24.8,0.5,0,0,0,0,0,,1644.6,135.8,511.7,4220.4,396.4,2112.5,3910.5,263,665.3,0,0,66.4,3,1012.2,5.1
Thuwal - KAUST,22.3065,39.107,1/1/2019 0:00,24.1,0.5,0,0,0,0,0,,1959.2,145.5,497.7,3470.4,349.6,1962.4,3951.5,277.3,816,0,0,67.7,3,1012.3,5
Thuwal - KAUST,22.3065,39.107,1/2/2019 0:00,23.9,0.5,0,0,0,0,0,,2080.2,176.4,652.6,4001.6,445,2590.8,4607.3,348.1,1250.1,0,0,57.9,3,1011.5,5
Thuwal - KAUST,22.3065,39.107,1/3/2019 0:00,23.7,0.5,0,0,0,0,0,,2209.2,194.3,765,5648.4,522.2,2320.1,6107.7,408.6,1048.3,0,0,60.6,3,1010.2,5.1
Thuwal - KAUST,22.3065,39.107,1/4/2019 0:00,26.2,0.5,0,0,0,0,0,,2516.8,702.6,1038.4,5741,1313.1,2500.5,6768.1,1182,685.1,0,0,64.7,3,1007.5,5
Thuwal - KAUST,22.3065,39.107,1/5/2019 0:00,30.2,0.5,0,0,0,0,0,,2797.3,695.2,477,4946.6,1180,973.8,6682.7,1335.2,333.3,0,0,63.9,3,1005.1,5
Thuwal - KAUST,22.3065,39.107,1/6/2019 0:00,31.8,0.5,0,0,0,0,0,,2680.4,647.4,424.2,4588.4,1185.1,1123.2,6334.7,1306.6,523.8,0,0,66,3,1002.1,5
Thuwal - KAUST,22.3065,39.107,1/7/2019 0:00,31.8,0.5,0,0,0,0,0,,2480.5,262.2,692.9,5709.7,1219.8,1646.7,6893.8,1271.8,661.2,0,0,68,3,1000.9,5
Thuwal - KAUST,22.3065,39.107,1/8/2019 0:00,32.2,0.5,0,0,0,0,0,,2337.3,163.3,449.8,5597.8,375.6,1005.8,6611,401.9,376.2,0,0,69.8,3,1002.5,5
Thuwal - KAUST,22.3065,39.107,1/9/2019 0:00,30.9,0.5,0,0,0,0,0,,2469.5,186.7,408.9,4619.7,352.3,1115,5908.1,375.6,416.2,0,0,78,3,1002.8,5
Thuwal - KAUST,22.3065,39.107,1/10/2019 0:00,31.1,0.5,0,0,0,0,0,,1870.5,228.4,403.5,5032.4,529.5,1215.6,5228,520.5,325.3,0,0,69,2.9,1007.6,5.2
Thuwal - KAUST,22.3065,39.107,1/11/2019 0:00,28.1,0.5,0,0,0,0,0,,1567.2,121.1,343.4,5053,393.1,1273.5,4486.9,291.4,478.9,0,0,63,3,1008.6,5
Thuwal - KAUST,22.3065,39.107,1/12/2019 0:00,24.8,0.5,0,0,0,0,0,,1322.5,114.8,423.8,5637.5,441.6,1429.3,4316.6,272.5,317.2,0,0,58,3,1011.5,5.1
Thuwal - KAUST,22.3065,39.107,1/1/2020 0:00,21.6,0.5,102,4,0.2,0,0.7,,1307.7,121.6,504.1,6020.4,463.4,2182.9,4597,304.2,753.1,8.5,0,52.8,3,1014.3,5.1
Thuwal - KAUST,22.3065,39.107,1/2/2020 0:00,22.7,0.5,122,4,2.6,0,1.2,,1963,577.4,733.8,4774.1,1553.7,2455,4914.9,1139.8,923.7,14.1,0.1,62.1,3,1012.8,5.1
Thuwal - KAUST,22.3065,39.107,1/3/2020 0:00,24.1,0.5,102,4,2.6,0.1,1.4,,2321.5,641.8,759.5,5308.6,1645.4,2035.6,6083.3,1332,1073.4,14.9,0.1,66.8,3,1008.8,5.1
Thuwal - KAUST,22.3065,39.107,1/4/2020 0:00,26,0.6,100,4.3,2.4,0.1,1.4,,2145.2,267,677.2,6306.7,862.1,1650.6,6790.1,740.7,446.2,11.2,0.1,67.9,3.5,1007.6,5.9
Thuwal - KAUST,22.3065,39.107,1/5/2020 0:00,29.3,0.5,99,4,2.5,0,1.4,,2533.6,408,676.2,5336.2,904.8,1958.4,6632.5,1096.3,903.7,12.3,0.1,67.4,3,1005.5,5.1
Thuwal - KAUST,22.3065,39.107,1/9/2020 0:00,32.4,0.5,63,4,2.3,0.1,1.7,,2314.2,553.3,316.8,5023.7,1122.2,879.8,6025.7,1215.2,423.8,11.2,0.1,74.8,3,1002.1,5
Thuwal - KAUST,22.3065,39.107,1/10/2020 0:00,31.3,0.5,113,4,2.3,0.1,1.6,,1615,504,502.2,6168.2,1506.5,1255.5,5569.3,1153.4,283.3,12.3,0.1,57.9,3,1006.8,5
Thuwal - KAUST,22.3065,39.107,1/11/2020 0:00,27.8,0.5,123,3.7,2.4,0,1.2,,1422.6,378.9,334.5,5307,1387.6,1214.2,4492.5,943.4,406.1,12.5,0.1,63.7,3,1009.9,5
Thuwal - KAUST,22.3065,39.107,1/12/2020 0:00,25.5,0.5,130,4,2.1,0,1.1,,1489.9,419,488.2,4741.3,1453.8,2002.1,4028.1,899,623.6,10.1,0.1,62.3,3,1011.3,5.1
Thuwal - KAUST,22.3065,39.107,1/1/2021 0:00,24.9,0.5,145,4,2.5,0,1.2,,1733.6,520.7,613.7,4544,1413.2,1975.8,4280.5,960.2,539.5,13.6,0.1,59.4,3,1011.7,5.1
Thuwal - KAUST,22.3065,39.107,1/2/2021 0:00,23.9,0.5,121,4,2.7,0.1,1.6,,1647.6,546.7,548.1,5373.2,1626.2,2178.2,4971.2,1144.7,1109.6,14.9,0.1,63,3,1011.4,5.1
Thuwal - KAUST,22.3065,39.107,1/3/2021 0:00,,,,,,,,,,,,,,,,,,,,,,,
Thuwal - KAUST,22.3065,39.107,1/9/2021 0:00,31.1,0.5,141,3.7,2.5,0,1.4,,2674.1,630.6,420,4143.2,1055.4,1022.9,5790.5,1201.4,425.3,14.4,0.1,76.7,3,1002.9,5
Thuwal - KAUST,22.3065,39.107,1/10/2021 0:00,29.3,0.5,107,4,0.2,0,0.7,,1831.3,143.7,309.1,5239.4,365.6,590.7,5313.2,340.3,275.6,8.8,0,78.8,3,1006.7,5.1
Thuwal - KAUST,22.3065,39.107,1/11/2021 0:00,27.4,0.5,0,0,0,0,0,,1350.9,102.8,271.3,5247.1,366.3,1270.9,4389.4,283.7,807.5,0,0,69.7,3,1009.5,5.1
Thuwal - KAUST,22.3065,39.107,1/12/2021 0:00,25.3,0.5,0,0,0,0,0,,1589.8,127.4,474.9,4094.9,390.1,1974.4,3797.4,249.8,668,0,0,62.9,3,1011.8,5.1
Tabuk - University,28.38287,36.48396,1/1/2017 0:00,11.2,0.5,300,4,2.1,0,1.3,,1282.3,368.7,524.5,5592.6,1493.8,2202,4028.6,910.3,618.3,13.6,0.1,36.7,3,929.7,4.7
Tabuk - University,28.38287,36.48396,1/2/2017 0:00,11.5,0.5,354,4,2.3,0,1.3,,1318.5,395.4,420.4,6873.2,1618,1328,5199.5,1076.7,335.2,13.3,0.1,26.5,3,930,4.7
Tabuk - University,28.38287,36.48396,1/3/2017 0:00,17.7,0.5,266,4,2.6,0.1,1.7,,1617.6,495,677.8,7280.9,1677.6,1953.3,6312.4,1284.9,594.9,16.3,0.1,25.8,3,925.4,4.6
Tabuk - University,28.38287,36.48396,1/4/2017 0:00,23.1,0.5,356,4.1,0.4,0,1.3,,2492.4,751,1080.2,6099.6,1840.7,2769.9,6791,1443.9,889.7,15.5,0.1,21.2,2.9,926.3,4.6
Tabuk - University,28.38287,36.48396,1/5/2017 0:00,27.5,0.5,0,0,0,0,0,,1894.8,652,694.5,7888.3,1834.3,1701.9,7630.7,1514.5,467.3,0,0,17.3,3,925.1,4.6
Tabuk - University,28.38287,36.48396,1/6/2017 0:00,,,,,,,,,,,,,,,,,,,,,,,
Tabuk - University,28.38287,36.48396,1/9/2017 0:00,29.9,0.5,279,4,2.8,0.1,1.3,,1888.1,478.5,397.1,6915.3,1627.1,1014,6626,1321.2,305.1,14.7,0.1,22.4,3,924.5,4.6
Tabuk - University,28.38287,36.48396,1/10/2017 0:00,25.2,0.5,,,,,,,1743.9,462,445.2,5381.4,1502.9,1901.9,4961,1158.3,985.8,,,24.3,3,961.5,4.6
Tabuk - University,28.38287,36.48396,1/11/2017 0:00,17.5,0.5,289,4,2,0,1,,1375.6,149.2,472.4,5824.3,582.3,1811.6,4388.9,431.4,537.5,10.7,0,39.6,3,928.5,4.7
Tabuk - University,28.38287,36.48396,1/3/2018 0:00,21.9,0.5,248,4,2.5,0.1,1.7,,1814.9,697,986.7,7139.4,1837.3,2601.5,6380.9,1321.9,636.5,21,0.1,18.7,3,926.5,4.6
Tabuk - University,28.38287,36.48396,1/4/2018 0:00,22.4,0.5,288,4,2.5,0.1,1.5,,2347.1,674.3,750.8,6530.4,1909.3,2501.3,7043.3,1551.4,1141.8,16.5,0.1,24.7,3,924.4,4.6
Tabuk - University,28.38287,36.48396,1/5/2018 0:00,28.1,0.5,247,4,3.1,0.1,1.8,,2752.3,139.4,994.6,6270.7,311.8,2701.6,7448.6,301.5,1011.9,18.4,0.1,18.8,3,923.8,4.6
Tabuk - University,28.38287,36.48396,1/6/2018 0:00,30.6,0.5,273,4,2.9,0.1,1.5,,2058.5,577.9,631.2,8506.7,1896.9,1360.8,8333,1619.6,258.5,15.5,0.1,19.4,3,922.6,4.6
Tabuk - University,28.38287,36.48396,1/7/2018 0:00,31.6,0.5,267,4,2.8,0.1,1.3,,1839.3,665.8,821.5,8659.4,1923.9,1758.4,8157.9,1597.6,319,12.3,0.1,19.7,3,921,4.6
Tabuk - University,28.38287,36.48396,1/8/2018 0:00,31,0.6,289,4.4,2.8,0.1,1.2,,1266.2,71.8,190.4,9316.7,549.2,624,7802,464.1,264.2,13.6,0.1,23.9,3.4,922,5.2
Tabuk - University,28.38287,36.48396,1/3/2019 0:00,15.7,0.5,250,4,2.8,0.1,1.9,,1643.5,128,902.4,7700.4,318.6,2436.2,6494.3,239.3,733.7,21,0.1,29.7,3,926.7,4.7
Tabuk - University,28.38287,36.48396,1/4/2019 0:00,20.6,0.5,272,4,2.7,0.1,1.7,,2060.7,409.1,725.3,6569.1,1246.6,2119.9,6681,1297.3,860.4,16.5,0.1,23.4,3,925.8,4.7
Tabuk - University,28.38287,36.48396,1/5/2019 0:00,29,0.5,280,4,2.7,0,1.3,,2054.7,565.2,705.3,6870.8,1820.7,1653.6,7116.1,1486.5,444.1,16.3,0.1,13.4,3,924.7,4.6
Tabuk - University,28.38287,36.48396,1/6/2019 0:00,31.4,0.5,263,4,3,0.1,1.4,,1917.9,698.5,745.1,8159,1919,1992.7,7896.1,1572.7,622.1,18.4,0.1,18.3,3,923.1,4.6
Tabuk - University,28.38287,36.48396,1/7/2019 0:00,31.8,0.5,281,4,2.8,0.1,1.3,,1500,87.4,494.6,9425.8,263.8,1191.5,8313.3,235.2,284.8,15.5,0.1,18.7,3,921,4.6
Tabuk - University,28.38287,36.48396,1/8/2019 0:00,31.3,0.5,263,4,2.7,0.1,1.3,,1533,107.6,451.1,8704.4,358.8,1531.2,7684.6,359.1,601.6,17.3,0.1,21.1,3,922.1,4.6
Tabuk - University,28.38287,36.48396,1/9/2019 0:00,30,0.5,277,4,2.7,0,1.2,,1567.3,142.3,381.3,7724.1,485.7,1159,6747.2,492,401.8,12.5,0.1,23.6,3,923.8,4.6
Tabuk - University,28.38287,36.48396,1/10/2019 0:00,25.8,0.5,261,3.7,2.5,0,1.3,,2188.2,296,1593.9,4966.1,340,3056.7,5138.7,282,891.9,13.9,0.1,29.9,3,926.7,4.6
Tabuk - University,28.38287,36.48396,1/11/2019 0:00,18.8,0.5,27,4,2.1,0,1.1,,1259.1,64.7,434.1,5771.2,425.8,2154.6,4226.5,265.2,739.9,14.4,0.1,36.4,3,928,4.6
Tabuk - University,28.38287,36.48396,1/12/2019 0:00,13.1,0.5,250,4,2.1,0,1.4,,865.8,84.7,313,6857,678.4,1102.2,4025.8,403.2,202.3,14.4,0.1,39.5,3,929.3,4.7
Tabuk - University,28.38287,36.48396,1/1/2020 0:00,10.3,0.5,259,3.7,1.9,0,1.4,,1060,511.6,477.7,6498.1,2077.2,1984.7,4191.2,1115.3,540.8,12.3,0.1,42.2,3,930.3,4.6
Tabuk - University,28.38287,36.48396,1/9/2020 0:00,32.4,0.5,275,4,2.4,0,1.2,,1627.6,452.3,397.1,6731.6,1676.4,1256.3,6244.6,1313.5,434.5,20.8,0.1,18.1,3,924,4.6
Tabuk - University,28.38287,36.48396,1/10/2020 0:00,26.8,0.5,273,3.7,2.2,0,1,,1270.6,346.5,394.8,7375.2,1636.5,1062.1,5630.9,1153.7,323.1,10.1,0.1,17.6,3,927.6,4.6
Tabuk - University,28.38287,36.48396,1/11/2020 0:00,18.1,0.5,263,3.7,2.2,0,1.2,,1000.6,280.2,244.6,6999.7,1580.4,875.1,4561.7,958.9,248,12.3,0.1,40.3,3,928,4.6
Tabuk - University,28.38287,36.48396,1/12/2020 0:00,14.5,0.5,265,3.7,1.9,0,1.2,,1259.4,358,529.7,5190.9,1599.1,2230.8,3685.6,905.3,702.8,14.7,0.1,43.1,3,929.5,4.6
Tabuk - University,28.38287,36.48396,1/1/2021 0:00,13.3,0.5,264,4,2,0,1.4,,1255.2,365.6,476.1,6090.1,1578.9,1996.4,4246.2,927,606.3,13.9,0.1,41.5,3,930,4.7
Tabuk - University,28.38287,36.48396,1/2/2021 0:00,14.4,0.5,274,4,2.4,0.1,1.6,,1345.2,453.6,594,6825.2,1715.3,2412.6,5149.7,1147.9,912.6,14.7,0.1,39.2,3,928.8,4.7
Tabuk - University,28.38287,36.48396,1/3/2021 0:00,,,,,,,,,,,,,,,,,,,,,,,
Tabuk - University,28.38287,36.48396,1/9/2021 0:00,29.5,0.5,294,3.7,2.8,0.1,1.2,,1565.9,494.6,375.6,7489.3,1622.9,1166.9,6587.6,1351.9,400.3,11.7,0.1,24.4,3,924.1,4.6
Tabuk - University,28.38287,36.48396,1/10/2021 0:00,25.3,0.5,283,4,2.4,0,1.2,,1432.5,449.1,501.9,6797.3,1563.2,1696.9,5489.4,1171.6,610.2,12.8,0.1,25.4,3,927.3,4.7
Tabuk - University,28.38287,36.48396,1/11/2021 0:00,19.1,0.5,300,4,1.9,0,1.1,,1072.8,283,274.1,6400.4,1540.2,1846.6,4362.8,945.8,812.4,10.9,0.1,34.5,3,928.8,4.7
Tabuk - University,28.38287,36.48396,1/12/2021 0:00,13.7,0.5,243,3.7,2.1,0.1,1.5,,1420.9,420.6,528.6,4968,1569.8,2138.3,3774.5,913.8,482.2,16.3,0.1,39.6,3,929.3,4.6
Makkah - UQU,21.331,39.949,1/1/2017 0:00,25.2,0.5,97,4.2,2.2,0,1.2,,1664.4,477.9,423.9,4531.1,1165.3,1358.6,4250.1,905.9,333.6,11.5,0.1,50.6,3.2,979.9,5.2
Makkah - UQU,21.331,39.949,1/3/2018 0:00,29.5,0.5,249,4,2.4,0.1,1.4,,2243.4,115,486.7,6226.5,382.8,1215.4,6678.2,365.8,383.9,12.5,0.1,31.1,3,976.4,4.9
Makkah - UQU,21.331,39.949,1/4/2018 0:00,30.8,0.5,237,4,2.6,0.1,1.6,,2751.8,132.7,577.1,5487.3,290.2,1616.7,6886.4,309.7,783.6,18.9,0.1,31.7,3,974.3,4.9
Makkah - UQU,21.331,39.949,1/5/2018 0:00,35.1,0.5,258,4,2.9,0.1,1.8,,3080.4,107.1,656.3,5602.1,199.9,1439.5,7479.2,218.3,373.9,22.9,0.1,21.8,3,972.7,4.9
Makkah - UQU,21.331,39.949,1/6/2018 0:00,36.7,0.5,281,4,2.7,0.1,1.5,,3313.7,189.8,781.1,5070.5,239.2,1893.7,7310.5,367.7,621.6,13.1,0.1,21.8,3,970.5,4.9
Makkah - UQU,21.331,39.949,1/7/2018 0:00,36.3,0.5,278,3.7,2.7,0.1,1.5,,3111.1,150.3,642.1,5304.7,223.4,1495.9,7288.7,274.2,471.7,24.2,0.1,21.9,3,970.7,4.8
Makkah - UQU,21.331,39.949,1/8/2018 0:00,36,0.5,275,4,2.8,0.1,1.6,,2721.4,109.5,537.2,5482.6,207.9,1412.8,6950.1,242.4,536.5,32.5,0.1,24.3,3,971,4.9
Makkah - UQU,21.331,39.949,1/9/2018 0:00,,,,,,,,,,,,,,,,,,,,,,,
Makkah - UQU,21.331,39.949,1/1/2020 0:00,5.4,0.5,282,3.8,0.6,0,1.3,,348.6,122.7,571.8,1290.4,627.6,1917.1,4106.6,1352.3,939.8,9.3,0.1,8.3,3.1,,
Makkah - UQU,21.331,39.949,1/2/2020 0:00,24.2,0.5,244,3.7,2.4,0.1,1.4,,1823.6,585.5,555.7,3176.5,1281.7,1672.9,3893.2,1112.6,1177,13.6,0.1,44.3,3,979.7,4.9
Makkah - UQU,21.331,39.949,1/3/2020 0:00,27.3,0.5,240,4,2.4,0.1,1.4,,2373.9,636.9,578.3,4809.8,1355.8,1733.9,5865.7,1271.8,887,13.6,0.1,33.4,3,976.3,4.9
Makkah - UQU,21.331,39.949,1/4/2020 0:00,30.5,0.5,227,4,2.4,0.1,1.6,,2255.5,687.3,723.4,5559.8,1600,1624,6403,1379.2,433.1,12.3,0.1,29.6,3,975.3,4.9
Makkah - UQU,21.331,39.949,1/5/2020 0:00,34.8,0.5,244,4,2.4,0.1,1.8,,2609.2,649.6,624.8,5162.5,1380.4,1676.1,6591.3,1365.7,1060.1,21,0.1,23.1,3,973.9,4.9
Makkah - UQU,21.331,39.949,1/9/2020 0:00,35.3,0.5,212,3.7,1.8,0.1,1.9,,,,,4242,1301.3,1073.4,6293.8,2131.1,1095.4,31.2,0.1,34.2,3,971.3,4.8
Makkah - UQU,21.331,39.949,1/10/2020 0:00,32.4,0.5,244,4,1.6,0,1.9,,1686.9,261.4,575.8,6382.7,860.1,1513.1,5902.6,778.6,436.5,15.2,0.1,29.7,3,975.5,4.9
Makkah - UQU,21.331,39.949,1/11/2020 0:00,28.2,0.5,248,4,1.4,0,1.5,,1719.9,409.6,311.4,4421.1,1107,1501.2,4337.1,922,745.8,13.3,0.1,48.5,3,977.9,4.9
Makkah - UQU,21.331,39.949,1/12/2020 0:00,26.2,0.5,242,4,1.5,0,1.4,,1694.1,468,553,4523.4,1418.1,2272.3,4176.4,949.2,704,10.9,0.1,44.5,3,979,4.9
Makkah - UQU,21.331,39.949,1/1/2021 0:00,25,0.5,260,4,1.7,0,1.5,,1817.5,416.5,568.4,4750.3,1466.4,1843,4565.6,960.6,561.6,15.2,0.1,46.3,3,979.2,4.9
Makkah - UQU,21.331,39.949,1/2/2021 0:00,24.5,0.5,255,4,1.9,0,1.6,,1934.3,623.7,603.4,4678.4,1584.1,2404.8,4889,1246.8,1398.7,14.1,0.1,43.5,3,978.6,4.9
Makkah - UQU,21.331,39.949,1/3/2021 0:00,29.1,0.5,235,3.7,1.8,0,1.5,,2538.4,564.2,978.6,5233.3,1338.3,1722,6393.8,1283.6,558.9,12.5,0.1,33.2,3,976.3,4.9
Makkah - UQU,21.331,39.949,1/4/2021 0:00,31.2,0.5,265,3.7,2.3,0.1,2,,,,,4077.8,1396.3,2152.5,6679.4,1505.1,839.6,26.6,0.1,30.1,3,975.3,4.9
Makkah - UQU,21.331,39.949,1/5/2021 0:00,34.6,0.5,248,4,2,0,1.6,,2709.8,113.5,493.3,5090.8,213.4,1998.3,7485,482.3,667,18.9,0.1,26.3,3,972.9,4.9
Makkah - UQU,21.331,39.949,1/7/2021 0:00,35.7,0.5,245,4,2.4,0.1,1.6,,3277.3,677,487.5,4124,1130.2,1541.9,6611.6,1383,885.4,13.9,0.1,25.6,3,969.5,4.9
Makkah - UQU,21.331,39.949,1/8/2021 0:00,36.7,0.5,248,3.7,2.3,0,1.6,,,,,,,,,,,17.1,0.1,27.6,3,970.3,4.8
Makkah - UQU,21.331,39.949,1/9/2021 0:00,34.9,0.5,220,4,2.1,0,1.6,,2873.8,675.6,438.2,4043.6,1117.4,1189.5,5954.7,1253.2,510.9,24.5,0.1,34.2,3,971.5,4.9
Makkah - UQU,21.331,39.949,1/10/2021 0:00,33.1,0.5,169,4,1.8,0,1.5,,1969.6,87.6,442,5525.6,238.3,1116.3,5698,265.3,349.1,12.3,0.1,33.1,3,975.3,4.9
Makkah - UQU,21.331,39.949,1/11/2021 0:00,28.7,0.5,185,3.7,1.5,0,1.4,,2303.9,197.2,1280.5,3887.6,207.9,2602.1,4622.3,197.8,782.8,19.2,0.1,43.1,3,977.6,4.9
Makkah - UQU,21.331,39.949,1/12/2021 0:00,25.9,0.5,205,4,1.8,0,1.4,,1703.2,54.7,358.2,4285.1,178.9,1594.3,4094.5,132.4,556.5,14.9,0.1,47.7,3,979.4,4.9
Hail - TVTC,27.65261,41.70826,1/1/2017 0:00,12.2,0.5,173,4,3.4,0.1,1.8,,1329.8,353,441.4,5620.2,1430.9,2059.2,4169.5,903.2,625.1,14.4,0.1,35.6,3,912.4,4.6
Hail - TVTC,27.65261,41.70826,1/2/2017 0:00,10.8,0.5,164,4,3.5,0.1,1.7,,1599.7,467.2,614.3,6100.3,1698.9,2315.3,5086.2,1104.5,890.5,14.7,0.1,28.4,3,912.7,4.6
Hail - TVTC,27.65261,41.70826,1/3/2017 0:00,18.1,0.5,204,4,3.8,0.1,2.2,,2366.2,651.4,805.7,4584.1,1502.2,2325.4,5446.5,1198.4,808.5,17.1,0.1,28.3,3,908.3,4.6
Hail - TVTC,27.65261,41.70826,1/4/2017 0:00,23.9,0.5,175,4,4,0.1,2.2,,2984.1,793.9,778.6,3896.2,1507.5,2222.2,5863.9,1416.4,930.5,19.5,0.1,20.2,3,909.6,4.6
Hail - TVTC,27.65261,41.70826,1/5/2017 0:00,29,0.5,146,4,3.4,0.1,1.9,,3023.5,730.6,804.9,4219.2,1573.4,2123.1,6227.4,1497,1122.1,26.1,0.1,14.9,3,907.7,4.6
Hail - TVTC,27.65261,41.70826,1/6/2017 0:00,,,,,,,,,,,,,,,,,,,,,,,
Hail - TVTC,27.65261,41.70826,1/9/2017 0:00,32.6,0.5,189,3.7,3,0.1,1.6,,2359.7,188.9,529.1,5922.3,485,1459,6546,484.2,498.8,14.7,0.1,9.2,3,907.7,4.5
Hail - TVTC,27.65261,41.70826,1/10/2017 0:00,26.8,0.5,238,3.7,3.1,0.1,1.8,,1668.9,287.7,487.2,6630.7,1154.2,1526.1,5714.3,859,528.5,16.8,0.1,14.4,3,909.5,4.5
Hail - TVTC,27.65261,41.70826,1/11/2017 0:00,19.1,0.5,220,4,3.5,0.1,1.8,,1758.8,483.3,465.8,4498.5,1401.6,1916.2,4206.8,940.8,727.6,13.6,0.1,37.9,3,911.7,4.6
Hail - TVTC,27.65261,41.70826,1/3/2018 0:00,22.4,0.5,246,4,3.5,0.1,1.9,,2453.4,104.6,766.3,5651.8,250,2121.9,6241.9,197.1,784.2,17.9,0.1,19.7,3,909.8,4.6
Hail - TVTC,27.65261,41.70826,1/4/2018 0:00,22.3,0.5,242,3.7,3.7,0.1,2.1,,2866.1,113.8,778.6,5310.2,294.2,2406.3,6813.9,287.5,1089.7,25.3,0.1,31.2,3,907.1,4.5
Hail - TVTC,27.65261,41.70826,1/5/2018 0:00,27.9,0.5,313,4,3.5,0.1,2,,3265.7,129.1,772.6,4853.3,248.3,2496,6997.7,249.8,1183,20,0.1,19.1,3,907,4.5
Hail - TVTC,27.65261,41.70826,1/6/2018 0:00,32.6,0.5,56,4,3.2,0.1,1.7,,2404.7,127.4,869.3,7785.7,298.1,2051.8,8237.7,455.4,544.7,17.3,0.1,11.1,3,904.9,4.5
Hail - TVTC,27.65261,41.70826,1/7/2018 0:00,33.5,0.5,58,3.7,3,0.1,1.5,,2293.6,82.9,619.6,7876,273,1363.6,8175.3,5249.6,320,13.6,0.1,11.3,3,903.1,4.5
Hail - TVTC,27.65261,41.70826,1/8/2018 0:00,32.9,0.5,65,3.7,3.1,0.1,1.5,,,,,,,,,,,12.8,0.1,13.3,3,904.3,4.5
Hail - TVTC,27.65261,41.70826,1/9/2018 0:00,33.6,0.6,207,4.3,2.7,0.1,1.5,,2592.3,336,523.8,5069.1,931.9,1353.8,6236.9,883.1,543.7,16.3,0.1,10.2,3.5,907.7,5.2
Hail - TVTC,27.65261,41.70826,1/10/2018 0:00,,,,,,,,,,,,,,,,,,,,,,,
Hail - TVTC,27.65261,41.70826,1/11/2018 0:00,16,0.5,236,3.7,3.4,0.1,1.8,,1609.1,55,414.3,3496.3,194.4,2498.5,3453.8,129.7,1128.2,14.1,0.1,67.2,3,912,4.5
Hail - TVTC,27.65261,41.70826,1/12/2018 0:00,14.2,0.5,268,4,3.7,0.1,1.9,,1358.8,48.5,441.3,5098.9,182.9,1991.5,3842,114.3,549.1,14.7,0.1,52.8,3,913.2,4.6
Hail - TVTC,27.65261,41.70826,1/1/2019 0:00,13.9,0.5,286,3.7,3.6,0.1,1.9,,1815.2,72.7,587.9,3568,229.5,2573,3652.9,142.3,1022.1,14.7,0.1,39.3,3,911.7,4.5
Hail - TVTC,27.65261,41.70826,1/2/2019 0:00,13.5,0.5,263,4,3.5,0.1,1.9,,1713.1,68,586.1,5424.7,231.7,2946.4,4848.6,165.9,1274.8,16.8,0.1,41.7,3,911.5,4.6
Hail - TVTC,27.65261,41.70826,1/3/2019 0:00,15.9,0.5,353,4,3.7,0.1,2.2,,1872.9,106.1,895.2,7074.5,312.4,2811.8,6418.6,237.1,892.7,22.6,0.1,27.6,3,909.2,4.6
Hail - TVTC,27.65261,41.70826,1/4/2019 0:00,20.7,0.5,324,4,3.5,0.1,1.8,,2247.6,525,800.5,6405.1,1234.1,2643.2,6834.9,1162.8,1297.5,18.6,0.1,23.6,3,908.6,4.6
Hail - TVTC,27.65261,41.70826,1/5/2019 0:00,29.3,0.5,259,4,3.5,0.1,1.9,,2655.1,658.7,570.5,5407,1485.7,1716.7,6724.6,1504,921.9,21.6,0.1,14.8,3,907.8,4.6
Hail - TVTC,27.65261,41.70826,1/7/2019 0:00,33.7,0.5,86,4,3.1,0.1,1.4,,1864.7,299.8,567.2,8552.2,1677.1,1417.6,8184,1555.7,549.2,14.1,0.1,10.2,3,903.2,4.5
Hail - TVTC,27.65261,41.70826,1/8/2019 0:00,33.2,0.5,77,4,3.3,0.1,1.6,,1908.1,73.3,555,7915.6,273.6,1826.8,7644.2,231.9,672.2,20,0.1,11.1,3,904.4,4.5
Hail - TVTC,27.65261,41.70826,1/9/2019 0:00,33,0.5,275,4,3,0.1,1.6,,2017.6,97.7,695.2,6718.7,230.9,1826.3,6659,195,560.9,14.9,0.1,11.4,3,906.6,4.5
Hail - TVTC,27.65261,41.70826,1/10/2019 0:00,27.4,0.5,266,3.7,2.8,0.1,1.4,,1944.4,72.5,509.7,4869.2,212.2,1774.1,5007.4,150.1,660.8,19.2,0.1,24.9,3,909.9,4.5
Hail - TVTC,27.65261,41.70826,1/11/2019 0:00,18.1,0.5,260,4,3.3,0.1,1.8,,1514.5,62.2,489.8,4990.9,223.9,2427.4,4172.4,134.7,900.4,13.1,0.1,44.6,3,911.9,4.6
Hail - TVTC,27.65261,41.70826,1/12/2019 0:00,13.8,0.5,334,4,3,0.1,1.7,,973.4,45.7,366,6996.3,230,1472.9,4280.9,128.5,291.2,17.1,0.1,39.3,3,912,4.6
Hail - TVTC,27.65261,41.70826,1/1/2020 0:00,10.4,0.5,18,3.7,3.3,0.1,1.8,,1023.4,309.1,404.2,7158.7,1643.1,2085.3,4555.6,971.8,688.6,14.9,0.1,36.5,3,912.6,4.5
Hail - TVTC,27.65261,41.70826,1/2/2020 0:00,13.9,0.5,340,4,3.7,0.1,2.1,,1484.5,526.9,716.6,7092.4,1804.8,2330.4,5484.9,1194.5,619,18.1,0.1,33.9,3,911.9,4.6
Hail - TVTC,27.65261,41.70826,1/3/2020 0:00,18.4,0.5,341,3.7,4,0.1,2.2,,2168,583.6,784.6,6380.4,1798.6,2565.3,6371.4,1385,1020.8,20.5,0.1,26.2,3,908.6,4.5
Hail - TVTC,27.65261,41.70826,1/4/2020 0:00,22.9,0.5,295,4,3.9,0.1,2.4,,2498,679.9,752.6,6482.3,1764.5,2286.9,7199.2,1529.7,964.3,24.5,0.1,24.9,3,907.6,4.6
Hail - TVTC,27.65261,41.70826,1/5/2020 0:00,28.9,0.5,296,4,3.6,0.1,1.9,,2969.7,737.3,677.7,5666.2,1422.9,1805.6,7321.9,1483.8,713.2,18.4,0.1,13.3,3,908.3,4.6
Hail - TVTC,27.65261,41.70826,1/9/2020 0:00,32.5,0.5,234,4,2.8,0.1,1.5,,1980.6,516.1,495.7,7021.5,1657.1,1265.6,6805,1377.9,382.2,13.1,0.1,8.9,3,907.5,4.5
Hail - TVTC,27.65261,41.70826,1/10/2020 0:00,25.6,0.5,264,4,2.5,0,1.3,,1173.5,299.7,264.1,8055.1,1657.3,718.8,5948.5,1173.1,283.5,12,0.1,11.7,3,911.6,4.6
Hail - TVTC,27.65261,41.70826,1/11/2020 0:00,18.9,0.5,293,4,3.4,0.1,1.9,,1584.9,439.1,502.4,4907.3,1530,2054.9,4203.6,936.8,717.3,18.9,0.1,43.5,3,911.6,4.6
Hail - TVTC,27.65261,41.70826,1/12/2020 0:00,13.6,0.5,282,3.7,3.4,0.1,1.7,,1356.6,389.9,500.4,4611.2,1478.4,2611.9,3597.5,834.6,1033.4,12.3,0.1,52,3,913.3,4.5
Hail - TVTC,27.65261,41.70826,1/1/2021 0:00,13,0.5,301,4,3.3,0.1,1.6,,1441,406.6,534.3,5379,1623.1,2631.1,4205.5,956.2,946.3,13.9,0.1,43.9,3,913.5,4.6
Hail - TVTC,27.65261,41.70826,1/2/2021 0:00,14.5,0.5,311,4.1,3.7,0.1,1.9,,1657.8,486.5,641.4,5456.1,1671.1,3084.1,4818.3,1138.2,1421.6,14.1,0.1,41.7,3.1,912.1,4.8
Hail - TVTC,27.65261,41.70826,1/3/2021 0:00,20.4,0.5,317,4,3.9,0.1,2,,2499.7,661,986.7,5803.7,1728.5,2442.9,6358.1,1256.9,710.9,20.8,0.1,20.8,3,909.7,4.6
Hail - TVTC,27.65261,41.70826,1/4/2021 0:00,24.5,0.5,290,3.7,3.5,0.1,1.8,,2608.9,725.8,782.6,6535.3,1678.1,1977.9,7385.1,1462.3,771.7,16.8,0.1,15.1,3,910.1,4.5
Hail - TVTC,27.65261,41.70826,1/5/2021 0:00,30.6,0.5,63,4,3.2,0.1,1.7,,2423.3,432,737.7,6979.4,1286.6,2170.5,7637.6,1254.2,926.9,24.5,0.1,9.9,3,906.7,4.5
Hail - TVTC,27.65261,41.70826,1/7/2021 0:00,35.4,0.5,120,4,3.1,0.1,1.4,,2111.9,588.2,471.8,7682.1,1621.9,1143.6,7810.3,1535.2,312.8,15.2,0.1,9.8,3,902.3,4.5
Hail - TVTC,27.65261,41.70826,1/8/2021 0:00,34.5,0.5,34,3.7,3,0.1,1.6,,1929.6,70.3,460.1,7915.2,342.6,1140,7648,331.1,281.6,17.6,0.1,8.7,3,904.5,4.5
Hail - TVTC,27.65261,41.70826,1/9/2021 0:00,31.3,0.5,217,4,2.9,0.1,1.5,,2018.3,537.8,535.4,6679.7,1524.8,1290.1,6641.5,1325.9,351.5,14.9,0.1,13.4,3,906.8,4.5
Hail - TVTC,27.65261,41.70826,1/10/2021 0:00,27.8,0.5,306,4,3.1,0.1,1.6,,1749.6,116.6,354.4,6239.5,276.9,1141.4,5596.1,242.7,480.4,14.1,0.1,15,3,910.3,4.6
Hail - TVTC,27.65261,41.70826,1/11/2021 0:00,19.1,0.5,285,3.7,2.9,0.1,1.8,,1364.3,69,519.6,6071.7,252.2,1640.1,4565.9,167,364,12.5,0.1,28.5,3,912.3,4.5
Hail - TVTC,27.65261,41.70826,1/12/2021 0:00,,,,,,,,,,,,,,,,,,,,,,,
